{"L":"FATAL","T":"2026-08-30T14:33:00.918+0300","C":"app/app.go:122","M":"failed to initialize database connection","error":"database dsn is not provided","S":"github.com/artni96/GophProfile/internal/app.NewApp\n\t/Users/artni/Documents/Dev/GophProfile/internal/app/app.go:122\nmain.run\n\t/Users/artni/Documents/Dev/GophProfile/cmd/server/app.go:24\nmain.main\n\t/Users/artni/Documents/Dev/GophProfile/cmd/server/main.go:14\nruntime.main\n\t/Users/artni/go/pkg/mod/golang.org/toolchain@v0.0.1-go1.26.1.darwin-arm64/src/runtime/proc.go:290"}
{"L":"FATAL","T":"2026-08-30T14:34:14.636+0300","C":"app/app.go:122","M":"failed to initialize database connection","error":"database dsn is not provided","S":"github.com/artni96/GophProfile/internal/app.NewApp\n\t/Users/artni/Documents/Dev/GophProfile/internal/app/app.go:122\nmain.run\n\t/Users/artni/Documents/Dev/GophProfile/cmd/server/app.go:24\nmain.main\n\t/Users/artni/Documents/Dev/GophProfile/cmd/server/main.go:14\nruntime.main\n\t/Users/artni/go/pkg/mod/golang.org/toolchain@v0.0.1-go1.26.1.darwin-arm64/src/runtime/proc.go:290"}
{"L":"FATAL","T":"2026-08-30T14:50:06.498+0300","C":"app/app.go:122","M":"failed to initialize database connection","error":"failed to connect to database: sql: unknown driver \"pgx\" (forgotten import?)","S":"github.com/artni96/GophProfile/internal/app.NewApp\n\t/Users/artni/Documents/Dev/GophProfile/internal/app/app.go:122\nmain.run\n\t/Users/artni/Documents/Dev/GophProfile/cmd/server/app.go:24\nmain.main\n\t/Users/artni/Documents/Dev/GophProfile/cmd/server/main.go:14\nruntime.main\n\t/Users/artni/go/pkg/mod/golang.org/toolchain@v0.0.1-go1.27.0.darwin-arm64/src/runtime/proc.go:302"}
{"L":"FATAL","T":"2026-08-30T14:52:05.797+0300","C":"app/app.go:122","M":"failed to initialize database connection","error":"failed to connect to database: sql: unknown driver \"pgx\" (forgotten import?)","S":"github.com/artni96/GophProfile/internal/app.NewApp\n\t/Users/artni/Documents/Dev/GophProfile/internal/app/app.go:122\nmain.run\n\t/Users/artni/Documents/Dev/GophProfile/cmd/server/app.go:24\nmain.main\n\t/Users/artni/Documents/Dev/GophProfile/cmd/server/main.go:14\nruntime.main\n\t/Users/artni/go/pkg/mod/golang.org/toolchain@v0.0.1-go1.27.0.darwin-arm64/src/runtime/proc.go:302"}
{"L":"FATAL","T":"2026-08-30T14:52:16.746+0300","C":"app/app.go:122","M":"failed to initialize database connection","error":"failed to connect to database: sql: unknown driver \"pgx\" (forgotten import?)","S":"github.com/artni96/GophProfile/internal/app.NewApp\n\t/Users/artni/Documents/Dev/GophProfile/internal/app/app.go:122\nmain.run\n\t/Users/artni/Documents/Dev/GophProfile/cmd/server/app.go:24\nmain.main\n\t/Users/artni/Documents/Dev/GophProfile/cmd/server/main.go:14\nruntime.main\n\t/Users/artni/go/pkg/mod/golang.org/toolchain@v0.0.1-go1.27.0.darwin-arm64/src/runtime/proc.go:302"}
{"L":"FATAL","T":"2026-08-30T14:55:08.586+0300","C":"app/app.go:123","M":"failed to initialize database connection","error":"failed to connect to database: sql: unknown driver \"pgx\" (forgotten import?)","S":"github.com/artni96/GophProfile/internal/app.NewApp\n\t/Users/artni/Documents/Dev/GophProfile/internal/app/app.go:123\nmain.run\n\t/Users/artni/Documents/Dev/GophProfile/cmd/server/app.go:24\nmain.main\n\t/Users/artni/Documents/Dev/GophProfile/cmd/server/main.go:14\nruntime.main\n\t/Users/artni/go/pkg/mod/golang.org/toolchain@v0.0.1-go1.27.0.darwin-arm64/src/runtime/proc.go:302"}
{"L":"INFO","T":"2026-08-30T14:59:15.053+0300","C":"app/app.go:54","M":"database connection initialized successfully"}
{"L":"INFO","T":"2026-08-30T15:00:45.007+0300","C":"app/app.go:54","M":"database connection initialized successfully"}
{"L":"INFO","T":"2026-08-30T15:02:14.515+0300","C":"app/app.go:54","M":"database connection initialized successfully"}
{"L":"INFO","T":"2026-08-30T15:04:20.376+0300","C":"app/app.go:54","M":"database connection initialized successfully"}
{"L":"INFO","T":"2026-08-30T15:04:35.034+0300","C":"app/app.go:54","M":"database connection initialized successfully"}
{"L":"INFO","T":"2026-08-30T15:04:38.604+0300","C":"server/app.go:36","M":"shutting the app down","time":"2026-08-30T15:04:38.604+0300"}
{"L":"INFO","T":"2026-08-30T15:04:38.604+0300","C":"server/app.go:41","M":"app closed forcefully"}
{"L":"INFO","T":"2026-08-30T15:06:03.910+0300","C":"app/app.go:54","M":"database connection initialized successfully"}
{"L":"INFO","T":"2026-08-30T15:06:05.145+0300","C":"server/app.go:36","M":"shutting the app down","time":"2026-08-30T15:06:05.145+0300"}
{"L":"INFO","T":"2026-08-30T15:06:05.146+0300","C":"server/app.go:44","M":"app closed forcefully"}
{"L":"INFO","T":"2026-08-30T15:06:18.560+0300","C":"app/app.go:54","M":"database connection initialized successfully"}
{"L":"INFO","T":"2026-08-30T15:06:21.127+0300","C":"server/app.go:36","M":"shutting the app down","time":"2026-08-30T15:06:21.127+0300"}
{"L":"INFO","T":"2026-08-30T15:06:21.128+0300","C":"server/app.go:47","M":"app closed gracefully"}
{"L":"INFO","T":"2026-08-30T15:06:41.893+0300","C":"app/app.go:54","M":"database connection initialized successfully"}
{"L":"INFO","T":"2026-08-30T15:06:43.047+0300","C":"server/app.go:36","M":"shutting the app down","time":"2026-08-30T15:06:43.047+0300"}
{"L":"INFO","T":"2026-08-30T15:06:43.047+0300","C":"server/app.go:41","M":"app closed forcefully"}
{"L":"INFO","T":"2026-08-30T15:07:17.810+0300","C":"app/app.go:54","M":"database connection initialized successfully"}
{"L":"INFO","T":"2026-08-30T15:07:19.271+0300","C":"server/app.go:36","M":"shutting the app down","time":"2026-08-30T15:07:19.271+0300"}
{"L":"INFO","T":"2026-08-30T15:07:19.271+0300","C":"server/app.go:44","M":"app closed gracefully"}
{"L":"INFO","T":"2026-08-30T15:07:34.256+0300","C":"app/app.go:54","M":"database connection initialized successfully"}
{"L":"INFO","T":"2026-08-30T15:07:35.143+0300","C":"server/app.go:35","M":"shutting the app down"}
{"L":"INFO","T":"2026-08-30T15:07:35.143+0300","C":"server/app.go:43","M":"app closed gracefully"}
{"L":"INFO","T":"2026-08-30T15:08:33.405+0300","C":"app/app.go:54","M":"database connection initialized successfully"}
{"L":"INFO","T":"2026-08-30T15:08:33.977+0300","C":"server/app.go:35","M":"shutting the app down"}
{"L":"INFO","T":"2026-08-30T15:08:43.979+0300","C":"server/app.go:46","M":"app closed gracefully"}
{"L":"INFO","T":"2026-08-30T15:09:18.882+0300","C":"app/app.go:54","M":"database connection initialized successfully"}
{"L":"INFO","T":"2026-08-30T15:09:22.055+0300","C":"server/app.go:35","M":"shutting the app down"}
{"L":"INFO","T":"2026-08-30T15:09:24.328+0300","C":"app/app.go:54","M":"database connection initialized successfully"}
{"L":"INFO","T":"2026-08-30T15:09:29.778+0300","C":"server/app.go:35","M":"shutting the app down"}
{"L":"INFO","T":"2026-08-30T15:09:39.778+0300","C":"server/app.go:46","M":"app closed gracefully"}
{"L":"INFO","T":"2026-08-30T15:10:00.591+0300","C":"app/app.go:54","M":"database connection initialized successfully"}
{"L":"INFO","T":"2026-08-30T15:10:01.894+0300","C":"server/app.go:35","M":"shutting the app down"}
{"L":"INFO","T":"2026-08-30T15:10:11.894+0300","C":"server/app.go:46","M":"app closed gracefully"}
{"L":"INFO","T":"2026-08-30T15:11:03.119+0300","C":"app/app.go:54","M":"database connection initialized successfully"}
{"L":"INFO","T":"2026-08-30T15:11:05.877+0300","C":"server/app.go:35","M":"shutting the app down"}
{"L":"INFO","T":"2026-08-30T15:11:05.877+0300","C":"server/app.go:46","M":"app closed gracefully"}
{"L":"INFO","T":"2026-08-30T15:11:18.588+0300","C":"app/app.go:54","M":"database connection initialized successfully"}
{"L":"INFO","T":"2026-08-30T15:11:19.269+0300","C":"server/app.go:35","M":"shutting the app down"}
{"L":"INFO","T":"2026-08-30T15:11:24.270+0300","C":"server/app.go:43","M":"app closed forcefully"}
{"L":"INFO","T":"2026-08-30T15:12:01.889+0300","C":"app/app.go:54","M":"database connection initialized successfully"}
{"L":"INFO","T":"2026-08-30T15:12:02.907+0300","C":"server/app.go:35","M":"shutting the app down"}
{"L":"INFO","T":"2026-08-30T15:12:07.908+0300","C":"server/app.go:43","M":"grace period has been expired - app closed forcefully"}
{"L":"INFO","T":"2026-08-30T15:12:37.687+0300","C":"app/app.go:54","M":"database connection initialized successfully"}
{"L":"INFO","T":"2026-08-30T15:12:38.460+0300","C":"server/app.go:35","M":"shutting the app down"}
{"L":"INFO","T":"2026-08-30T15:12:38.460+0300","C":"server/app.go:46","M":"app closed gracefully"}
{"L":"INFO","T":"2026-08-30T15:49:53.710+0300","C":"app/app.go:54","M":"database connection initialized successfully"}
{"L":"INFO","T":"2026-08-30T16:53:34.925+0300","C":"server/app.go:35","M":"shutting the app down"}
{"L":"INFO","T":"2026-08-30T16:53:34.926+0300","C":"server/app.go:46","M":"app closed gracefully"}
{"L":"INFO","T":"2026-08-30T16:53:37.132+0300","C":"app/app.go:55","M":"database connection initialized successfully"}
{"L":"INFO","T":"2026-08-30T16:53:37.457+0300","C":"server/app.go:35","M":"shutting the app down"}
{"L":"INFO","T":"2026-08-30T16:53:37.457+0300","C":"server/app.go:46","M":"app closed gracefully"}
{"L":"INFO","T":"2026-08-30T16:53:51.678+0300","C":"app/app.go:55","M":"database connection initialized successfully"}
{"L":"INFO","T":"2026-08-30T16:54:15.207+0300","C":"server/app.go:35","M":"shutting the app down"}
{"L":"INFO","T":"2026-08-30T16:54:15.207+0300","C":"server/app.go:46","M":"app closed gracefully"}
{"L":"INFO","T":"2026-08-30T16:54:16.537+0300","C":"app/app.go:55","M":"database connection initialized successfully"}
{"L":"INFO","T":"2026-08-30T16:54:39.916+0300","C":"server/app.go:35","M":"shutting the app down"}
{"L":"INFO","T":"2026-08-30T16:54:39.917+0300","C":"server/app.go:46","M":"app closed gracefully"}
{"L":"INFO","T":"2026-08-30T16:54:40.737+0300","C":"app/app.go:55","M":"database connection initialized successfully"}
{"L":"ERROR","T":"2026-08-30T16:54:40.738+0300","C":"server/server.go:35","M":"failed to start HTTP server","error":"listen tcp 127.0.0.1:63342: bind: address already in use","S":"github.com/artni96/GophProfile/internal/server.(*HTTPServer).Run\n\t/Users/artni/Documents/Dev/GophProfile/internal/server/server.go:35\ngithub.com/artni96/GophProfile/internal/app.(*App).LaunchServer.func1\n\t/Users/artni/Documents/Dev/GophProfile/internal/app/app.go:97\ngolang.org/x/sync/errgroup.(*Group).Go.func1\n\t/Users/artni/go/pkg/mod/golang.org/x/sync@v0.18.0/errgroup/errgroup.go:93"}
{"L":"INFO","T":"2026-08-30T16:54:53.251+0300","C":"server/app.go:35","M":"shutting the app down"}
{"L":"INFO","T":"2026-08-30T16:54:53.251+0300","C":"server/app.go:46","M":"app closed gracefully"}
{"L":"INFO","T":"2026-08-30T16:56:05.472+0300","C":"app/app.go:55","M":"database connection initialized successfully"}
{"L":"ERROR","T":"2026-08-30T16:56:05.474+0300","C":"server/server.go:35","M":"failed to start HTTP server","error":"listen tcp 127.0.0.1:63342: bind: address already in use","S":"github.com/artni96/GophProfile/internal/server.(*HTTPServer).Run\n\t/Users/artni/Documents/Dev/GophProfile/internal/server/server.go:35\ngithub.com/artni96/GophProfile/internal/app.(*App).LaunchServer.func1\n\t/Users/artni/Documents/Dev/GophProfile/internal/app/app.go:97\ngolang.org/x/sync/errgroup.(*Group).Go.func1\n\t/Users/artni/go/pkg/mod/golang.org/x/sync@v0.18.0/errgroup/errgroup.go:93"}
{"L":"INFO","T":"2026-08-30T16:57:56.654+0300","C":"server/app.go:35","M":"shutting the app down"}
{"L":"INFO","T":"2026-08-30T16:57:56.655+0300","C":"server/app.go:46","M":"app closed gracefully"}
{"L":"INFO","T":"2026-08-30T16:57:57.124+0300","C":"app/app.go:55","M":"database connection initialized successfully"}
{"L":"INFO","T":"2026-08-30T16:59:25.869+0300","C":"server/app.go:35","M":"shutting the app down"}
{"L":"INFO","T":"2026-08-30T16:59:25.870+0300","C":"server/app.go:46","M":"app closed gracefully"}
{"L":"INFO","T":"2026-08-30T16:59:33.713+0300","C":"app/app.go:55","M":"database connection initialized successfully"}
{"L":"INFO","T":"2026-08-30T17:04:09.834+0300","C":"server/app.go:35","M":"shutting the app down"}
{"L":"INFO","T":"2026-08-30T17:04:09.835+0300","C":"server/app.go:46","M":"app closed gracefully"}
{"L":"INFO","T":"2026-08-30T17:04:12.667+0300","C":"app/app.go:58","M":"database connection initialized successfully"}
{"L":"INFO","T":"2026-08-30T17:04:15.366+0300","C":"server/app.go:35","M":"shutting the app down"}
{"L":"INFO","T":"2026-08-30T17:04:15.367+0300","C":"server/app.go:46","M":"app closed gracefully"}
{"L":"INFO","T":"2026-08-30T17:04:28.897+0300","C":"app/app.go:58","M":"database connection initialized successfully"}
{"L":"INFO","T":"2026-08-30T17:05:16.366+0300","C":"server/app.go:35","M":"shutting the app down"}
{"L":"INFO","T":"2026-08-30T17:05:16.366+0300","C":"server/app.go:46","M":"app closed gracefully"}
{"L":"INFO","T":"2026-08-30T17:05:18.881+0300","C":"app/app.go:58","M":"database connection initialized successfully"}
{"L":"INFO","T":"2026-08-30T17:06:20.330+0300","C":"server/app.go:35","M":"shutting the app down"}
{"L":"INFO","T":"2026-08-30T17:06:20.331+0300","C":"server/app.go:46","M":"app closed gracefully"}
{"L":"INFO","T":"2026-08-30T17:07:04.720+0300","C":"app/app.go:58","M":"database connection initialized successfully"}
{"L":"INFO","T":"2026-08-30T17:07:06.385+0300","C":"server/app.go:40","M":"shutting the app down"}
{"L":"INFO","T":"2026-08-30T17:07:06.385+0300","C":"server/app.go:51","M":"app closed gracefully"}
{"L":"INFO","T":"2026-08-30T17:07:29.480+0300","C":"app/app.go:58","M":"database connection initialized successfully"}
{"L":"INFO","T":"2026-08-30T17:07:31.252+0300","C":"server/app.go:40","M":"shutting the app down"}
{"L":"INFO","T":"2026-08-30T17:07:31.252+0300","C":"server/app.go:51","M":"app closed gracefully"}
{"L":"INFO","T":"2026-08-30T17:07:50.561+0300","C":"app/app.go:58","M":"database connection initialized successfully"}
{"L":"INFO","T":"2026-08-30T17:08:45.327+0300","C":"server/app.go:40","M":"shutting the app down"}
{"L":"INFO","T":"2026-08-30T17:08:45.876+0300","C":"server/app.go:51","M":"app closed gracefully"}
{"L":"INFO","T":"2026-09-03T22:37:40.641+0300","C":"app/app.go:58","M":"database connection initialized successfully"}
{"L":"INFO","T":"2026-09-03T22:38:38.742+0300","C":"server/app.go:40","M":"shutting the app down"}
{"L":"INFO","T":"2026-09-03T22:38:38.743+0300","C":"server/app.go:51","M":"app closed gracefully"}
{"L":"INFO","T":"2026-09-03T22:38:43.653+0300","C":"app/app.go:58","M":"database connection initialized successfully"}
{"L":"INFO","T":"2026-09-03T22:40:13.358+0300","C":"server/app.go:40","M":"shutting the app down"}
{"L":"INFO","T":"2026-09-03T22:40:13.358+0300","C":"server/app.go:51","M":"app closed gracefully"}
{"L":"INFO","T":"2026-09-03T22:40:15.311+0300","C":"app/app.go:58","M":"database connection initialized successfully"}
{"L":"INFO","T":"2026-09-03T23:02:08.761+0300","C":"server/app.go:40","M":"shutting the app down"}
{"L":"INFO","T":"2026-09-03T23:02:08.761+0300","C":"server/app.go:51","M":"app closed gracefully"}
{"L":"INFO","T":"2026-09-04T09:57:43.978+0300","C":"app/app.go:60","M":"database connection initialized successfully"}
{"L":"INFO","T":"2026-09-04T10:00:53.308+0300","C":"server/app.go:40","M":"shutting the app down"}
{"L":"INFO","T":"2026-09-04T10:00:53.326+0300","C":"server/app.go:51","M":"app closed gracefully"}
{"L":"INFO","T":"2026-09-04T10:00:54.809+0300","C":"app/app.go:60","M":"database connection initialized successfully"}
{"L":"INFO","T":"2026-09-04T10:02:23.290+0300","C":"server/app.go:40","M":"shutting the app down"}
{"L":"INFO","T":"2026-09-04T10:02:23.290+0300","C":"server/app.go:51","M":"app closed gracefully"}
{"L":"INFO","T":"2026-09-04T10:02:24.726+0300","C":"app/app.go:60","M":"database connection initialized successfully"}
{"L":"INFO","T":"2026-09-04T10:03:33.889+0300","C":"server/app.go:40","M":"shutting the app down"}
{"L":"INFO","T":"2026-09-04T10:03:33.890+0300","C":"server/app.go:51","M":"app closed gracefully"}
{"L":"INFO","T":"2026-09-04T10:03:35.258+0300","C":"app/app.go:60","M":"database connection initialized successfully"}
{"L":"INFO","T":"2026-09-04T10:06:01.648+0300","C":"server/app.go:40","M":"shutting the app down"}
{"L":"INFO","T":"2026-09-04T10:06:01.650+0300","C":"server/app.go:51","M":"app closed gracefully"}
{"L":"INFO","T":"2026-09-04T10:06:02.440+0300","C":"app/app.go:60","M":"database connection initialized successfully"}
{"L":"INFO","T":"2026-09-04T10:08:14.724+0300","C":"app/app.go:60","M":"database connection initialized successfully"}
{"L":"INFO","T":"2026-09-04T10:08:24.064+0300","C":"server/app.go:40","M":"shutting the app down"}
{"L":"INFO","T":"2026-09-04T10:08:24.065+0300","C":"server/app.go:51","M":"app closed gracefully"}
{"L":"INFO","T":"2026-09-04T10:08:34.286+0300","C":"app/app.go:60","M":"database connection initialized successfully"}
{"L":"INFO","T":"2026-09-04T10:09:32.958+0300","C":"server/app.go:40","M":"shutting the app down"}
{"L":"INFO","T":"2026-09-04T10:09:32.959+0300","C":"server/app.go:51","M":"app closed gracefully"}
{"L":"INFO","T":"2026-09-04T23:03:48.086+0300","C":"app/app.go:60","M":"database connection initialized successfully"}
{"L":"INFO","T":"2026-09-04T23:07:27.809+0300","C":"server/app.go:40","M":"shutting the app down"}
{"L":"INFO","T":"2026-09-04T23:07:27.847+0300","C":"server/app.go:51","M":"app closed gracefully"}
{"L":"INFO","T":"2026-09-04T23:07:29.318+0300","C":"app/app.go:60","M":"database connection initialized successfully"}
{"L":"INFO","T":"2026-09-04T23:14:50.579+0300","C":"server/app.go:40","M":"shutting the app down"}
{"L":"INFO","T":"2026-09-04T23:14:50.616+0300","C":"server/app.go:51","M":"app closed gracefully"}
{"L":"INFO","T":"2026-09-05T09:49:03.315+0300","C":"app/app.go:63","M":"database connection initialized successfully"}
{"L":"ERROR","T":"2026-09-05T09:50:04.354+0300","C":"avatars/avatars.go:32","M":"failed to save avatar","error":"ERROR: null value in column \"s3_key\" of relation \"avatars\" violates not-null constraint (SQLSTATE 23502)","S":"github.com/artni96/GophProfile/internal/repository/avatars.(*Repository).Save\n\t/Users/artni/Documents/Dev/GophProfile/internal/repository/avatars/avatars.go:32\ngithub.com/artni96/GophProfile/internal/services/avatars.(*Service).Save\n\t/Users/artni/Documents/Dev/GophProfile/internal/services/avatars/avatars.go:25\ngithub.com/artni96/GophProfile/internal/handlers.(*AvatarHandler).Upload\n\t/Users/artni/Documents/Dev/GophProfile/internal/handlers/handler.go:65\nnet/http.HandlerFunc.ServeHTTP\n\t/Users/artni/go/pkg/mod/golang.org/toolchain@v0.0.1-go1.27.0.darwin-arm64/src/net/http/server.go:2338\ngithub.com/go-chi/chi/v5.(*Mux).routeHTTP\n\t/Users/artni/go/pkg/mod/github.com/go-chi/chi/v5@v5.3.2/mux.go:483\nnet/http.HandlerFunc.ServeHTTP\n\t/Users/artni/go/pkg/mod/golang.org/toolchain@v0.0.1-go1.27.0.darwin-arm64/src/net/http/server.go:2338\ngithub.com/go-chi/chi/v5.(*Mux).ServeHTTP\n\t/Users/artni/go/pkg/mod/github.com/go-chi/chi/v5@v5.3.2/mux.go:73\ngithub.com/go-chi/chi/v5.(*Mux).Mount.func1\n\t/Users/artni/go/pkg/mod/github.com/go-chi/chi/v5@v5.3.2/mux.go:327\nnet/http.HandlerFunc.ServeHTTP\n\t/Users/artni/go/pkg/mod/golang.org/toolchain@v0.0.1-go1.27.0.darwin-arm64/src/net/http/server.go:2338\ngithub.com/go-chi/chi/v5.(*Mux).routeHTTP\n\t/Users/artni/go/pkg/mod/github.com/go-chi/chi/v5@v5.3.2/mux.go:483\nnet/http.HandlerFunc.ServeHTTP\n\t/Users/artni/go/pkg/mod/golang.org/toolchain@v0.0.1-go1.27.0.darwin-arm64/src/net/http/server.go:2338\ngithub.com/go-chi/chi/v5/middleware.Recoverer.func1\n\t/Users/artni/go/pkg/mod/github.com/go-chi/chi/v5@v5.3.2/middleware/recoverer.go:45\nnet/http.HandlerFunc.ServeHTTP\n\t/Users/artni/go/pkg/mod/golang.org/toolchain@v0.0.1-go1.27.0.darwin-arm64/src/net/http/server.go:2338\ngithub.com/go-chi/chi/v5/middleware.RequestID.func1\n\t/Users/artni/go/pkg/mod/github.com/go-chi/chi/v5@v5.3.2/middleware/request_id.go:76\nnet/http.HandlerFunc.ServeHTTP\n\t/Users/artni/go/pkg/mod/golang.org/toolchain@v0.0.1-go1.27.0.darwin-arm64/src/net/http/server.go:2338\ngithub.com/go-chi/chi/v5.(*Mux).ServeHTTP\n\t/Users/artni/go/pkg/mod/github.com/go-chi/chi/v5@v5.3.2/mux.go:73\ngithub.com/go-chi/chi/v5.(*Mux).Mount.func1\n\t/Users/artni/go/pkg/mod/github.com/go-chi/chi/v5@v5.3.2/mux.go:327\nnet/http.HandlerFunc.ServeHTTP\n\t/Users/artni/go/pkg/mod/golang.org/toolchain@v0.0.1-go1.27.0.darwin-arm64/src/net/http/server.go:2338\ngithub.com/go-chi/chi/v5.(*Mux).routeHTTP\n\t/Users/artni/go/pkg/mod/github.com/go-chi/chi/v5@v5.3.2/mux.go:483\nnet/http.HandlerFunc.ServeHTTP\n\t/Users/artni/go/pkg/mod/golang.org/toolchain@v0.0.1-go1.27.0.darwin-arm64/src/net/http/server.go:2338\ngithub.com/go-chi/chi/v5.(*Mux).ServeHTTP\n\t/Users/artni/go/pkg/mod/github.com/go-chi/chi/v5@v5.3.2/mux.go:90\nnet/http.serverHandler.ServeHTTP\n\t/Users/artni/go/pkg/mod/golang.org/toolchain@v0.0.1-go1.27.0.darwin-arm64/src/net/http/server.go:3413\nnet/http.(*conn).serve\n\t/Users/artni/go/pkg/mod/golang.org/toolchain@v0.0.1-go1.27.0.darwin-arm64/src/net/http/server.go:2137"}
{"L":"INFO","T":"2026-09-05T09:50:04.362+0300","C":"server/app.go:40","M":"shutting the app down"}
{"L":"INFO","T":"2026-09-05T09:50:04.362+0300","C":"server/app.go:51","M":"app closed gracefully"}
{"L":"INFO","T":"2026-09-05T10:27:14.219+0300","C":"app/app.go:63","M":"database connection initialized successfully"}
{"L":"INFO","T":"2026-09-05T10:29:34.237+0300","C":"server/app.go:40","M":"shutting the app down"}
{"L":"INFO","T":"2026-09-05T10:29:34.238+0300","C":"server/app.go:51","M":"app closed gracefully"}
{"L":"INFO","T":"2026-09-05T10:29:35.997+0300","C":"app/app.go:63","M":"database connection initialized successfully"}
{"L":"INFO","T":"2026-09-05T10:30:09.288+0300","C":"server/app.go:40","M":"shutting the app down"}
{"L":"INFO","T":"2026-09-05T10:30:09.288+0300","C":"server/app.go:51","M":"app closed gracefully"}
{"L":"INFO","T":"2026-09-05T10:30:10.396+0300","C":"app/app.go:63","M":"database connection initialized successfully"}
{"L":"INFO","T":"2026-09-05T10:30:29.033+0300","C":"server/app.go:40","M":"shutting the app down"}
{"L":"INFO","T":"2026-09-05T10:30:29.033+0300","C":"server/app.go:51","M":"app closed gracefully"}
{"L":"INFO","T":"2026-09-05T10:30:30.032+0300","C":"app/app.go:63","M":"database connection initialized successfully"}
{"L":"INFO","T":"2026-09-05T10:41:55.550+0300","C":"server/app.go:40","M":"shutting the app down"}
{"L":"INFO","T":"2026-09-05T10:41:55.550+0300","C":"server/app.go:51","M":"app closed gracefully"}
{"L":"INFO","T":"2026-09-05T10:41:57.505+0300","C":"app/app.go:63","M":"database connection initialized successfully"}
{"L":"INFO","T":"2026-09-05T10:45:26.047+0300","C":"server/app.go:40","M":"shutting the app down"}
{"L":"INFO","T":"2026-09-05T10:45:26.048+0300","C":"server/app.go:51","M":"app closed gracefully"}
{"L":"INFO","T":"2026-09-05T10:45:28.057+0300","C":"app/app.go:63","M":"database connection initialized successfully"}
{"L":"INFO","T":"2026-09-05T10:47:35.551+0300","C":"server/app.go:40","M":"shutting the app down"}
{"L":"INFO","T":"2026-09-05T10:47:35.552+0300","C":"server/app.go:51","M":"app closed gracefully"}
{"L":"INFO","T":"2026-09-05T10:47:40.209+0300","C":"app/app.go:63","M":"database connection initialized successfully"}
{"L":"INFO","T":"2026-09-05T10:47:47.712+0300","C":"server/app.go:40","M":"shutting the app down"}
{"L":"ERROR","T":"2026-09-05T10:47:47.713+0300","C":"avatars/avatars.go:32","M":"failed to save avatar","error":"ERROR: null value in column \"s3_key\" of relation \"avatars\" violates not-null constraint (SQLSTATE 23502)","S":"github.com/artni96/GophProfile/internal/repository/avatars.(*Repository).Save\n\t/Users/artni/Documents/Dev/GophProfile/internal/repository/avatars/avatars.go:32\ngithub.com/artni96/GophProfile/internal/services/avatars.(*Service).Save\n\t/Users/artni/Documents/Dev/GophProfile/internal/services/avatars/avatars.go:27\ngithub.com/artni96/GophProfile/internal/handlers.(*AvatarHandler).Upload\n\t/Users/artni/Documents/Dev/GophProfile/internal/handlers/handler.go:84\nnet/http.HandlerFunc.ServeHTTP\n\t/Users/artni/go/pkg/mod/golang.org/toolchain@v0.0.1-go1.27.0.darwin-arm64/src/net/http/server.go:2338\ngithub.com/go-chi/chi/v5.(*Mux).routeHTTP\n\t/Users/artni/go/pkg/mod/github.com/go-chi/chi/v5@v5.3.2/mux.go:483\nnet/http.HandlerFunc.ServeHTTP\n\t/Users/artni/go/pkg/mod/golang.org/toolchain@v0.0.1-go1.27.0.darwin-arm64/src/net/http/server.go:2338\ngithub.com/go-chi/chi/v5.(*Mux).ServeHTTP\n\t/Users/artni/go/pkg/mod/github.com/go-chi/chi/v5@v5.3.2/mux.go:73\ngithub.com/go-chi/chi/v5.(*Mux).Mount.func1\n\t/Users/artni/go/pkg/mod/github.com/go-chi/chi/v5@v5.3.2/mux.go:327\nnet/http.HandlerFunc.ServeHTTP\n\t/Users/artni/go/pkg/mod/golang.org/toolchain@v0.0.1-go1.27.0.darwin-arm64/src/net/http/server.go:2338\ngithub.com/go-chi/chi/v5.(*Mux).routeHTTP\n\t/Users/artni/go/pkg/mod/github.com/go-chi/chi/v5@v5.3.2/mux.go:483\nnet/http.HandlerFunc.ServeHTTP\n\t/Users/artni/go/pkg/mod/golang.org/toolchain@v0.0.1-go1.27.0.darwin-arm64/src/net/http/server.go:2338\ngithub.com/go-chi/chi/v5/middleware.Recoverer.func1\n\t/Users/artni/go/pkg/mod/github.com/go-chi/chi/v5@v5.3.2/middleware/recoverer.go:45\nnet/http.HandlerFunc.ServeHTTP\n\t/Users/artni/go/pkg/mod/golang.org/toolchain@v0.0.1-go1.27.0.darwin-arm64/src/net/http/server.go:2338\ngithub.com/go-chi/chi/v5/middleware.RequestID.func1\n\t/Users/artni/go/pkg/mod/github.com/go-chi/chi/v5@v5.3.2/middleware/request_id.go:76\nnet/http.HandlerFunc.ServeHTTP\n\t/Users/artni/go/pkg/mod/golang.org/toolchain@v0.0.1-go1.27.0.darwin-arm64/src/net/http/server.go:2338\ngithub.com/go-chi/chi/v5.(*Mux).ServeHTTP\n\t/Users/artni/go/pkg/mod/github.com/go-chi/chi/v5@v5.3.2/mux.go:73\ngithub.com/go-chi/chi/v5.(*Mux).Mount.func1\n\t/Users/artni/go/pkg/mod/github.com/go-chi/chi/v5@v5.3.2/mux.go:327\nnet/http.HandlerFunc.ServeHTTP\n\t/Users/artni/go/pkg/mod/golang.org/toolchain@v0.0.1-go1.27.0.darwin-arm64/src/net/http/server.go:2338\ngithub.com/go-chi/chi/v5.(*Mux).routeHTTP\n\t/Users/artni/go/pkg/mod/github.com/go-chi/chi/v5@v5.3.2/mux.go:483\nnet/http.HandlerFunc.ServeHTTP\n\t/Users/artni/go/pkg/mod/golang.org/toolchain@v0.0.1-go1.27.0.darwin-arm64/src/net/http/server.go:2338\ngithub.com/go-chi/chi/v5.(*Mux).ServeHTTP\n\t/Users/artni/go/pkg/mod/github.com/go-chi/chi/v5@v5.3.2/mux.go:90\nnet/http.serverHandler.ServeHTTP\n\t/Users/artni/go/pkg/mod/golang.org/toolchain@v0.0.1-go1.27.0.darwin-arm64/src/net/http/server.go:3413\nnet/http.(*conn).serve\n\t/Users/artni/go/pkg/mod/golang.org/toolchain@v0.0.1-go1.27.0.darwin-arm64/src/net/http/server.go:2137"}
{"L":"INFO","T":"2026-09-05T10:47:47.716+0300","C":"server/app.go:51","M":"app closed gracefully"}
{"L":"INFO","T":"2026-09-05T10:47:53.529+0300","C":"app/app.go:63","M":"database connection initialized successfully"}
{"L":"ERROR","T":"2026-09-05T10:47:54.038+0300","C":"avatars/avatars.go:32","M":"failed to save avatar","error":"ERROR: null value in column \"s3_key\" of relation \"avatars\" violates not-null constraint (SQLSTATE 23502)","S":"github.com/artni96/GophProfile/internal/repository/avatars.(*Repository).Save\n\t/Users/artni/Documents/Dev/GophProfile/internal/repository/avatars/avatars.go:32\ngithub.com/artni96/GophProfile/internal/services/avatars.(*Service).Save\n\t/Users/artni/Documents/Dev/GophProfile/internal/services/avatars/avatars.go:27\ngithub.com/artni96/GophProfile/internal/handlers.(*AvatarHandler).Upload\n\t/Users/artni/Documents/Dev/GophProfile/internal/handlers/handler.go:84\nnet/http.HandlerFunc.ServeHTTP\n\t/Users/artni/go/pkg/mod/golang.org/toolchain@v0.0.1-go1.27.0.darwin-arm64/src/net/http/server.go:2338\ngithub.com/go-chi/chi/v5.(*Mux).routeHTTP\n\t/Users/artni/go/pkg/mod/github.com/go-chi/chi/v5@v5.3.2/mux.go:483\nnet/http.HandlerFunc.ServeHTTP\n\t/Users/artni/go/pkg/mod/golang.org/toolchain@v0.0.1-go1.27.0.darwin-arm64/src/net/http/server.go:2338\ngithub.com/go-chi/chi/v5.(*Mux).ServeHTTP\n\t/Users/artni/go/pkg/mod/github.com/go-chi/chi/v5@v5.3.2/mux.go:73\ngithub.com/go-chi/chi/v5.(*Mux).Mount.func1\n\t/Users/artni/go/pkg/mod/github.com/go-chi/chi/v5@v5.3.2/mux.go:327\nnet/http.HandlerFunc.ServeHTTP\n\t/Users/artni/go/pkg/mod/golang.org/toolchain@v0.0.1-go1.27.0.darwin-arm64/src/net/http/server.go:2338\ngithub.com/go-chi/chi/v5.(*Mux).routeHTTP\n\t/Users/artni/go/pkg/mod/github.com/go-chi/chi/v5@v5.3.2/mux.go:483\nnet/http.HandlerFunc.ServeHTTP\n\t/Users/artni/go/pkg/mod/golang.org/toolchain@v0.0.1-go1.27.0.darwin-arm64/src/net/http/server.go:2338\ngithub.com/go-chi/chi/v5/middleware.Recoverer.func1\n\t/Users/artni/go/pkg/mod/github.com/go-chi/chi/v5@v5.3.2/middleware/recoverer.go:45\nnet/http.HandlerFunc.ServeHTTP\n\t/Users/artni/go/pkg/mod/golang.org/toolchain@v0.0.1-go1.27.0.darwin-arm64/src/net/http/server.go:2338\ngithub.com/go-chi/chi/v5/middleware.RequestID.func1\n\t/Users/artni/go/pkg/mod/github.com/go-chi/chi/v5@v5.3.2/middleware/request_id.go:76\nnet/http.HandlerFunc.ServeHTTP\n\t/Users/artni/go/pkg/mod/golang.org/toolchain@v0.0.1-go1.27.0.darwin-arm64/src/net/http/server.go:2338\ngithub.com/go-chi/chi/v5.(*Mux).ServeHTTP\n\t/Users/artni/go/pkg/mod/github.com/go-chi/chi/v5@v5.3.2/mux.go:73\ngithub.com/go-chi/chi/v5.(*Mux).Mount.func1\n\t/Users/artni/go/pkg/mod/github.com/go-chi/chi/v5@v5.3.2/mux.go:327\nnet/http.HandlerFunc.ServeHTTP\n\t/Users/artni/go/pkg/mod/golang.org/toolchain@v0.0.1-go1.27.0.darwin-arm64/src/net/http/server.go:2338\ngithub.com/go-chi/chi/v5.(*Mux).routeHTTP\n\t/Users/artni/go/pkg/mod/github.com/go-chi/chi/v5@v5.3.2/mux.go:483\nnet/http.HandlerFunc.ServeHTTP\n\t/Users/artni/go/pkg/mod/golang.org/toolchain@v0.0.1-go1.27.0.darwin-arm64/src/net/http/server.go:2338\ngithub.com/go-chi/chi/v5.(*Mux).ServeHTTP\n\t/Users/artni/go/pkg/mod/github.com/go-chi/chi/v5@v5.3.2/mux.go:90\nnet/http.serverHandler.ServeHTTP\n\t/Users/artni/go/pkg/mod/golang.org/toolchain@v0.0.1-go1.27.0.darwin-arm64/src/net/http/server.go:3413\nnet/http.(*conn).serve\n\t/Users/artni/go/pkg/mod/golang.org/toolchain@v0.0.1-go1.27.0.darwin-arm64/src/net/http/server.go:2137"}
{"L":"INFO","T":"2026-09-05T10:53:34.047+0300","C":"server/app.go:40","M":"shutting the app down"}
{"L":"INFO","T":"2026-09-05T10:53:34.047+0300","C":"server/app.go:51","M":"app closed gracefully"}
{"L":"INFO","T":"2026-09-05T10:53:35.147+0300","C":"app/app.go:63","M":"database connection initialized successfully"}
{"L":"ERROR","T":"2026-09-05T10:53:37.554+0300","C":"avatars/avatars.go:32","M":"failed to save avatar","error":"ERROR: null value in column \"s3_key\" of relation \"avatars\" violates not-null constraint (SQLSTATE 23502)","S":"github.com/artni96/GophProfile/internal/repository/avatars.(*Repository).Save\n\t/Users/artni/Documents/Dev/GophProfile/internal/repository/avatars/avatars.go:32\ngithub.com/artni96/GophProfile/internal/services/avatars.(*Service).Save\n\t/Users/artni/Documents/Dev/GophProfile/internal/services/avatars/avatars.go:27\ngithub.com/artni96/GophProfile/internal/handlers.(*AvatarHandler).Upload\n\t/Users/artni/Documents/Dev/GophProfile/internal/handlers/handler.go:88\nnet/http.HandlerFunc.ServeHTTP\n\t/Users/artni/go/pkg/mod/golang.org/toolchain@v0.0.1-go1.27.0.darwin-arm64/src/net/http/server.go:2338\ngithub.com/go-chi/chi/v5.(*Mux).routeHTTP\n\t/Users/artni/go/pkg/mod/github.com/go-chi/chi/v5@v5.3.2/mux.go:483\nnet/http.HandlerFunc.ServeHTTP\n\t/Users/artni/go/pkg/mod/golang.org/toolchain@v0.0.1-go1.27.0.darwin-arm64/src/net/http/server.go:2338\ngithub.com/go-chi/chi/v5.(*Mux).ServeHTTP\n\t/Users/artni/go/pkg/mod/github.com/go-chi/chi/v5@v5.3.2/mux.go:73\ngithub.com/go-chi/chi/v5.(*Mux).Mount.func1\n\t/Users/artni/go/pkg/mod/github.com/go-chi/chi/v5@v5.3.2/mux.go:327\nnet/http.HandlerFunc.ServeHTTP\n\t/Users/artni/go/pkg/mod/golang.org/toolchain@v0.0.1-go1.27.0.darwin-arm64/src/net/http/server.go:2338\ngithub.com/go-chi/chi/v5.(*Mux).routeHTTP\n\t/Users/artni/go/pkg/mod/github.com/go-chi/chi/v5@v5.3.2/mux.go:483\nnet/http.HandlerFunc.ServeHTTP\n\t/Users/artni/go/pkg/mod/golang.org/toolchain@v0.0.1-go1.27.0.darwin-arm64/src/net/http/server.go:2338\ngithub.com/go-chi/chi/v5/middleware.Recoverer.func1\n\t/Users/artni/go/pkg/mod/github.com/go-chi/chi/v5@v5.3.2/middleware/recoverer.go:45\nnet/http.HandlerFunc.ServeHTTP\n\t/Users/artni/go/pkg/mod/golang.org/toolchain@v0.0.1-go1.27.0.darwin-arm64/src/net/http/server.go:2338\ngithub.com/go-chi/chi/v5/middleware.RequestID.func1\n\t/Users/artni/go/pkg/mod/github.com/go-chi/chi/v5@v5.3.2/middleware/request_id.go:76\nnet/http.HandlerFunc.ServeHTTP\n\t/Users/artni/go/pkg/mod/golang.org/toolchain@v0.0.1-go1.27.0.darwin-arm64/src/net/http/server.go:2338\ngithub.com/go-chi/chi/v5.(*Mux).ServeHTTP\n\t/Users/artni/go/pkg/mod/github.com/go-chi/chi/v5@v5.3.2/mux.go:73\ngithub.com/go-chi/chi/v5.(*Mux).Mount.func1\n\t/Users/artni/go/pkg/mod/github.com/go-chi/chi/v5@v5.3.2/mux.go:327\nnet/http.HandlerFunc.ServeHTTP\n\t/Users/artni/go/pkg/mod/golang.org/toolchain@v0.0.1-go1.27.0.darwin-arm64/src/net/http/server.go:2338\ngithub.com/go-chi/chi/v5.(*Mux).routeHTTP\n\t/Users/artni/go/pkg/mod/github.com/go-chi/chi/v5@v5.3.2/mux.go:483\nnet/http.HandlerFunc.ServeHTTP\n\t/Users/artni/go/pkg/mod/golang.org/toolchain@v0.0.1-go1.27.0.darwin-arm64/src/net/http/server.go:2338\ngithub.com/go-chi/chi/v5.(*Mux).ServeHTTP\n\t/Users/artni/go/pkg/mod/github.com/go-chi/chi/v5@v5.3.2/mux.go:90\nnet/http.serverHandler.ServeHTTP\n\t/Users/artni/go/pkg/mod/golang.org/toolchain@v0.0.1-go1.27.0.darwin-arm64/src/net/http/server.go:3413\nnet/http.(*conn).serve\n\t/Users/artni/go/pkg/mod/golang.org/toolchain@v0.0.1-go1.27.0.darwin-arm64/src/net/http/server.go:2137"}
{"L":"INFO","T":"2026-09-05T10:53:48.341+0300","C":"server/app.go:40","M":"shutting the app down"}
{"L":"INFO","T":"2026-09-05T10:53:48.341+0300","C":"server/app.go:51","M":"app closed gracefully"}
{"L":"INFO","T":"2026-09-05T10:53:49.385+0300","C":"app/app.go:63","M":"database connection initialized successfully"}
{"L":"ERROR","T":"2026-09-05T10:53:50.523+0300","C":"avatars/avatars.go:32","M":"failed to save avatar","error":"ERROR: null value in column \"s3_key\" of relation \"avatars\" violates not-null constraint (SQLSTATE 23502)","S":"github.com/artni96/GophProfile/internal/repository/avatars.(*Repository).Save\n\t/Users/artni/Documents/Dev/GophProfile/internal/repository/avatars/avatars.go:32\ngithub.com/artni96/GophProfile/internal/services/avatars.(*Service).Save\n\t/Users/artni/Documents/Dev/GophProfile/internal/services/avatars/avatars.go:27\ngithub.com/artni96/GophProfile/internal/handlers.(*AvatarHandler).Upload\n\t/Users/artni/Documents/Dev/GophProfile/internal/handlers/handler.go:88\nnet/http.HandlerFunc.ServeHTTP\n\t/Users/artni/go/pkg/mod/golang.org/toolchain@v0.0.1-go1.27.0.darwin-arm64/src/net/http/server.go:2338\ngithub.com/go-chi/chi/v5.(*Mux).routeHTTP\n\t/Users/artni/go/pkg/mod/github.com/go-chi/chi/v5@v5.3.2/mux.go:483\nnet/http.HandlerFunc.ServeHTTP\n\t/Users/artni/go/pkg/mod/golang.org/toolchain@v0.0.1-go1.27.0.darwin-arm64/src/net/http/server.go:2338\ngithub.com/go-chi/chi/v5.(*Mux).ServeHTTP\n\t/Users/artni/go/pkg/mod/github.com/go-chi/chi/v5@v5.3.2/mux.go:73\ngithub.com/go-chi/chi/v5.(*Mux).Mount.func1\n\t/Users/artni/go/pkg/mod/github.com/go-chi/chi/v5@v5.3.2/mux.go:327\nnet/http.HandlerFunc.ServeHTTP\n\t/Users/artni/go/pkg/mod/golang.org/toolchain@v0.0.1-go1.27.0.darwin-arm64/src/net/http/server.go:2338\ngithub.com/go-chi/chi/v5.(*Mux).routeHTTP\n\t/Users/artni/go/pkg/mod/github.com/go-chi/chi/v5@v5.3.2/mux.go:483\nnet/http.HandlerFunc.ServeHTTP\n\t/Users/artni/go/pkg/mod/golang.org/toolchain@v0.0.1-go1.27.0.darwin-arm64/src/net/http/server.go:2338\ngithub.com/go-chi/chi/v5/middleware.Recoverer.func1\n\t/Users/artni/go/pkg/mod/github.com/go-chi/chi/v5@v5.3.2/middleware/recoverer.go:45\nnet/http.HandlerFunc.ServeHTTP\n\t/Users/artni/go/pkg/mod/golang.org/toolchain@v0.0.1-go1.27.0.darwin-arm64/src/net/http/server.go:2338\ngithub.com/go-chi/chi/v5/middleware.RequestID.func1\n\t/Users/artni/go/pkg/mod/github.com/go-chi/chi/v5@v5.3.2/middleware/request_id.go:76\nnet/http.HandlerFunc.ServeHTTP\n\t/Users/artni/go/pkg/mod/golang.org/toolchain@v0.0.1-go1.27.0.darwin-arm64/src/net/http/server.go:2338\ngithub.com/go-chi/chi/v5.(*Mux).ServeHTTP\n\t/Users/artni/go/pkg/mod/github.com/go-chi/chi/v5@v5.3.2/mux.go:73\ngithub.com/go-chi/chi/v5.(*Mux).Mount.func1\n\t/Users/artni/go/pkg/mod/github.com/go-chi/chi/v5@v5.3.2/mux.go:327\nnet/http.HandlerFunc.ServeHTTP\n\t/Users/artni/go/pkg/mod/golang.org/toolchain@v0.0.1-go1.27.0.darwin-arm64/src/net/http/server.go:2338\ngithub.com/go-chi/chi/v5.(*Mux).routeHTTP\n\t/Users/artni/go/pkg/mod/github.com/go-chi/chi/v5@v5.3.2/mux.go:483\nnet/http.HandlerFunc.ServeHTTP\n\t/Users/artni/go/pkg/mod/golang.org/toolchain@v0.0.1-go1.27.0.darwin-arm64/src/net/http/server.go:2338\ngithub.com/go-chi/chi/v5.(*Mux).ServeHTTP\n\t/Users/artni/go/pkg/mod/github.com/go-chi/chi/v5@v5.3.2/mux.go:90\nnet/http.serverHandler.ServeHTTP\n\t/Users/artni/go/pkg/mod/golang.org/toolchain@v0.0.1-go1.27.0.darwin-arm64/src/net/http/server.go:3413\nnet/http.(*conn).serve\n\t/Users/artni/go/pkg/mod/golang.org/toolchain@v0.0.1-go1.27.0.darwin-arm64/src/net/http/server.go:2137"}
{"L":"INFO","T":"2026-09-05T10:53:57.838+0300","C":"server/app.go:40","M":"shutting the app down"}
{"L":"INFO","T":"2026-09-05T10:53:57.838+0300","C":"server/app.go:51","M":"app closed gracefully"}
{"L":"INFO","T":"2026-09-05T10:53:59.459+0300","C":"app/app.go:63","M":"database connection initialized successfully"}
{"L":"ERROR","T":"2026-09-05T10:55:21.367+0300","C":"avatars/avatars.go:32","M":"failed to save avatar","error":"ERROR: null value in column \"s3_key\" of relation \"avatars\" violates not-null constraint (SQLSTATE 23502)","S":"github.com/artni96/GophProfile/internal/repository/avatars.(*Repository).Save\n\t/Users/artni/Documents/Dev/GophProfile/internal/repository/avatars/avatars.go:32\ngithub.com/artni96/GophProfile/internal/services/avatars.(*Service).Save\n\t/Users/artni/Documents/Dev/GophProfile/internal/services/avatars/avatars.go:27\ngithub.com/artni96/GophProfile/internal/handlers.(*AvatarHandler).Upload\n\t/Users/artni/Documents/Dev/GophProfile/internal/handlers/handler.go:88\nnet/http.HandlerFunc.ServeHTTP\n\t/Users/artni/go/pkg/mod/golang.org/toolchain@v0.0.1-go1.27.0.darwin-arm64/src/net/http/server.go:2338\ngithub.com/go-chi/chi/v5.(*Mux).routeHTTP\n\t/Users/artni/go/pkg/mod/github.com/go-chi/chi/v5@v5.3.2/mux.go:483\nnet/http.HandlerFunc.ServeHTTP\n\t/Users/artni/go/pkg/mod/golang.org/toolchain@v0.0.1-go1.27.0.darwin-arm64/src/net/http/server.go:2338\ngithub.com/go-chi/chi/v5.(*Mux).ServeHTTP\n\t/Users/artni/go/pkg/mod/github.com/go-chi/chi/v5@v5.3.2/mux.go:73\ngithub.com/go-chi/chi/v5.(*Mux).Mount.func1\n\t/Users/artni/go/pkg/mod/github.com/go-chi/chi/v5@v5.3.2/mux.go:327\nnet/http.HandlerFunc.ServeHTTP\n\t/Users/artni/go/pkg/mod/golang.org/toolchain@v0.0.1-go1.27.0.darwin-arm64/src/net/http/server.go:2338\ngithub.com/go-chi/chi/v5.(*Mux).routeHTTP\n\t/Users/artni/go/pkg/mod/github.com/go-chi/chi/v5@v5.3.2/mux.go:483\nnet/http.HandlerFunc.ServeHTTP\n\t/Users/artni/go/pkg/mod/golang.org/toolchain@v0.0.1-go1.27.0.darwin-arm64/src/net/http/server.go:2338\ngithub.com/go-chi/chi/v5/middleware.Recoverer.func1\n\t/Users/artni/go/pkg/mod/github.com/go-chi/chi/v5@v5.3.2/middleware/recoverer.go:45\nnet/http.HandlerFunc.ServeHTTP\n\t/Users/artni/go/pkg/mod/golang.org/toolchain@v0.0.1-go1.27.0.darwin-arm64/src/net/http/server.go:2338\ngithub.com/go-chi/chi/v5/middleware.RequestID.func1\n\t/Users/artni/go/pkg/mod/github.com/go-chi/chi/v5@v5.3.2/middleware/request_id.go:76\nnet/http.HandlerFunc.ServeHTTP\n\t/Users/artni/go/pkg/mod/golang.org/toolchain@v0.0.1-go1.27.0.darwin-arm64/src/net/http/server.go:2338\ngithub.com/go-chi/chi/v5.(*Mux).ServeHTTP\n\t/Users/artni/go/pkg/mod/github.com/go-chi/chi/v5@v5.3.2/mux.go:73\ngithub.com/go-chi/chi/v5.(*Mux).Mount.func1\n\t/Users/artni/go/pkg/mod/github.com/go-chi/chi/v5@v5.3.2/mux.go:327\nnet/http.HandlerFunc.ServeHTTP\n\t/Users/artni/go/pkg/mod/golang.org/toolchain@v0.0.1-go1.27.0.darwin-arm64/src/net/http/server.go:2338\ngithub.com/go-chi/chi/v5.(*Mux).routeHTTP\n\t/Users/artni/go/pkg/mod/github.com/go-chi/chi/v5@v5.3.2/mux.go:483\nnet/http.HandlerFunc.ServeHTTP\n\t/Users/artni/go/pkg/mod/golang.org/toolchain@v0.0.1-go1.27.0.darwin-arm64/src/net/http/server.go:2338\ngithub.com/go-chi/chi/v5.(*Mux).ServeHTTP\n\t/Users/artni/go/pkg/mod/github.com/go-chi/chi/v5@v5.3.2/mux.go:90\nnet/http.serverHandler.ServeHTTP\n\t/Users/artni/go/pkg/mod/golang.org/toolchain@v0.0.1-go1.27.0.darwin-arm64/src/net/http/server.go:3413\nnet/http.(*conn).serve\n\t/Users/artni/go/pkg/mod/golang.org/toolchain@v0.0.1-go1.27.0.darwin-arm64/src/net/http/server.go:2137"}
{"L":"INFO","T":"2026-09-05T10:55:21.371+0300","C":"server/app.go:40","M":"shutting the app down"}
{"L":"INFO","T":"2026-09-05T10:55:21.371+0300","C":"server/app.go:51","M":"app closed gracefully"}
{"L":"INFO","T":"2026-09-05T10:55:22.761+0300","C":"app/app.go:63","M":"database connection initialized successfully"}
{"L":"INFO","T":"2026-09-05T11:02:23.973+0300","C":"server/app.go:40","M":"shutting the app down"}
{"L":"INFO","T":"2026-09-05T11:02:23.974+0300","C":"server/app.go:51","M":"app closed gracefully"}
{"L":"INFO","T":"2026-09-05T11:02:25.404+0300","C":"app/app.go:63","M":"database connection initialized successfully"}
{"L":"ERROR","T":"2026-09-05T11:02:31.514+0300","C":"avatars/avatars.go:34","M":"failed to save avatar","error":"must pass a pointer, not a value, to StructScan destination","S":"github.com/artni96/GophProfile/internal/repository/avatars.(*Repository).Save\n\t/Users/artni/Documents/Dev/GophProfile/internal/repository/avatars/avatars.go:34\ngithub.com/artni96/GophProfile/internal/services/avatars.(*Service).Save\n\t/Users/artni/Documents/Dev/GophProfile/internal/services/avatars/avatars.go:27\ngithub.com/artni96/GophProfile/internal/handlers.(*AvatarHandler).Upload\n\t/Users/artni/Documents/Dev/GophProfile/internal/handlers/handler.go:88\nnet/http.HandlerFunc.ServeHTTP\n\t/Users/artni/go/pkg/mod/golang.org/toolchain@v0.0.1-go1.27.0.darwin-arm64/src/net/http/server.go:2338\ngithub.com/go-chi/chi/v5.(*Mux).routeHTTP\n\t/Users/artni/go/pkg/mod/github.com/go-chi/chi/v5@v5.3.2/mux.go:483\nnet/http.HandlerFunc.ServeHTTP\n\t/Users/artni/go/pkg/mod/golang.org/toolchain@v0.0.1-go1.27.0.darwin-arm64/src/net/http/server.go:2338\ngithub.com/go-chi/chi/v5.(*Mux).ServeHTTP\n\t/Users/artni/go/pkg/mod/github.com/go-chi/chi/v5@v5.3.2/mux.go:73\ngithub.com/go-chi/chi/v5.(*Mux).Mount.func1\n\t/Users/artni/go/pkg/mod/github.com/go-chi/chi/v5@v5.3.2/mux.go:327\nnet/http.HandlerFunc.ServeHTTP\n\t/Users/artni/go/pkg/mod/golang.org/toolchain@v0.0.1-go1.27.0.darwin-arm64/src/net/http/server.go:2338\ngithub.com/go-chi/chi/v5.(*Mux).routeHTTP\n\t/Users/artni/go/pkg/mod/github.com/go-chi/chi/v5@v5.3.2/mux.go:483\nnet/http.HandlerFunc.ServeHTTP\n\t/Users/artni/go/pkg/mod/golang.org/toolchain@v0.0.1-go1.27.0.darwin-arm64/src/net/http/server.go:2338\ngithub.com/go-chi/chi/v5/middleware.Recoverer.func1\n\t/Users/artni/go/pkg/mod/github.com/go-chi/chi/v5@v5.3.2/middleware/recoverer.go:45\nnet/http.HandlerFunc.ServeHTTP\n\t/Users/artni/go/pkg/mod/golang.org/toolchain@v0.0.1-go1.27.0.darwin-arm64/src/net/http/server.go:2338\ngithub.com/go-chi/chi/v5/middleware.RequestID.func1\n\t/Users/artni/go/pkg/mod/github.com/go-chi/chi/v5@v5.3.2/middleware/request_id.go:76\nnet/http.HandlerFunc.ServeHTTP\n\t/Users/artni/go/pkg/mod/golang.org/toolchain@v0.0.1-go1.27.0.darwin-arm64/src/net/http/server.go:2338\ngithub.com/go-chi/chi/v5.(*Mux).ServeHTTP\n\t/Users/artni/go/pkg/mod/github.com/go-chi/chi/v5@v5.3.2/mux.go:73\ngithub.com/go-chi/chi/v5.(*Mux).Mount.func1\n\t/Users/artni/go/pkg/mod/github.com/go-chi/chi/v5@v5.3.2/mux.go:327\nnet/http.HandlerFunc.ServeHTTP\n\t/Users/artni/go/pkg/mod/golang.org/toolchain@v0.0.1-go1.27.0.darwin-arm64/src/net/http/server.go:2338\ngithub.com/go-chi/chi/v5.(*Mux).routeHTTP\n\t/Users/artni/go/pkg/mod/github.com/go-chi/chi/v5@v5.3.2/mux.go:483\nnet/http.HandlerFunc.ServeHTTP\n\t/Users/artni/go/pkg/mod/golang.org/toolchain@v0.0.1-go1.27.0.darwin-arm64/src/net/http/server.go:2338\ngithub.com/go-chi/chi/v5.(*Mux).ServeHTTP\n\t/Users/artni/go/pkg/mod/github.com/go-chi/chi/v5@v5.3.2/mux.go:90\nnet/http.serverHandler.ServeHTTP\n\t/Users/artni/go/pkg/mod/golang.org/toolchain@v0.0.1-go1.27.0.darwin-arm64/src/net/http/server.go:3413\nnet/http.(*conn).serve\n\t/Users/artni/go/pkg/mod/golang.org/toolchain@v0.0.1-go1.27.0.darwin-arm64/src/net/http/server.go:2137"}
{"L":"INFO","T":"2026-09-05T11:02:39.171+0300","C":"server/app.go:40","M":"shutting the app down"}
{"L":"INFO","T":"2026-09-05T11:02:39.171+0300","C":"server/app.go:51","M":"app closed gracefully"}
{"L":"INFO","T":"2026-09-05T11:02:39.851+0300","C":"app/app.go:63","M":"database connection initialized successfully"}
{"L":"INFO","T":"2026-09-05T11:06:26.120+0300","C":"server/app.go:40","M":"shutting the app down"}
{"L":"ERROR","T":"2026-09-05T11:06:26.117+0300","C":"avatars/avatars.go:34","M":"failed to save avatar","error":"must pass a pointer, not a value, to StructScan destination","S":"github.com/artni96/GophProfile/internal/repository/avatars.(*Repository).Save\n\t/Users/artni/Documents/Dev/GophProfile/internal/repository/avatars/avatars.go:34\ngithub.com/artni96/GophProfile/internal/services/avatars.(*Service).Save\n\t/Users/artni/Documents/Dev/GophProfile/internal/services/avatars/avatars.go:27\ngithub.com/artni96/GophProfile/internal/handlers.(*AvatarHandler).Upload\n\t/Users/artni/Documents/Dev/GophProfile/internal/handlers/handler.go:88\nnet/http.HandlerFunc.ServeHTTP\n\t/Users/artni/go/pkg/mod/golang.org/toolchain@v0.0.1-go1.27.0.darwin-arm64/src/net/http/server.go:2338\ngithub.com/go-chi/chi/v5.(*Mux).routeHTTP\n\t/Users/artni/go/pkg/mod/github.com/go-chi/chi/v5@v5.3.2/mux.go:483\nnet/http.HandlerFunc.ServeHTTP\n\t/Users/artni/go/pkg/mod/golang.org/toolchain@v0.0.1-go1.27.0.darwin-arm64/src/net/http/server.go:2338\ngithub.com/go-chi/chi/v5.(*Mux).ServeHTTP\n\t/Users/artni/go/pkg/mod/github.com/go-chi/chi/v5@v5.3.2/mux.go:73\ngithub.com/go-chi/chi/v5.(*Mux).Mount.func1\n\t/Users/artni/go/pkg/mod/github.com/go-chi/chi/v5@v5.3.2/mux.go:327\nnet/http.HandlerFunc.ServeHTTP\n\t/Users/artni/go/pkg/mod/golang.org/toolchain@v0.0.1-go1.27.0.darwin-arm64/src/net/http/server.go:2338\ngithub.com/go-chi/chi/v5.(*Mux).routeHTTP\n\t/Users/artni/go/pkg/mod/github.com/go-chi/chi/v5@v5.3.2/mux.go:483\nnet/http.HandlerFunc.ServeHTTP\n\t/Users/artni/go/pkg/mod/golang.org/toolchain@v0.0.1-go1.27.0.darwin-arm64/src/net/http/server.go:2338\ngithub.com/go-chi/chi/v5/middleware.Recoverer.func1\n\t/Users/artni/go/pkg/mod/github.com/go-chi/chi/v5@v5.3.2/middleware/recoverer.go:45\nnet/http.HandlerFunc.ServeHTTP\n\t/Users/artni/go/pkg/mod/golang.org/toolchain@v0.0.1-go1.27.0.darwin-arm64/src/net/http/server.go:2338\ngithub.com/go-chi/chi/v5/middleware.RequestID.func1\n\t/Users/artni/go/pkg/mod/github.com/go-chi/chi/v5@v5.3.2/middleware/request_id.go:76\nnet/http.HandlerFunc.ServeHTTP\n\t/Users/artni/go/pkg/mod/golang.org/toolchain@v0.0.1-go1.27.0.darwin-arm64/src/net/http/server.go:2338\ngithub.com/go-chi/chi/v5.(*Mux).ServeHTTP\n\t/Users/artni/go/pkg/mod/github.com/go-chi/chi/v5@v5.3.2/mux.go:73\ngithub.com/go-chi/chi/v5.(*Mux).Mount.func1\n\t/Users/artni/go/pkg/mod/github.com/go-chi/chi/v5@v5.3.2/mux.go:327\nnet/http.HandlerFunc.ServeHTTP\n\t/Users/artni/go/pkg/mod/golang.org/toolchain@v0.0.1-go1.27.0.darwin-arm64/src/net/http/server.go:2338\ngithub.com/go-chi/chi/v5.(*Mux).routeHTTP\n\t/Users/artni/go/pkg/mod/github.com/go-chi/chi/v5@v5.3.2/mux.go:483\nnet/http.HandlerFunc.ServeHTTP\n\t/Users/artni/go/pkg/mod/golang.org/toolchain@v0.0.1-go1.27.0.darwin-arm64/src/net/http/server.go:2338\ngithub.com/go-chi/chi/v5.(*Mux).ServeHTTP\n\t/Users/artni/go/pkg/mod/github.com/go-chi/chi/v5@v5.3.2/mux.go:90\nnet/http.serverHandler.ServeHTTP\n\t/Users/artni/go/pkg/mod/golang.org/toolchain@v0.0.1-go1.27.0.darwin-arm64/src/net/http/server.go:3413\nnet/http.(*conn).serve\n\t/Users/artni/go/pkg/mod/golang.org/toolchain@v0.0.1-go1.27.0.darwin-arm64/src/net/http/server.go:2137"}
{"L":"INFO","T":"2026-09-05T11:06:26.121+0300","C":"server/app.go:51","M":"app closed gracefully"}
{"L":"INFO","T":"2026-09-05T11:06:28.678+0300","C":"app/app.go:63","M":"database connection initialized successfully"}
{"L":"ERROR","T":"2026-09-05T11:06:35.292+0300","C":"avatars/avatars.go:34","M":"failed to save avatar","error":"must pass a pointer, not a value, to StructScan destination","S":"github.com/artni96/GophProfile/internal/repository/avatars.(*Repository).Save\n\t/Users/artni/Documents/Dev/GophProfile/internal/repository/avatars/avatars.go:34\ngithub.com/artni96/GophProfile/internal/services/avatars.(*Service).Save\n\t/Users/artni/Documents/Dev/GophProfile/internal/services/avatars/avatars.go:27\ngithub.com/artni96/GophProfile/internal/handlers.(*AvatarHandler).Upload\n\t/Users/artni/Documents/Dev/GophProfile/internal/handlers/handler.go:88\nnet/http.HandlerFunc.ServeHTTP\n\t/Users/artni/go/pkg/mod/golang.org/toolchain@v0.0.1-go1.27.0.darwin-arm64/src/net/http/server.go:2338\ngithub.com/go-chi/chi/v5.(*Mux).routeHTTP\n\t/Users/artni/go/pkg/mod/github.com/go-chi/chi/v5@v5.3.2/mux.go:483\nnet/http.HandlerFunc.ServeHTTP\n\t/Users/artni/go/pkg/mod/golang.org/toolchain@v0.0.1-go1.27.0.darwin-arm64/src/net/http/server.go:2338\ngithub.com/go-chi/chi/v5.(*Mux).ServeHTTP\n\t/Users/artni/go/pkg/mod/github.com/go-chi/chi/v5@v5.3.2/mux.go:73\ngithub.com/go-chi/chi/v5.(*Mux).Mount.func1\n\t/Users/artni/go/pkg/mod/github.com/go-chi/chi/v5@v5.3.2/mux.go:327\nnet/http.HandlerFunc.ServeHTTP\n\t/Users/artni/go/pkg/mod/golang.org/toolchain@v0.0.1-go1.27.0.darwin-arm64/src/net/http/server.go:2338\ngithub.com/go-chi/chi/v5.(*Mux).routeHTTP\n\t/Users/artni/go/pkg/mod/github.com/go-chi/chi/v5@v5.3.2/mux.go:483\nnet/http.HandlerFunc.ServeHTTP\n\t/Users/artni/go/pkg/mod/golang.org/toolchain@v0.0.1-go1.27.0.darwin-arm64/src/net/http/server.go:2338\ngithub.com/go-chi/chi/v5/middleware.Recoverer.func1\n\t/Users/artni/go/pkg/mod/github.com/go-chi/chi/v5@v5.3.2/middleware/recoverer.go:45\nnet/http.HandlerFunc.ServeHTTP\n\t/Users/artni/go/pkg/mod/golang.org/toolchain@v0.0.1-go1.27.0.darwin-arm64/src/net/http/server.go:2338\ngithub.com/go-chi/chi/v5/middleware.RequestID.func1\n\t/Users/artni/go/pkg/mod/github.com/go-chi/chi/v5@v5.3.2/middleware/request_id.go:76\nnet/http.HandlerFunc.ServeHTTP\n\t/Users/artni/go/pkg/mod/golang.org/toolchain@v0.0.1-go1.27.0.darwin-arm64/src/net/http/server.go:2338\ngithub.com/go-chi/chi/v5.(*Mux).ServeHTTP\n\t/Users/artni/go/pkg/mod/github.com/go-chi/chi/v5@v5.3.2/mux.go:73\ngithub.com/go-chi/chi/v5.(*Mux).Mount.func1\n\t/Users/artni/go/pkg/mod/github.com/go-chi/chi/v5@v5.3.2/mux.go:327\nnet/http.HandlerFunc.ServeHTTP\n\t/Users/artni/go/pkg/mod/golang.org/toolchain@v0.0.1-go1.27.0.darwin-arm64/src/net/http/server.go:2338\ngithub.com/go-chi/chi/v5.(*Mux).routeHTTP\n\t/Users/artni/go/pkg/mod/github.com/go-chi/chi/v5@v5.3.2/mux.go:483\nnet/http.HandlerFunc.ServeHTTP\n\t/Users/artni/go/pkg/mod/golang.org/toolchain@v0.0.1-go1.27.0.darwin-arm64/src/net/http/server.go:2338\ngithub.com/go-chi/chi/v5.(*Mux).ServeHTTP\n\t/Users/artni/go/pkg/mod/github.com/go-chi/chi/v5@v5.3.2/mux.go:90\nnet/http.serverHandler.ServeHTTP\n\t/Users/artni/go/pkg/mod/golang.org/toolchain@v0.0.1-go1.27.0.darwin-arm64/src/net/http/server.go:3413\nnet/http.(*conn).serve\n\t/Users/artni/go/pkg/mod/golang.org/toolchain@v0.0.1-go1.27.0.darwin-arm64/src/net/http/server.go:2137"}
{"L":"INFO","T":"2026-09-05T11:06:45.885+0300","C":"server/app.go:40","M":"shutting the app down"}
{"L":"INFO","T":"2026-09-05T11:06:45.885+0300","C":"server/app.go:51","M":"app closed gracefully"}
{"L":"INFO","T":"2026-09-05T11:06:46.424+0300","C":"app/app.go:63","M":"database connection initialized successfully"}
{"L":"ERROR","T":"2026-09-05T11:07:17.181+0300","C":"avatars/avatars.go:34","M":"failed to save avatar","error":"must pass a pointer, not a value, to StructScan destination","S":"github.com/artni96/GophProfile/internal/repository/avatars.(*Repository).Save\n\t/Users/artni/Documents/Dev/GophProfile/internal/repository/avatars/avatars.go:34\ngithub.com/artni96/GophProfile/internal/services/avatars.(*Service).Save\n\t/Users/artni/Documents/Dev/GophProfile/internal/services/avatars/avatars.go:27\ngithub.com/artni96/GophProfile/internal/handlers.(*AvatarHandler).Upload\n\t/Users/artni/Documents/Dev/GophProfile/internal/handlers/handler.go:88\nnet/http.HandlerFunc.ServeHTTP\n\t/Users/artni/go/pkg/mod/golang.org/toolchain@v0.0.1-go1.27.0.darwin-arm64/src/net/http/server.go:2338\ngithub.com/go-chi/chi/v5.(*Mux).routeHTTP\n\t/Users/artni/go/pkg/mod/github.com/go-chi/chi/v5@v5.3.2/mux.go:483\nnet/http.HandlerFunc.ServeHTTP\n\t/Users/artni/go/pkg/mod/golang.org/toolchain@v0.0.1-go1.27.0.darwin-arm64/src/net/http/server.go:2338\ngithub.com/go-chi/chi/v5.(*Mux).ServeHTTP\n\t/Users/artni/go/pkg/mod/github.com/go-chi/chi/v5@v5.3.2/mux.go:73\ngithub.com/go-chi/chi/v5.(*Mux).Mount.func1\n\t/Users/artni/go/pkg/mod/github.com/go-chi/chi/v5@v5.3.2/mux.go:327\nnet/http.HandlerFunc.ServeHTTP\n\t/Users/artni/go/pkg/mod/golang.org/toolchain@v0.0.1-go1.27.0.darwin-arm64/src/net/http/server.go:2338\ngithub.com/go-chi/chi/v5.(*Mux).routeHTTP\n\t/Users/artni/go/pkg/mod/github.com/go-chi/chi/v5@v5.3.2/mux.go:483\nnet/http.HandlerFunc.ServeHTTP\n\t/Users/artni/go/pkg/mod/golang.org/toolchain@v0.0.1-go1.27.0.darwin-arm64/src/net/http/server.go:2338\ngithub.com/go-chi/chi/v5/middleware.Recoverer.func1\n\t/Users/artni/go/pkg/mod/github.com/go-chi/chi/v5@v5.3.2/middleware/recoverer.go:45\nnet/http.HandlerFunc.ServeHTTP\n\t/Users/artni/go/pkg/mod/golang.org/toolchain@v0.0.1-go1.27.0.darwin-arm64/src/net/http/server.go:2338\ngithub.com/go-chi/chi/v5/middleware.RequestID.func1\n\t/Users/artni/go/pkg/mod/github.com/go-chi/chi/v5@v5.3.2/middleware/request_id.go:76\nnet/http.HandlerFunc.ServeHTTP\n\t/Users/artni/go/pkg/mod/golang.org/toolchain@v0.0.1-go1.27.0.darwin-arm64/src/net/http/server.go:2338\ngithub.com/go-chi/chi/v5.(*Mux).ServeHTTP\n\t/Users/artni/go/pkg/mod/github.com/go-chi/chi/v5@v5.3.2/mux.go:73\ngithub.com/go-chi/chi/v5.(*Mux).Mount.func1\n\t/Users/artni/go/pkg/mod/github.com/go-chi/chi/v5@v5.3.2/mux.go:327\nnet/http.HandlerFunc.ServeHTTP\n\t/Users/artni/go/pkg/mod/golang.org/toolchain@v0.0.1-go1.27.0.darwin-arm64/src/net/http/server.go:2338\ngithub.com/go-chi/chi/v5.(*Mux).routeHTTP\n\t/Users/artni/go/pkg/mod/github.com/go-chi/chi/v5@v5.3.2/mux.go:483\nnet/http.HandlerFunc.ServeHTTP\n\t/Users/artni/go/pkg/mod/golang.org/toolchain@v0.0.1-go1.27.0.darwin-arm64/src/net/http/server.go:2338\ngithub.com/go-chi/chi/v5.(*Mux).ServeHTTP\n\t/Users/artni/go/pkg/mod/github.com/go-chi/chi/v5@v5.3.2/mux.go:90\nnet/http.serverHandler.ServeHTTP\n\t/Users/artni/go/pkg/mod/golang.org/toolchain@v0.0.1-go1.27.0.darwin-arm64/src/net/http/server.go:3413\nnet/http.(*conn).serve\n\t/Users/artni/go/pkg/mod/golang.org/toolchain@v0.0.1-go1.27.0.darwin-arm64/src/net/http/server.go:2137"}
{"L":"INFO","T":"2026-09-05T11:07:17.183+0300","C":"server/app.go:40","M":"shutting the app down"}
{"L":"INFO","T":"2026-09-05T11:07:17.183+0300","C":"server/app.go:51","M":"app closed gracefully"}
{"L":"INFO","T":"2026-09-05T11:07:18.777+0300","C":"app/app.go:63","M":"database connection initialized successfully"}
{"L":"ERROR","T":"2026-09-05T11:08:40.864+0300","C":"avatars/avatars.go:34","M":"failed to save avatar","error":"expected slice but got array","S":"github.com/artni96/GophProfile/internal/repository/avatars.(*Repository).Save\n\t/Users/artni/Documents/Dev/GophProfile/internal/repository/avatars/avatars.go:34\ngithub.com/artni96/GophProfile/internal/services/avatars.(*Service).Save\n\t/Users/artni/Documents/Dev/GophProfile/internal/services/avatars/avatars.go:27\ngithub.com/artni96/GophProfile/internal/handlers.(*AvatarHandler).Upload\n\t/Users/artni/Documents/Dev/GophProfile/internal/handlers/handler.go:88\nnet/http.HandlerFunc.ServeHTTP\n\t/Users/artni/go/pkg/mod/golang.org/toolchain@v0.0.1-go1.27.0.darwin-arm64/src/net/http/server.go:2338\ngithub.com/go-chi/chi/v5.(*Mux).routeHTTP\n\t/Users/artni/go/pkg/mod/github.com/go-chi/chi/v5@v5.3.2/mux.go:483\nnet/http.HandlerFunc.ServeHTTP\n\t/Users/artni/go/pkg/mod/golang.org/toolchain@v0.0.1-go1.27.0.darwin-arm64/src/net/http/server.go:2338\ngithub.com/go-chi/chi/v5.(*Mux).ServeHTTP\n\t/Users/artni/go/pkg/mod/github.com/go-chi/chi/v5@v5.3.2/mux.go:73\ngithub.com/go-chi/chi/v5.(*Mux).Mount.func1\n\t/Users/artni/go/pkg/mod/github.com/go-chi/chi/v5@v5.3.2/mux.go:327\nnet/http.HandlerFunc.ServeHTTP\n\t/Users/artni/go/pkg/mod/golang.org/toolchain@v0.0.1-go1.27.0.darwin-arm64/src/net/http/server.go:2338\ngithub.com/go-chi/chi/v5.(*Mux).routeHTTP\n\t/Users/artni/go/pkg/mod/github.com/go-chi/chi/v5@v5.3.2/mux.go:483\nnet/http.HandlerFunc.ServeHTTP\n\t/Users/artni/go/pkg/mod/golang.org/toolchain@v0.0.1-go1.27.0.darwin-arm64/src/net/http/server.go:2338\ngithub.com/go-chi/chi/v5/middleware.Recoverer.func1\n\t/Users/artni/go/pkg/mod/github.com/go-chi/chi/v5@v5.3.2/middleware/recoverer.go:45\nnet/http.HandlerFunc.ServeHTTP\n\t/Users/artni/go/pkg/mod/golang.org/toolchain@v0.0.1-go1.27.0.darwin-arm64/src/net/http/server.go:2338\ngithub.com/go-chi/chi/v5/middleware.RequestID.func1\n\t/Users/artni/go/pkg/mod/github.com/go-chi/chi/v5@v5.3.2/middleware/request_id.go:76\nnet/http.HandlerFunc.ServeHTTP\n\t/Users/artni/go/pkg/mod/golang.org/toolchain@v0.0.1-go1.27.0.darwin-arm64/src/net/http/server.go:2338\ngithub.com/go-chi/chi/v5.(*Mux).ServeHTTP\n\t/Users/artni/go/pkg/mod/github.com/go-chi/chi/v5@v5.3.2/mux.go:73\ngithub.com/go-chi/chi/v5.(*Mux).Mount.func1\n\t/Users/artni/go/pkg/mod/github.com/go-chi/chi/v5@v5.3.2/mux.go:327\nnet/http.HandlerFunc.ServeHTTP\n\t/Users/artni/go/pkg/mod/golang.org/toolchain@v0.0.1-go1.27.0.darwin-arm64/src/net/http/server.go:2338\ngithub.com/go-chi/chi/v5.(*Mux).routeHTTP\n\t/Users/artni/go/pkg/mod/github.com/go-chi/chi/v5@v5.3.2/mux.go:483\nnet/http.HandlerFunc.ServeHTTP\n\t/Users/artni/go/pkg/mod/golang.org/toolchain@v0.0.1-go1.27.0.darwin-arm64/src/net/http/server.go:2338\ngithub.com/go-chi/chi/v5.(*Mux).ServeHTTP\n\t/Users/artni/go/pkg/mod/github.com/go-chi/chi/v5@v5.3.2/mux.go:90\nnet/http.serverHandler.ServeHTTP\n\t/Users/artni/go/pkg/mod/golang.org/toolchain@v0.0.1-go1.27.0.darwin-arm64/src/net/http/server.go:3413\nnet/http.(*conn).serve\n\t/Users/artni/go/pkg/mod/golang.org/toolchain@v0.0.1-go1.27.0.darwin-arm64/src/net/http/server.go:2137"}
{"L":"INFO","T":"2026-09-05T11:08:40.867+0300","C":"server/app.go:40","M":"shutting the app down"}
{"L":"INFO","T":"2026-09-05T11:08:40.867+0300","C":"server/app.go:51","M":"app closed gracefully"}
{"L":"INFO","T":"2026-09-05T11:08:42.312+0300","C":"app/app.go:63","M":"database connection initialized successfully"}
{"L":"ERROR","T":"2026-09-05T11:09:01.789+0300","C":"avatars/avatars.go:33","M":"failed to save avatar","error":"expected slice but got string","S":"github.com/artni96/GophProfile/internal/repository/avatars.(*Repository).Save\n\t/Users/artni/Documents/Dev/GophProfile/internal/repository/avatars/avatars.go:33\ngithub.com/artni96/GophProfile/internal/services/avatars.(*Service).Save\n\t/Users/artni/Documents/Dev/GophProfile/internal/services/avatars/avatars.go:27\ngithub.com/artni96/GophProfile/internal/handlers.(*AvatarHandler).Upload\n\t/Users/artni/Documents/Dev/GophProfile/internal/handlers/handler.go:88\nnet/http.HandlerFunc.ServeHTTP\n\t/Users/artni/go/pkg/mod/golang.org/toolchain@v0.0.1-go1.27.0.darwin-arm64/src/net/http/server.go:2338\ngithub.com/go-chi/chi/v5.(*Mux).routeHTTP\n\t/Users/artni/go/pkg/mod/github.com/go-chi/chi/v5@v5.3.2/mux.go:483\nnet/http.HandlerFunc.ServeHTTP\n\t/Users/artni/go/pkg/mod/golang.org/toolchain@v0.0.1-go1.27.0.darwin-arm64/src/net/http/server.go:2338\ngithub.com/go-chi/chi/v5.(*Mux).ServeHTTP\n\t/Users/artni/go/pkg/mod/github.com/go-chi/chi/v5@v5.3.2/mux.go:73\ngithub.com/go-chi/chi/v5.(*Mux).Mount.func1\n\t/Users/artni/go/pkg/mod/github.com/go-chi/chi/v5@v5.3.2/mux.go:327\nnet/http.HandlerFunc.ServeHTTP\n\t/Users/artni/go/pkg/mod/golang.org/toolchain@v0.0.1-go1.27.0.darwin-arm64/src/net/http/server.go:2338\ngithub.com/go-chi/chi/v5.(*Mux).routeHTTP\n\t/Users/artni/go/pkg/mod/github.com/go-chi/chi/v5@v5.3.2/mux.go:483\nnet/http.HandlerFunc.ServeHTTP\n\t/Users/artni/go/pkg/mod/golang.org/toolchain@v0.0.1-go1.27.0.darwin-arm64/src/net/http/server.go:2338\ngithub.com/go-chi/chi/v5/middleware.Recoverer.func1\n\t/Users/artni/go/pkg/mod/github.com/go-chi/chi/v5@v5.3.2/middleware/recoverer.go:45\nnet/http.HandlerFunc.ServeHTTP\n\t/Users/artni/go/pkg/mod/golang.org/toolchain@v0.0.1-go1.27.0.darwin-arm64/src/net/http/server.go:2338\ngithub.com/go-chi/chi/v5/middleware.RequestID.func1\n\t/Users/artni/go/pkg/mod/github.com/go-chi/chi/v5@v5.3.2/middleware/request_id.go:76\nnet/http.HandlerFunc.ServeHTTP\n\t/Users/artni/go/pkg/mod/golang.org/toolchain@v0.0.1-go1.27.0.darwin-arm64/src/net/http/server.go:2338\ngithub.com/go-chi/chi/v5.(*Mux).ServeHTTP\n\t/Users/artni/go/pkg/mod/github.com/go-chi/chi/v5@v5.3.2/mux.go:73\ngithub.com/go-chi/chi/v5.(*Mux).Mount.func1\n\t/Users/artni/go/pkg/mod/github.com/go-chi/chi/v5@v5.3.2/mux.go:327\nnet/http.HandlerFunc.ServeHTTP\n\t/Users/artni/go/pkg/mod/golang.org/toolchain@v0.0.1-go1.27.0.darwin-arm64/src/net/http/server.go:2338\ngithub.com/go-chi/chi/v5.(*Mux).routeHTTP\n\t/Users/artni/go/pkg/mod/github.com/go-chi/chi/v5@v5.3.2/mux.go:483\nnet/http.HandlerFunc.ServeHTTP\n\t/Users/artni/go/pkg/mod/golang.org/toolchain@v0.0.1-go1.27.0.darwin-arm64/src/net/http/server.go:2338\ngithub.com/go-chi/chi/v5.(*Mux).ServeHTTP\n\t/Users/artni/go/pkg/mod/github.com/go-chi/chi/v5@v5.3.2/mux.go:90\nnet/http.serverHandler.ServeHTTP\n\t/Users/artni/go/pkg/mod/golang.org/toolchain@v0.0.1-go1.27.0.darwin-arm64/src/net/http/server.go:3413\nnet/http.(*conn).serve\n\t/Users/artni/go/pkg/mod/golang.org/toolchain@v0.0.1-go1.27.0.darwin-arm64/src/net/http/server.go:2137"}
{"L":"INFO","T":"2026-09-05T11:09:01.791+0300","C":"server/app.go:40","M":"shutting the app down"}
{"L":"INFO","T":"2026-09-05T11:09:01.792+0300","C":"server/app.go:51","M":"app closed gracefully"}
{"L":"INFO","T":"2026-09-05T11:09:03.229+0300","C":"app/app.go:63","M":"database connection initialized successfully"}
{"L":"INFO","T":"2026-09-05T11:30:37.288+0300","C":"server/app.go:40","M":"shutting the app down"}
{"L":"ERROR","T":"2026-09-05T11:30:37.286+0300","C":"avatars/avatars.go:33","M":"failed to save avatar","error":"sql: Scan error on column index 0, name \"id\": converting driver.Value type string (\"1631e8da-473a-477f-9be0-d36e5c7c295a\") to a uint8: value out of range","S":"github.com/artni96/GophProfile/internal/repository/avatars.(*Repository).Save\n\t/Users/artni/Documents/Dev/GophProfile/internal/repository/avatars/avatars.go:33\ngithub.com/artni96/GophProfile/internal/services/avatars.(*Service).Save\n\t/Users/artni/Documents/Dev/GophProfile/internal/services/avatars/avatars.go:27\ngithub.com/artni96/GophProfile/internal/handlers.(*AvatarHandler).Upload\n\t/Users/artni/Documents/Dev/GophProfile/internal/handlers/handler.go:88\nnet/http.HandlerFunc.ServeHTTP\n\t/Users/artni/go/pkg/mod/golang.org/toolchain@v0.0.1-go1.27.0.darwin-arm64/src/net/http/server.go:2338\ngithub.com/go-chi/chi/v5.(*Mux).routeHTTP\n\t/Users/artni/go/pkg/mod/github.com/go-chi/chi/v5@v5.3.2/mux.go:483\nnet/http.HandlerFunc.ServeHTTP\n\t/Users/artni/go/pkg/mod/golang.org/toolchain@v0.0.1-go1.27.0.darwin-arm64/src/net/http/server.go:2338\ngithub.com/go-chi/chi/v5.(*Mux).ServeHTTP\n\t/Users/artni/go/pkg/mod/github.com/go-chi/chi/v5@v5.3.2/mux.go:73\ngithub.com/go-chi/chi/v5.(*Mux).Mount.func1\n\t/Users/artni/go/pkg/mod/github.com/go-chi/chi/v5@v5.3.2/mux.go:327\nnet/http.HandlerFunc.ServeHTTP\n\t/Users/artni/go/pkg/mod/golang.org/toolchain@v0.0.1-go1.27.0.darwin-arm64/src/net/http/server.go:2338\ngithub.com/go-chi/chi/v5.(*Mux).routeHTTP\n\t/Users/artni/go/pkg/mod/github.com/go-chi/chi/v5@v5.3.2/mux.go:483\nnet/http.HandlerFunc.ServeHTTP\n\t/Users/artni/go/pkg/mod/golang.org/toolchain@v0.0.1-go1.27.0.darwin-arm64/src/net/http/server.go:2338\ngithub.com/go-chi/chi/v5/middleware.Recoverer.func1\n\t/Users/artni/go/pkg/mod/github.com/go-chi/chi/v5@v5.3.2/middleware/recoverer.go:45\nnet/http.HandlerFunc.ServeHTTP\n\t/Users/artni/go/pkg/mod/golang.org/toolchain@v0.0.1-go1.27.0.darwin-arm64/src/net/http/server.go:2338\ngithub.com/go-chi/chi/v5/middleware.RequestID.func1\n\t/Users/artni/go/pkg/mod/github.com/go-chi/chi/v5@v5.3.2/middleware/request_id.go:76\nnet/http.HandlerFunc.ServeHTTP\n\t/Users/artni/go/pkg/mod/golang.org/toolchain@v0.0.1-go1.27.0.darwin-arm64/src/net/http/server.go:2338\ngithub.com/go-chi/chi/v5.(*Mux).ServeHTTP\n\t/Users/artni/go/pkg/mod/github.com/go-chi/chi/v5@v5.3.2/mux.go:73\ngithub.com/go-chi/chi/v5.(*Mux).Mount.func1\n\t/Users/artni/go/pkg/mod/github.com/go-chi/chi/v5@v5.3.2/mux.go:327\nnet/http.HandlerFunc.ServeHTTP\n\t/Users/artni/go/pkg/mod/golang.org/toolchain@v0.0.1-go1.27.0.darwin-arm64/src/net/http/server.go:2338\ngithub.com/go-chi/chi/v5.(*Mux).routeHTTP\n\t/Users/artni/go/pkg/mod/github.com/go-chi/chi/v5@v5.3.2/mux.go:483\nnet/http.HandlerFunc.ServeHTTP\n\t/Users/artni/go/pkg/mod/golang.org/toolchain@v0.0.1-go1.27.0.darwin-arm64/src/net/http/server.go:2338\ngithub.com/go-chi/chi/v5.(*Mux).ServeHTTP\n\t/Users/artni/go/pkg/mod/github.com/go-chi/chi/v5@v5.3.2/mux.go:90\nnet/http.serverHandler.ServeHTTP\n\t/Users/artni/go/pkg/mod/golang.org/toolchain@v0.0.1-go1.27.0.darwin-arm64/src/net/http/server.go:3413\nnet/http.(*conn).serve\n\t/Users/artni/go/pkg/mod/golang.org/toolchain@v0.0.1-go1.27.0.darwin-arm64/src/net/http/server.go:2137"}
{"L":"INFO","T":"2026-09-05T11:30:37.291+0300","C":"server/app.go:51","M":"app closed gracefully"}
{"L":"INFO","T":"2026-09-05T11:37:16.173+0300","C":"app/app.go:63","M":"database connection initialized successfully"}
{"L":"ERROR","T":"2026-09-05T11:37:44.347+0300","C":"avatars/avatars.go:37","M":"failed to save avatar","error":"ERROR: syntax error at end of input (SQLSTATE 42601)","S":"github.com/artni96/GophProfile/internal/repository/avatars.(*Repository).Save\n\t/Users/artni/Documents/Dev/GophProfile/internal/repository/avatars/avatars.go:37\ngithub.com/artni96/GophProfile/internal/services/avatars.(*Service).Save\n\t/Users/artni/Documents/Dev/GophProfile/internal/services/avatars/avatars.go:27\ngithub.com/artni96/GophProfile/internal/handlers.(*AvatarHandler).Upload\n\t/Users/artni/Documents/Dev/GophProfile/internal/handlers/handler.go:88\nnet/http.HandlerFunc.ServeHTTP\n\t/Users/artni/go/pkg/mod/golang.org/toolchain@v0.0.1-go1.27.0.darwin-arm64/src/net/http/server.go:2338\ngithub.com/go-chi/chi/v5.(*Mux).routeHTTP\n\t/Users/artni/go/pkg/mod/github.com/go-chi/chi/v5@v5.3.2/mux.go:483\nnet/http.HandlerFunc.ServeHTTP\n\t/Users/artni/go/pkg/mod/golang.org/toolchain@v0.0.1-go1.27.0.darwin-arm64/src/net/http/server.go:2338\ngithub.com/go-chi/chi/v5.(*Mux).ServeHTTP\n\t/Users/artni/go/pkg/mod/github.com/go-chi/chi/v5@v5.3.2/mux.go:73\ngithub.com/go-chi/chi/v5.(*Mux).Mount.func1\n\t/Users/artni/go/pkg/mod/github.com/go-chi/chi/v5@v5.3.2/mux.go:327\nnet/http.HandlerFunc.ServeHTTP\n\t/Users/artni/go/pkg/mod/golang.org/toolchain@v0.0.1-go1.27.0.darwin-arm64/src/net/http/server.go:2338\ngithub.com/go-chi/chi/v5.(*Mux).routeHTTP\n\t/Users/artni/go/pkg/mod/github.com/go-chi/chi/v5@v5.3.2/mux.go:483\nnet/http.HandlerFunc.ServeHTTP\n\t/Users/artni/go/pkg/mod/golang.org/toolchain@v0.0.1-go1.27.0.darwin-arm64/src/net/http/server.go:2338\ngithub.com/go-chi/chi/v5/middleware.Recoverer.func1\n\t/Users/artni/go/pkg/mod/github.com/go-chi/chi/v5@v5.3.2/middleware/recoverer.go:45\nnet/http.HandlerFunc.ServeHTTP\n\t/Users/artni/go/pkg/mod/golang.org/toolchain@v0.0.1-go1.27.0.darwin-arm64/src/net/http/server.go:2338\ngithub.com/go-chi/chi/v5/middleware.RequestID.func1\n\t/Users/artni/go/pkg/mod/github.com/go-chi/chi/v5@v5.3.2/middleware/request_id.go:76\nnet/http.HandlerFunc.ServeHTTP\n\t/Users/artni/go/pkg/mod/golang.org/toolchain@v0.0.1-go1.27.0.darwin-arm64/src/net/http/server.go:2338\ngithub.com/go-chi/chi/v5.(*Mux).ServeHTTP\n\t/Users/artni/go/pkg/mod/github.com/go-chi/chi/v5@v5.3.2/mux.go:73\ngithub.com/go-chi/chi/v5.(*Mux).Mount.func1\n\t/Users/artni/go/pkg/mod/github.com/go-chi/chi/v5@v5.3.2/mux.go:327\nnet/http.HandlerFunc.ServeHTTP\n\t/Users/artni/go/pkg/mod/golang.org/toolchain@v0.0.1-go1.27.0.darwin-arm64/src/net/http/server.go:2338\ngithub.com/go-chi/chi/v5.(*Mux).routeHTTP\n\t/Users/artni/go/pkg/mod/github.com/go-chi/chi/v5@v5.3.2/mux.go:483\nnet/http.HandlerFunc.ServeHTTP\n\t/Users/artni/go/pkg/mod/golang.org/toolchain@v0.0.1-go1.27.0.darwin-arm64/src/net/http/server.go:2338\ngithub.com/go-chi/chi/v5.(*Mux).ServeHTTP\n\t/Users/artni/go/pkg/mod/github.com/go-chi/chi/v5@v5.3.2/mux.go:90\nnet/http.serverHandler.ServeHTTP\n\t/Users/artni/go/pkg/mod/golang.org/toolchain@v0.0.1-go1.27.0.darwin-arm64/src/net/http/server.go:3413\nnet/http.(*conn).serve\n\t/Users/artni/go/pkg/mod/golang.org/toolchain@v0.0.1-go1.27.0.darwin-arm64/src/net/http/server.go:2137"}
{"L":"INFO","T":"2026-09-05T11:37:44.349+0300","C":"server/app.go:40","M":"shutting the app down"}
{"L":"INFO","T":"2026-09-05T11:37:44.349+0300","C":"server/app.go:51","M":"app closed gracefully"}
{"L":"INFO","T":"2026-09-05T11:38:02.576+0300","C":"app/app.go:63","M":"database connection initialized successfully"}
{"L":"ERROR","T":"2026-09-05T11:38:40.918+0300","C":"avatars/avatars.go:34","M":"failed to save avatar","error":"missing destination name upload_status in *models.Avatar","S":"github.com/artni96/GophProfile/internal/repository/avatars.(*Repository).Save\n\t/Users/artni/Documents/Dev/GophProfile/internal/repository/avatars/avatars.go:34\ngithub.com/artni96/GophProfile/internal/services/avatars.(*Service).Save\n\t/Users/artni/Documents/Dev/GophProfile/internal/services/avatars/avatars.go:27\ngithub.com/artni96/GophProfile/internal/handlers.(*AvatarHandler).Upload\n\t/Users/artni/Documents/Dev/GophProfile/internal/handlers/handler.go:88\nnet/http.HandlerFunc.ServeHTTP\n\t/Users/artni/go/pkg/mod/golang.org/toolchain@v0.0.1-go1.27.0.darwin-arm64/src/net/http/server.go:2338\ngithub.com/go-chi/chi/v5.(*Mux).routeHTTP\n\t/Users/artni/go/pkg/mod/github.com/go-chi/chi/v5@v5.3.2/mux.go:483\nnet/http.HandlerFunc.ServeHTTP\n\t/Users/artni/go/pkg/mod/golang.org/toolchain@v0.0.1-go1.27.0.darwin-arm64/src/net/http/server.go:2338\ngithub.com/go-chi/chi/v5.(*Mux).ServeHTTP\n\t/Users/artni/go/pkg/mod/github.com/go-chi/chi/v5@v5.3.2/mux.go:73\ngithub.com/go-chi/chi/v5.(*Mux).Mount.func1\n\t/Users/artni/go/pkg/mod/github.com/go-chi/chi/v5@v5.3.2/mux.go:327\nnet/http.HandlerFunc.ServeHTTP\n\t/Users/artni/go/pkg/mod/golang.org/toolchain@v0.0.1-go1.27.0.darwin-arm64/src/net/http/server.go:2338\ngithub.com/go-chi/chi/v5.(*Mux).routeHTTP\n\t/Users/artni/go/pkg/mod/github.com/go-chi/chi/v5@v5.3.2/mux.go:483\nnet/http.HandlerFunc.ServeHTTP\n\t/Users/artni/go/pkg/mod/golang.org/toolchain@v0.0.1-go1.27.0.darwin-arm64/src/net/http/server.go:2338\ngithub.com/go-chi/chi/v5/middleware.Recoverer.func1\n\t/Users/artni/go/pkg/mod/github.com/go-chi/chi/v5@v5.3.2/middleware/recoverer.go:45\nnet/http.HandlerFunc.ServeHTTP\n\t/Users/artni/go/pkg/mod/golang.org/toolchain@v0.0.1-go1.27.0.darwin-arm64/src/net/http/server.go:2338\ngithub.com/go-chi/chi/v5/middleware.RequestID.func1\n\t/Users/artni/go/pkg/mod/github.com/go-chi/chi/v5@v5.3.2/middleware/request_id.go:76\nnet/http.HandlerFunc.ServeHTTP\n\t/Users/artni/go/pkg/mod/golang.org/toolchain@v0.0.1-go1.27.0.darwin-arm64/src/net/http/server.go:2338\ngithub.com/go-chi/chi/v5.(*Mux).ServeHTTP\n\t/Users/artni/go/pkg/mod/github.com/go-chi/chi/v5@v5.3.2/mux.go:73\ngithub.com/go-chi/chi/v5.(*Mux).Mount.func1\n\t/Users/artni/go/pkg/mod/github.com/go-chi/chi/v5@v5.3.2/mux.go:327\nnet/http.HandlerFunc.ServeHTTP\n\t/Users/artni/go/pkg/mod/golang.org/toolchain@v0.0.1-go1.27.0.darwin-arm64/src/net/http/server.go:2338\ngithub.com/go-chi/chi/v5.(*Mux).routeHTTP\n\t/Users/artni/go/pkg/mod/github.com/go-chi/chi/v5@v5.3.2/mux.go:483\nnet/http.HandlerFunc.ServeHTTP\n\t/Users/artni/go/pkg/mod/golang.org/toolchain@v0.0.1-go1.27.0.darwin-arm64/src/net/http/server.go:2338\ngithub.com/go-chi/chi/v5.(*Mux).ServeHTTP\n\t/Users/artni/go/pkg/mod/github.com/go-chi/chi/v5@v5.3.2/mux.go:90\nnet/http.serverHandler.ServeHTTP\n\t/Users/artni/go/pkg/mod/golang.org/toolchain@v0.0.1-go1.27.0.darwin-arm64/src/net/http/server.go:3413\nnet/http.(*conn).serve\n\t/Users/artni/go/pkg/mod/golang.org/toolchain@v0.0.1-go1.27.0.darwin-arm64/src/net/http/server.go:2137"}
{"L":"INFO","T":"2026-09-05T11:38:40.921+0300","C":"server/app.go:40","M":"shutting the app down"}
{"L":"INFO","T":"2026-09-05T11:38:40.921+0300","C":"server/app.go:51","M":"app closed gracefully"}
{"L":"INFO","T":"2026-09-05T11:38:42.287+0300","C":"app/app.go:63","M":"database connection initialized successfully"}
{"L":"INFO","T":"2026-09-05T11:38:58.176+0300","C":"server/app.go:40","M":"shutting the app down"}
{"L":"INFO","T":"2026-09-05T11:38:58.177+0300","C":"server/app.go:51","M":"app closed gracefully"}
{"L":"INFO","T":"2026-09-05T11:44:59.662+0300","C":"app/app.go:63","M":"database connection initialized successfully"}
{"L":"INFO","T":"2026-09-05T11:54:15.229+0300","C":"server/app.go:40","M":"shutting the app down"}
{"L":"INFO","T":"2026-09-05T11:54:15.229+0300","C":"server/app.go:51","M":"app closed gracefully"}
{"L":"INFO","T":"2026-09-05T11:54:17.237+0300","C":"app/app.go:63","M":"database connection initialized successfully"}
{"L":"ERROR","T":"2026-09-05T11:54:28.436+0300","C":"avatars/avatars.go:40","M":"failed to save avatar","error":"expected 5 arguments, got 7","S":"github.com/artni96/GophProfile/internal/repository/avatars.(*Repository).Save\n\t/Users/artni/Documents/Dev/GophProfile/internal/repository/avatars/avatars.go:40\ngithub.com/artni96/GophProfile/internal/services/avatars.(*Service).Save\n\t/Users/artni/Documents/Dev/GophProfile/internal/services/avatars/avatars.go:27\ngithub.com/artni96/GophProfile/internal/handlers.(*AvatarHandler).Upload\n\t/Users/artni/Documents/Dev/GophProfile/internal/handlers/handler.go:89\nnet/http.HandlerFunc.ServeHTTP\n\t/Users/artni/go/pkg/mod/golang.org/toolchain@v0.0.1-go1.27.0.darwin-arm64/src/net/http/server.go:2338\ngithub.com/go-chi/chi/v5.(*Mux).routeHTTP\n\t/Users/artni/go/pkg/mod/github.com/go-chi/chi/v5@v5.3.2/mux.go:483\nnet/http.HandlerFunc.ServeHTTP\n\t/Users/artni/go/pkg/mod/golang.org/toolchain@v0.0.1-go1.27.0.darwin-arm64/src/net/http/server.go:2338\ngithub.com/go-chi/chi/v5.(*Mux).ServeHTTP\n\t/Users/artni/go/pkg/mod/github.com/go-chi/chi/v5@v5.3.2/mux.go:73\ngithub.com/go-chi/chi/v5.(*Mux).Mount.func1\n\t/Users/artni/go/pkg/mod/github.com/go-chi/chi/v5@v5.3.2/mux.go:327\nnet/http.HandlerFunc.ServeHTTP\n\t/Users/artni/go/pkg/mod/golang.org/toolchain@v0.0.1-go1.27.0.darwin-arm64/src/net/http/server.go:2338\ngithub.com/go-chi/chi/v5.(*Mux).routeHTTP\n\t/Users/artni/go/pkg/mod/github.com/go-chi/chi/v5@v5.3.2/mux.go:483\nnet/http.HandlerFunc.ServeHTTP\n\t/Users/artni/go/pkg/mod/golang.org/toolchain@v0.0.1-go1.27.0.darwin-arm64/src/net/http/server.go:2338\ngithub.com/go-chi/chi/v5/middleware.Recoverer.func1\n\t/Users/artni/go/pkg/mod/github.com/go-chi/chi/v5@v5.3.2/middleware/recoverer.go:45\nnet/http.HandlerFunc.ServeHTTP\n\t/Users/artni/go/pkg/mod/golang.org/toolchain@v0.0.1-go1.27.0.darwin-arm64/src/net/http/server.go:2338\ngithub.com/go-chi/chi/v5/middleware.RequestID.func1\n\t/Users/artni/go/pkg/mod/github.com/go-chi/chi/v5@v5.3.2/middleware/request_id.go:76\nnet/http.HandlerFunc.ServeHTTP\n\t/Users/artni/go/pkg/mod/golang.org/toolchain@v0.0.1-go1.27.0.darwin-arm64/src/net/http/server.go:2338\ngithub.com/go-chi/chi/v5.(*Mux).ServeHTTP\n\t/Users/artni/go/pkg/mod/github.com/go-chi/chi/v5@v5.3.2/mux.go:73\ngithub.com/go-chi/chi/v5.(*Mux).Mount.func1\n\t/Users/artni/go/pkg/mod/github.com/go-chi/chi/v5@v5.3.2/mux.go:327\nnet/http.HandlerFunc.ServeHTTP\n\t/Users/artni/go/pkg/mod/golang.org/toolchain@v0.0.1-go1.27.0.darwin-arm64/src/net/http/server.go:2338\ngithub.com/go-chi/chi/v5.(*Mux).routeHTTP\n\t/Users/artni/go/pkg/mod/github.com/go-chi/chi/v5@v5.3.2/mux.go:483\nnet/http.HandlerFunc.ServeHTTP\n\t/Users/artni/go/pkg/mod/golang.org/toolchain@v0.0.1-go1.27.0.darwin-arm64/src/net/http/server.go:2338\ngithub.com/go-chi/chi/v5.(*Mux).ServeHTTP\n\t/Users/artni/go/pkg/mod/github.com/go-chi/chi/v5@v5.3.2/mux.go:90\nnet/http.serverHandler.ServeHTTP\n\t/Users/artni/go/pkg/mod/golang.org/toolchain@v0.0.1-go1.27.0.darwin-arm64/src/net/http/server.go:3413\nnet/http.(*conn).serve\n\t/Users/artni/go/pkg/mod/golang.org/toolchain@v0.0.1-go1.27.0.darwin-arm64/src/net/http/server.go:2137"}
{"L":"INFO","T":"2026-09-05T11:54:37.686+0300","C":"server/app.go:40","M":"shutting the app down"}
{"L":"INFO","T":"2026-09-05T11:54:37.686+0300","C":"server/app.go:51","M":"app closed gracefully"}
{"L":"INFO","T":"2026-09-05T11:54:39.411+0300","C":"app/app.go:63","M":"database connection initialized successfully"}
{"L":"INFO","T":"2026-09-05T11:54:52.537+0300","C":"server/app.go:40","M":"shutting the app down"}
{"L":"INFO","T":"2026-09-05T11:54:52.538+0300","C":"server/app.go:51","M":"app closed gracefully"}
{"L":"INFO","T":"2026-09-05T11:54:54.879+0300","C":"app/app.go:63","M":"database connection initialized successfully"}
{"L":"ERROR","T":"2026-09-05T11:54:56.441+0300","C":"avatars/avatars.go:40","M":"failed to save avatar","error":"expected 5 arguments, got 7","S":"github.com/artni96/GophProfile/internal/repository/avatars.(*Repository).Save\n\t/Users/artni/Documents/Dev/GophProfile/internal/repository/avatars/avatars.go:40\ngithub.com/artni96/GophProfile/internal/services/avatars.(*Service).Save\n\t/Users/artni/Documents/Dev/GophProfile/internal/services/avatars/avatars.go:27\ngithub.com/artni96/GophProfile/internal/handlers.(*AvatarHandler).Upload\n\t/Users/artni/Documents/Dev/GophProfile/internal/handlers/handler.go:89\nnet/http.HandlerFunc.ServeHTTP\n\t/Users/artni/go/pkg/mod/golang.org/toolchain@v0.0.1-go1.27.0.darwin-arm64/src/net/http/server.go:2338\ngithub.com/go-chi/chi/v5.(*Mux).routeHTTP\n\t/Users/artni/go/pkg/mod/github.com/go-chi/chi/v5@v5.3.2/mux.go:483\nnet/http.HandlerFunc.ServeHTTP\n\t/Users/artni/go/pkg/mod/golang.org/toolchain@v0.0.1-go1.27.0.darwin-arm64/src/net/http/server.go:2338\ngithub.com/go-chi/chi/v5.(*Mux).ServeHTTP\n\t/Users/artni/go/pkg/mod/github.com/go-chi/chi/v5@v5.3.2/mux.go:73\ngithub.com/go-chi/chi/v5.(*Mux).Mount.func1\n\t/Users/artni/go/pkg/mod/github.com/go-chi/chi/v5@v5.3.2/mux.go:327\nnet/http.HandlerFunc.ServeHTTP\n\t/Users/artni/go/pkg/mod/golang.org/toolchain@v0.0.1-go1.27.0.darwin-arm64/src/net/http/server.go:2338\ngithub.com/go-chi/chi/v5.(*Mux).routeHTTP\n\t/Users/artni/go/pkg/mod/github.com/go-chi/chi/v5@v5.3.2/mux.go:483\nnet/http.HandlerFunc.ServeHTTP\n\t/Users/artni/go/pkg/mod/golang.org/toolchain@v0.0.1-go1.27.0.darwin-arm64/src/net/http/server.go:2338\ngithub.com/go-chi/chi/v5/middleware.Recoverer.func1\n\t/Users/artni/go/pkg/mod/github.com/go-chi/chi/v5@v5.3.2/middleware/recoverer.go:45\nnet/http.HandlerFunc.ServeHTTP\n\t/Users/artni/go/pkg/mod/golang.org/toolchain@v0.0.1-go1.27.0.darwin-arm64/src/net/http/server.go:2338\ngithub.com/go-chi/chi/v5/middleware.RequestID.func1\n\t/Users/artni/go/pkg/mod/github.com/go-chi/chi/v5@v5.3.2/middleware/request_id.go:76\nnet/http.HandlerFunc.ServeHTTP\n\t/Users/artni/go/pkg/mod/golang.org/toolchain@v0.0.1-go1.27.0.darwin-arm64/src/net/http/server.go:2338\ngithub.com/go-chi/chi/v5.(*Mux).ServeHTTP\n\t/Users/artni/go/pkg/mod/github.com/go-chi/chi/v5@v5.3.2/mux.go:73\ngithub.com/go-chi/chi/v5.(*Mux).Mount.func1\n\t/Users/artni/go/pkg/mod/github.com/go-chi/chi/v5@v5.3.2/mux.go:327\nnet/http.HandlerFunc.ServeHTTP\n\t/Users/artni/go/pkg/mod/golang.org/toolchain@v0.0.1-go1.27.0.darwin-arm64/src/net/http/server.go:2338\ngithub.com/go-chi/chi/v5.(*Mux).routeHTTP\n\t/Users/artni/go/pkg/mod/github.com/go-chi/chi/v5@v5.3.2/mux.go:483\nnet/http.HandlerFunc.ServeHTTP\n\t/Users/artni/go/pkg/mod/golang.org/toolchain@v0.0.1-go1.27.0.darwin-arm64/src/net/http/server.go:2338\ngithub.com/go-chi/chi/v5.(*Mux).ServeHTTP\n\t/Users/artni/go/pkg/mod/github.com/go-chi/chi/v5@v5.3.2/mux.go:90\nnet/http.serverHandler.ServeHTTP\n\t/Users/artni/go/pkg/mod/golang.org/toolchain@v0.0.1-go1.27.0.darwin-arm64/src/net/http/server.go:3413\nnet/http.(*conn).serve\n\t/Users/artni/go/pkg/mod/golang.org/toolchain@v0.0.1-go1.27.0.darwin-arm64/src/net/http/server.go:2137"}
{"L":"ERROR","T":"2026-09-05T11:54:58.368+0300","C":"avatars/avatars.go:40","M":"failed to save avatar","error":"expected 5 arguments, got 7","S":"github.com/artni96/GophProfile/internal/repository/avatars.(*Repository).Save\n\t/Users/artni/Documents/Dev/GophProfile/internal/repository/avatars/avatars.go:40\ngithub.com/artni96/GophProfile/internal/services/avatars.(*Service).Save\n\t/Users/artni/Documents/Dev/GophProfile/internal/services/avatars/avatars.go:27\ngithub.com/artni96/GophProfile/internal/handlers.(*AvatarHandler).Upload\n\t/Users/artni/Documents/Dev/GophProfile/internal/handlers/handler.go:89\nnet/http.HandlerFunc.ServeHTTP\n\t/Users/artni/go/pkg/mod/golang.org/toolchain@v0.0.1-go1.27.0.darwin-arm64/src/net/http/server.go:2338\ngithub.com/go-chi/chi/v5.(*Mux).routeHTTP\n\t/Users/artni/go/pkg/mod/github.com/go-chi/chi/v5@v5.3.2/mux.go:483\nnet/http.HandlerFunc.ServeHTTP\n\t/Users/artni/go/pkg/mod/golang.org/toolchain@v0.0.1-go1.27.0.darwin-arm64/src/net/http/server.go:2338\ngithub.com/go-chi/chi/v5.(*Mux).ServeHTTP\n\t/Users/artni/go/pkg/mod/github.com/go-chi/chi/v5@v5.3.2/mux.go:73\ngithub.com/go-chi/chi/v5.(*Mux).Mount.func1\n\t/Users/artni/go/pkg/mod/github.com/go-chi/chi/v5@v5.3.2/mux.go:327\nnet/http.HandlerFunc.ServeHTTP\n\t/Users/artni/go/pkg/mod/golang.org/toolchain@v0.0.1-go1.27.0.darwin-arm64/src/net/http/server.go:2338\ngithub.com/go-chi/chi/v5.(*Mux).routeHTTP\n\t/Users/artni/go/pkg/mod/github.com/go-chi/chi/v5@v5.3.2/mux.go:483\nnet/http.HandlerFunc.ServeHTTP\n\t/Users/artni/go/pkg/mod/golang.org/toolchain@v0.0.1-go1.27.0.darwin-arm64/src/net/http/server.go:2338\ngithub.com/go-chi/chi/v5/middleware.Recoverer.func1\n\t/Users/artni/go/pkg/mod/github.com/go-chi/chi/v5@v5.3.2/middleware/recoverer.go:45\nnet/http.HandlerFunc.ServeHTTP\n\t/Users/artni/go/pkg/mod/golang.org/toolchain@v0.0.1-go1.27.0.darwin-arm64/src/net/http/server.go:2338\ngithub.com/go-chi/chi/v5/middleware.RequestID.func1\n\t/Users/artni/go/pkg/mod/github.com/go-chi/chi/v5@v5.3.2/middleware/request_id.go:76\nnet/http.HandlerFunc.ServeHTTP\n\t/Users/artni/go/pkg/mod/golang.org/toolchain@v0.0.1-go1.27.0.darwin-arm64/src/net/http/server.go:2338\ngithub.com/go-chi/chi/v5.(*Mux).ServeHTTP\n\t/Users/artni/go/pkg/mod/github.com/go-chi/chi/v5@v5.3.2/mux.go:73\ngithub.com/go-chi/chi/v5.(*Mux).Mount.func1\n\t/Users/artni/go/pkg/mod/github.com/go-chi/chi/v5@v5.3.2/mux.go:327\nnet/http.HandlerFunc.ServeHTTP\n\t/Users/artni/go/pkg/mod/golang.org/toolchain@v0.0.1-go1.27.0.darwin-arm64/src/net/http/server.go:2338\ngithub.com/go-chi/chi/v5.(*Mux).routeHTTP\n\t/Users/artni/go/pkg/mod/github.com/go-chi/chi/v5@v5.3.2/mux.go:483\nnet/http.HandlerFunc.ServeHTTP\n\t/Users/artni/go/pkg/mod/golang.org/toolchain@v0.0.1-go1.27.0.darwin-arm64/src/net/http/server.go:2338\ngithub.com/go-chi/chi/v5.(*Mux).ServeHTTP\n\t/Users/artni/go/pkg/mod/github.com/go-chi/chi/v5@v5.3.2/mux.go:90\nnet/http.serverHandler.ServeHTTP\n\t/Users/artni/go/pkg/mod/golang.org/toolchain@v0.0.1-go1.27.0.darwin-arm64/src/net/http/server.go:3413\nnet/http.(*conn).serve\n\t/Users/artni/go/pkg/mod/golang.org/toolchain@v0.0.1-go1.27.0.darwin-arm64/src/net/http/server.go:2137"}
{"L":"INFO","T":"2026-09-05T11:55:01.128+0300","C":"server/app.go:40","M":"shutting the app down"}
{"L":"INFO","T":"2026-09-05T11:55:01.128+0300","C":"server/app.go:51","M":"app closed gracefully"}
{"L":"INFO","T":"2026-09-05T11:55:02.865+0300","C":"app/app.go:63","M":"database connection initialized successfully"}
{"L":"ERROR","T":"2026-09-05T11:55:21.389+0300","C":"avatars/avatars.go:40","M":"failed to save avatar","error":"expected 5 arguments, got 7","S":"github.com/artni96/GophProfile/internal/repository/avatars.(*Repository).Save\n\t/Users/artni/Documents/Dev/GophProfile/internal/repository/avatars/avatars.go:40\ngithub.com/artni96/GophProfile/internal/services/avatars.(*Service).Save\n\t/Users/artni/Documents/Dev/GophProfile/internal/services/avatars/avatars.go:27\ngithub.com/artni96/GophProfile/internal/handlers.(*AvatarHandler).Upload\n\t/Users/artni/Documents/Dev/GophProfile/internal/handlers/handler.go:89\nnet/http.HandlerFunc.ServeHTTP\n\t/Users/artni/go/pkg/mod/golang.org/toolchain@v0.0.1-go1.27.0.darwin-arm64/src/net/http/server.go:2338\ngithub.com/go-chi/chi/v5.(*Mux).routeHTTP\n\t/Users/artni/go/pkg/mod/github.com/go-chi/chi/v5@v5.3.2/mux.go:483\nnet/http.HandlerFunc.ServeHTTP\n\t/Users/artni/go/pkg/mod/golang.org/toolchain@v0.0.1-go1.27.0.darwin-arm64/src/net/http/server.go:2338\ngithub.com/go-chi/chi/v5.(*Mux).ServeHTTP\n\t/Users/artni/go/pkg/mod/github.com/go-chi/chi/v5@v5.3.2/mux.go:73\ngithub.com/go-chi/chi/v5.(*Mux).Mount.func1\n\t/Users/artni/go/pkg/mod/github.com/go-chi/chi/v5@v5.3.2/mux.go:327\nnet/http.HandlerFunc.ServeHTTP\n\t/Users/artni/go/pkg/mod/golang.org/toolchain@v0.0.1-go1.27.0.darwin-arm64/src/net/http/server.go:2338\ngithub.com/go-chi/chi/v5.(*Mux).routeHTTP\n\t/Users/artni/go/pkg/mod/github.com/go-chi/chi/v5@v5.3.2/mux.go:483\nnet/http.HandlerFunc.ServeHTTP\n\t/Users/artni/go/pkg/mod/golang.org/toolchain@v0.0.1-go1.27.0.darwin-arm64/src/net/http/server.go:2338\ngithub.com/go-chi/chi/v5/middleware.Recoverer.func1\n\t/Users/artni/go/pkg/mod/github.com/go-chi/chi/v5@v5.3.2/middleware/recoverer.go:45\nnet/http.HandlerFunc.ServeHTTP\n\t/Users/artni/go/pkg/mod/golang.org/toolchain@v0.0.1-go1.27.0.darwin-arm64/src/net/http/server.go:2338\ngithub.com/go-chi/chi/v5/middleware.RequestID.func1\n\t/Users/artni/go/pkg/mod/github.com/go-chi/chi/v5@v5.3.2/middleware/request_id.go:76\nnet/http.HandlerFunc.ServeHTTP\n\t/Users/artni/go/pkg/mod/golang.org/toolchain@v0.0.1-go1.27.0.darwin-arm64/src/net/http/server.go:2338\ngithub.com/go-chi/chi/v5.(*Mux).ServeHTTP\n\t/Users/artni/go/pkg/mod/github.com/go-chi/chi/v5@v5.3.2/mux.go:73\ngithub.com/go-chi/chi/v5.(*Mux).Mount.func1\n\t/Users/artni/go/pkg/mod/github.com/go-chi/chi/v5@v5.3.2/mux.go:327\nnet/http.HandlerFunc.ServeHTTP\n\t/Users/artni/go/pkg/mod/golang.org/toolchain@v0.0.1-go1.27.0.darwin-arm64/src/net/http/server.go:2338\ngithub.com/go-chi/chi/v5.(*Mux).routeHTTP\n\t/Users/artni/go/pkg/mod/github.com/go-chi/chi/v5@v5.3.2/mux.go:483\nnet/http.HandlerFunc.ServeHTTP\n\t/Users/artni/go/pkg/mod/golang.org/toolchain@v0.0.1-go1.27.0.darwin-arm64/src/net/http/server.go:2338\ngithub.com/go-chi/chi/v5.(*Mux).ServeHTTP\n\t/Users/artni/go/pkg/mod/github.com/go-chi/chi/v5@v5.3.2/mux.go:90\nnet/http.serverHandler.ServeHTTP\n\t/Users/artni/go/pkg/mod/golang.org/toolchain@v0.0.1-go1.27.0.darwin-arm64/src/net/http/server.go:3413\nnet/http.(*conn).serve\n\t/Users/artni/go/pkg/mod/golang.org/toolchain@v0.0.1-go1.27.0.darwin-arm64/src/net/http/server.go:2137"}
{"L":"INFO","T":"2026-09-05T11:55:21.391+0300","C":"server/app.go:40","M":"shutting the app down"}
{"L":"INFO","T":"2026-09-05T11:55:21.391+0300","C":"server/app.go:51","M":"app closed gracefully"}
{"L":"INFO","T":"2026-09-05T11:56:22.187+0300","C":"app/app.go:63","M":"database connection initialized successfully"}
{"L":"INFO","T":"2026-09-05T12:03:16.160+0300","C":"server/app.go:40","M":"shutting the app down"}
{"L":"INFO","T":"2026-09-05T12:03:16.160+0300","C":"server/app.go:51","M":"app closed gracefully"}
{"L":"INFO","T":"2026-09-05T12:03:36.236+0300","C":"app/app.go:63","M":"database connection initialized successfully"}
{"L":"INFO","T":"2026-09-05T12:03:43.850+0300","C":"server/app.go:40","M":"shutting the app down"}
{"L":"INFO","T":"2026-09-05T12:03:43.851+0300","C":"server/app.go:51","M":"app closed gracefully"}
{"L":"INFO","T":"2026-09-05T12:03:45.477+0300","C":"app/app.go:63","M":"database connection initialized successfully"}
{"L":"INFO","T":"2026-09-05T12:06:05.378+0300","C":"server/app.go:40","M":"shutting the app down"}
{"L":"ERROR","T":"2026-09-05T12:06:05.378+0300","C":"avatars/avatars.go:41","M":"failed to save avatar","error":"ERROR: relation \"avatars\" does not exist (SQLSTATE 42P01)","S":"github.com/artni96/GophProfile/internal/repository/avatars.(*Repository).Save\n\t/Users/artni/Documents/Dev/GophProfile/internal/repository/avatars/avatars.go:41\ngithub.com/artni96/GophProfile/internal/services/avatars.(*Service).Save\n\t/Users/artni/Documents/Dev/GophProfile/internal/services/avatars/avatars.go:27\ngithub.com/artni96/GophProfile/internal/handlers.(*AvatarHandler).Upload\n\t/Users/artni/Documents/Dev/GophProfile/internal/handlers/handler.go:89\nnet/http.HandlerFunc.ServeHTTP\n\t/Users/artni/go/pkg/mod/golang.org/toolchain@v0.0.1-go1.27.0.darwin-arm64/src/net/http/server.go:2338\ngithub.com/go-chi/chi/v5.(*Mux).routeHTTP\n\t/Users/artni/go/pkg/mod/github.com/go-chi/chi/v5@v5.3.2/mux.go:483\nnet/http.HandlerFunc.ServeHTTP\n\t/Users/artni/go/pkg/mod/golang.org/toolchain@v0.0.1-go1.27.0.darwin-arm64/src/net/http/server.go:2338\ngithub.com/go-chi/chi/v5.(*Mux).ServeHTTP\n\t/Users/artni/go/pkg/mod/github.com/go-chi/chi/v5@v5.3.2/mux.go:73\ngithub.com/go-chi/chi/v5.(*Mux).Mount.func1\n\t/Users/artni/go/pkg/mod/github.com/go-chi/chi/v5@v5.3.2/mux.go:327\nnet/http.HandlerFunc.ServeHTTP\n\t/Users/artni/go/pkg/mod/golang.org/toolchain@v0.0.1-go1.27.0.darwin-arm64/src/net/http/server.go:2338\ngithub.com/go-chi/chi/v5.(*Mux).routeHTTP\n\t/Users/artni/go/pkg/mod/github.com/go-chi/chi/v5@v5.3.2/mux.go:483\nnet/http.HandlerFunc.ServeHTTP\n\t/Users/artni/go/pkg/mod/golang.org/toolchain@v0.0.1-go1.27.0.darwin-arm64/src/net/http/server.go:2338\ngithub.com/go-chi/chi/v5/middleware.Recoverer.func1\n\t/Users/artni/go/pkg/mod/github.com/go-chi/chi/v5@v5.3.2/middleware/recoverer.go:45\nnet/http.HandlerFunc.ServeHTTP\n\t/Users/artni/go/pkg/mod/golang.org/toolchain@v0.0.1-go1.27.0.darwin-arm64/src/net/http/server.go:2338\ngithub.com/go-chi/chi/v5/middleware.RequestID.func1\n\t/Users/artni/go/pkg/mod/github.com/go-chi/chi/v5@v5.3.2/middleware/request_id.go:76\nnet/http.HandlerFunc.ServeHTTP\n\t/Users/artni/go/pkg/mod/golang.org/toolchain@v0.0.1-go1.27.0.darwin-arm64/src/net/http/server.go:2338\ngithub.com/go-chi/chi/v5.(*Mux).ServeHTTP\n\t/Users/artni/go/pkg/mod/github.com/go-chi/chi/v5@v5.3.2/mux.go:73\ngithub.com/go-chi/chi/v5.(*Mux).Mount.func1\n\t/Users/artni/go/pkg/mod/github.com/go-chi/chi/v5@v5.3.2/mux.go:327\nnet/http.HandlerFunc.ServeHTTP\n\t/Users/artni/go/pkg/mod/golang.org/toolchain@v0.0.1-go1.27.0.darwin-arm64/src/net/http/server.go:2338\ngithub.com/go-chi/chi/v5.(*Mux).routeHTTP\n\t/Users/artni/go/pkg/mod/github.com/go-chi/chi/v5@v5.3.2/mux.go:483\nnet/http.HandlerFunc.ServeHTTP\n\t/Users/artni/go/pkg/mod/golang.org/toolchain@v0.0.1-go1.27.0.darwin-arm64/src/net/http/server.go:2338\ngithub.com/go-chi/chi/v5.(*Mux).ServeHTTP\n\t/Users/artni/go/pkg/mod/github.com/go-chi/chi/v5@v5.3.2/mux.go:90\nnet/http.serverHandler.ServeHTTP\n\t/Users/artni/go/pkg/mod/golang.org/toolchain@v0.0.1-go1.27.0.darwin-arm64/src/net/http/server.go:3413\nnet/http.(*conn).serve\n\t/Users/artni/go/pkg/mod/golang.org/toolchain@v0.0.1-go1.27.0.darwin-arm64/src/net/http/server.go:2137"}
{"L":"INFO","T":"2026-09-05T12:06:05.380+0300","C":"server/app.go:51","M":"app closed gracefully"}
{"L":"INFO","T":"2026-09-05T12:06:57.283+0300","C":"app/app.go:63","M":"database connection initialized successfully"}
{"L":"INFO","T":"2026-09-05T12:10:53.182+0300","C":"server/app.go:40","M":"shutting the app down"}
{"L":"INFO","T":"2026-09-05T12:10:53.182+0300","C":"server/app.go:51","M":"app closed gracefully"}
{"L":"INFO","T":"2026-09-05T12:12:10.873+0300","C":"app/app.go:63","M":"database connection initialized successfully"}
{"L":"INFO","T":"2026-09-05T12:16:48.872+0300","C":"server/app.go:40","M":"shutting the app down"}
{"L":"ERROR","T":"2026-09-05T12:16:48.873+0300","C":"avatars/avatars.go:43","M":"failed to save avatar","error":"ERROR: relation \"avatars\" does not exist (SQLSTATE 42P01)","S":"github.com/artni96/GophProfile/internal/repository/avatars.(*Repository).Save\n\t/Users/artni/Documents/Dev/GophProfile/internal/repository/avatars/avatars.go:43\ngithub.com/artni96/GophProfile/internal/services/avatars.(*Service).Save\n\t/Users/artni/Documents/Dev/GophProfile/internal/services/avatars/avatars.go:27\ngithub.com/artni96/GophProfile/internal/handlers.(*AvatarHandler).Upload\n\t/Users/artni/Documents/Dev/GophProfile/internal/handlers/handler.go:97\nnet/http.HandlerFunc.ServeHTTP\n\t/Users/artni/go/pkg/mod/golang.org/toolchain@v0.0.1-go1.27.0.darwin-arm64/src/net/http/server.go:2338\ngithub.com/go-chi/chi/v5.(*Mux).routeHTTP\n\t/Users/artni/go/pkg/mod/github.com/go-chi/chi/v5@v5.3.2/mux.go:483\nnet/http.HandlerFunc.ServeHTTP\n\t/Users/artni/go/pkg/mod/golang.org/toolchain@v0.0.1-go1.27.0.darwin-arm64/src/net/http/server.go:2338\ngithub.com/go-chi/chi/v5.(*Mux).ServeHTTP\n\t/Users/artni/go/pkg/mod/github.com/go-chi/chi/v5@v5.3.2/mux.go:73\ngithub.com/go-chi/chi/v5.(*Mux).Mount.func1\n\t/Users/artni/go/pkg/mod/github.com/go-chi/chi/v5@v5.3.2/mux.go:327\nnet/http.HandlerFunc.ServeHTTP\n\t/Users/artni/go/pkg/mod/golang.org/toolchain@v0.0.1-go1.27.0.darwin-arm64/src/net/http/server.go:2338\ngithub.com/go-chi/chi/v5.(*Mux).routeHTTP\n\t/Users/artni/go/pkg/mod/github.com/go-chi/chi/v5@v5.3.2/mux.go:483\nnet/http.HandlerFunc.ServeHTTP\n\t/Users/artni/go/pkg/mod/golang.org/toolchain@v0.0.1-go1.27.0.darwin-arm64/src/net/http/server.go:2338\ngithub.com/go-chi/chi/v5/middleware.Recoverer.func1\n\t/Users/artni/go/pkg/mod/github.com/go-chi/chi/v5@v5.3.2/middleware/recoverer.go:45\nnet/http.HandlerFunc.ServeHTTP\n\t/Users/artni/go/pkg/mod/golang.org/toolchain@v0.0.1-go1.27.0.darwin-arm64/src/net/http/server.go:2338\ngithub.com/go-chi/chi/v5/middleware.RequestID.func1\n\t/Users/artni/go/pkg/mod/github.com/go-chi/chi/v5@v5.3.2/middleware/request_id.go:76\nnet/http.HandlerFunc.ServeHTTP\n\t/Users/artni/go/pkg/mod/golang.org/toolchain@v0.0.1-go1.27.0.darwin-arm64/src/net/http/server.go:2338\ngithub.com/go-chi/chi/v5.(*Mux).ServeHTTP\n\t/Users/artni/go/pkg/mod/github.com/go-chi/chi/v5@v5.3.2/mux.go:73\ngithub.com/go-chi/chi/v5.(*Mux).Mount.func1\n\t/Users/artni/go/pkg/mod/github.com/go-chi/chi/v5@v5.3.2/mux.go:327\nnet/http.HandlerFunc.ServeHTTP\n\t/Users/artni/go/pkg/mod/golang.org/toolchain@v0.0.1-go1.27.0.darwin-arm64/src/net/http/server.go:2338\ngithub.com/go-chi/chi/v5.(*Mux).routeHTTP\n\t/Users/artni/go/pkg/mod/github.com/go-chi/chi/v5@v5.3.2/mux.go:483\nnet/http.HandlerFunc.ServeHTTP\n\t/Users/artni/go/pkg/mod/golang.org/toolchain@v0.0.1-go1.27.0.darwin-arm64/src/net/http/server.go:2338\ngithub.com/go-chi/chi/v5.(*Mux).ServeHTTP\n\t/Users/artni/go/pkg/mod/github.com/go-chi/chi/v5@v5.3.2/mux.go:90\nnet/http.serverHandler.ServeHTTP\n\t/Users/artni/go/pkg/mod/golang.org/toolchain@v0.0.1-go1.27.0.darwin-arm64/src/net/http/server.go:3413\nnet/http.(*conn).serve\n\t/Users/artni/go/pkg/mod/golang.org/toolchain@v0.0.1-go1.27.0.darwin-arm64/src/net/http/server.go:2137"}
{"L":"INFO","T":"2026-09-05T12:16:48.874+0300","C":"server/app.go:51","M":"app closed gracefully"}
{"L":"INFO","T":"2026-09-05T12:16:50.285+0300","C":"app/app.go:63","M":"database connection initialized successfully"}
{"L":"INFO","T":"2026-09-05T12:17:10.931+0300","C":"server/app.go:40","M":"shutting the app down"}
{"L":"INFO","T":"2026-09-05T12:17:10.931+0300","C":"server/app.go:51","M":"app closed gracefully"}
{"L":"INFO","T":"2026-09-05T12:17:11.628+0300","C":"app/app.go:63","M":"database connection initialized successfully"}
{"L":"INFO","T":"2026-09-05T12:20:20.968+0300","C":"server/app.go:40","M":"shutting the app down"}
{"L":"INFO","T":"2026-09-05T12:20:20.969+0300","C":"server/app.go:51","M":"app closed gracefully"}
{"L":"INFO","T":"2026-09-05T12:20:52.472+0300","C":"app/app.go:63","M":"database connection initialized successfully"}
{"L":"INFO","T":"2026-09-05T12:26:59.615+0300","C":"server/app.go:40","M":"shutting the app down"}
{"L":"ERROR","T":"2026-09-05T12:26:59.616+0300","C":"avatars/avatars.go:43","M":"failed to save avatar","error":"ERROR: relation \"avatars\" does not exist (SQLSTATE 42P01)","S":"github.com/artni96/GophProfile/internal/repository/avatars.(*Repository).Save\n\t/Users/artni/Documents/Dev/GophProfile/internal/repository/avatars/avatars.go:43\ngithub.com/artni96/GophProfile/internal/services/avatars.(*Service).Save\n\t/Users/artni/Documents/Dev/GophProfile/internal/services/avatars/avatars.go:27\ngithub.com/artni96/GophProfile/internal/handlers.(*AvatarHandler).Upload\n\t/Users/artni/Documents/Dev/GophProfile/internal/handlers/handler.go:112\nnet/http.HandlerFunc.ServeHTTP\n\t/Users/artni/go/pkg/mod/golang.org/toolchain@v0.0.1-go1.27.0.darwin-arm64/src/net/http/server.go:2338\ngithub.com/go-chi/chi/v5.(*Mux).routeHTTP\n\t/Users/artni/go/pkg/mod/github.com/go-chi/chi/v5@v5.3.2/mux.go:483\nnet/http.HandlerFunc.ServeHTTP\n\t/Users/artni/go/pkg/mod/golang.org/toolchain@v0.0.1-go1.27.0.darwin-arm64/src/net/http/server.go:2338\ngithub.com/go-chi/chi/v5.(*Mux).ServeHTTP\n\t/Users/artni/go/pkg/mod/github.com/go-chi/chi/v5@v5.3.2/mux.go:73\ngithub.com/go-chi/chi/v5.(*Mux).Mount.func1\n\t/Users/artni/go/pkg/mod/github.com/go-chi/chi/v5@v5.3.2/mux.go:327\nnet/http.HandlerFunc.ServeHTTP\n\t/Users/artni/go/pkg/mod/golang.org/toolchain@v0.0.1-go1.27.0.darwin-arm64/src/net/http/server.go:2338\ngithub.com/go-chi/chi/v5.(*Mux).routeHTTP\n\t/Users/artni/go/pkg/mod/github.com/go-chi/chi/v5@v5.3.2/mux.go:483\nnet/http.HandlerFunc.ServeHTTP\n\t/Users/artni/go/pkg/mod/golang.org/toolchain@v0.0.1-go1.27.0.darwin-arm64/src/net/http/server.go:2338\ngithub.com/go-chi/chi/v5/middleware.Recoverer.func1\n\t/Users/artni/go/pkg/mod/github.com/go-chi/chi/v5@v5.3.2/middleware/recoverer.go:45\nnet/http.HandlerFunc.ServeHTTP\n\t/Users/artni/go/pkg/mod/golang.org/toolchain@v0.0.1-go1.27.0.darwin-arm64/src/net/http/server.go:2338\ngithub.com/go-chi/chi/v5/middleware.RequestID.func1\n\t/Users/artni/go/pkg/mod/github.com/go-chi/chi/v5@v5.3.2/middleware/request_id.go:76\nnet/http.HandlerFunc.ServeHTTP\n\t/Users/artni/go/pkg/mod/golang.org/toolchain@v0.0.1-go1.27.0.darwin-arm64/src/net/http/server.go:2338\ngithub.com/go-chi/chi/v5.(*Mux).ServeHTTP\n\t/Users/artni/go/pkg/mod/github.com/go-chi/chi/v5@v5.3.2/mux.go:73\ngithub.com/go-chi/chi/v5.(*Mux).Mount.func1\n\t/Users/artni/go/pkg/mod/github.com/go-chi/chi/v5@v5.3.2/mux.go:327\nnet/http.HandlerFunc.ServeHTTP\n\t/Users/artni/go/pkg/mod/golang.org/toolchain@v0.0.1-go1.27.0.darwin-arm64/src/net/http/server.go:2338\ngithub.com/go-chi/chi/v5.(*Mux).routeHTTP\n\t/Users/artni/go/pkg/mod/github.com/go-chi/chi/v5@v5.3.2/mux.go:483\nnet/http.HandlerFunc.ServeHTTP\n\t/Users/artni/go/pkg/mod/golang.org/toolchain@v0.0.1-go1.27.0.darwin-arm64/src/net/http/server.go:2338\ngithub.com/go-chi/chi/v5.(*Mux).ServeHTTP\n\t/Users/artni/go/pkg/mod/github.com/go-chi/chi/v5@v5.3.2/mux.go:90\nnet/http.serverHandler.ServeHTTP\n\t/Users/artni/go/pkg/mod/golang.org/toolchain@v0.0.1-go1.27.0.darwin-arm64/src/net/http/server.go:3413\nnet/http.(*conn).serve\n\t/Users/artni/go/pkg/mod/golang.org/toolchain@v0.0.1-go1.27.0.darwin-arm64/src/net/http/server.go:2137"}
{"L":"INFO","T":"2026-09-05T12:26:59.616+0300","C":"server/app.go:51","M":"app closed gracefully"}
{"L":"INFO","T":"2026-09-05T12:29:11.006+0300","C":"app/app.go:63","M":"database connection initialized successfully"}
{"L":"INFO","T":"2026-09-05T12:33:57.008+0300","C":"server/app.go:40","M":"shutting the app down"}
{"L":"INFO","T":"2026-09-05T12:33:57.016+0300","C":"server/app.go:51","M":"app closed gracefully"}
{"L":"INFO","T":"2026-09-05T12:58:53.743+0300","C":"app/app.go:63","M":"database connection initialized successfully"}
{"L":"INFO","T":"2026-09-05T13:08:04.126+0300","C":"server/app.go:40","M":"shutting the app down"}
{"L":"INFO","T":"2026-09-05T13:08:04.126+0300","C":"server/app.go:51","M":"app closed gracefully"}
{"L":"INFO","T":"2026-09-05T13:08:05.959+0300","C":"app/app.go:63","M":"database connection initialized successfully"}
{"L":"INFO","T":"2026-09-05T13:11:16.557+0300","C":"server/app.go:40","M":"shutting the app down"}
{"L":"INFO","T":"2026-09-05T13:11:16.566+0300","C":"server/app.go:51","M":"app closed gracefully"}
{"L":"INFO","T":"2026-09-05T13:21:16.940+0300","C":"app/app.go:63","M":"database connection initialized successfully"}
{"L":"INFO","T":"2026-09-05T13:27:35.445+0300","C":"server/app.go:40","M":"shutting the app down"}
{"L":"INFO","T":"2026-09-05T13:27:35.446+0300","C":"server/app.go:51","M":"app closed gracefully"}
{"L":"INFO","T":"2026-09-05T13:30:47.792+0300","C":"app/app.go:63","M":"database connection initialized successfully"}
{"L":"DEBUG","T":"2026-09-05T13:31:01.386+0300","C":"avatars/avatars.go:52","M":"failed to save avatar","error":"ERROR: INSERT has more target columns than expressions (SQLSTATE 42601)"}
{"L":"INFO","T":"2026-09-05T13:31:44.899+0300","C":"server/app.go:40","M":"shutting the app down"}
{"L":"INFO","T":"2026-09-05T13:31:44.899+0300","C":"server/app.go:51","M":"app closed gracefully"}
{"L":"INFO","T":"2026-09-05T13:31:46.218+0300","C":"app/app.go:63","M":"database connection initialized successfully"}
{"L":"DEBUG","T":"2026-09-05T13:32:01.090+0300","C":"avatars/avatars.go:52","M":"failed to save avatar","error":"ERROR: INSERT has more target columns than expressions (SQLSTATE 42601)"}
{"L":"INFO","T":"2026-09-05T13:32:45.657+0300","C":"server/app.go:40","M":"shutting the app down"}
{"L":"INFO","T":"2026-09-05T13:32:45.657+0300","C":"server/app.go:51","M":"app closed gracefully"}
{"L":"INFO","T":"2026-09-05T13:32:47.440+0300","C":"app/app.go:63","M":"database connection initialized successfully"}
{"L":"DEBUG","T":"2026-09-05T13:32:49.159+0300","C":"avatars/avatars.go:52","M":"failed to save avatar","error":"ERROR: INSERT has more target columns than expressions (SQLSTATE 42601)"}
{"L":"INFO","T":"2026-09-05T13:33:15.276+0300","C":"server/app.go:40","M":"shutting the app down"}
{"L":"INFO","T":"2026-09-05T13:33:15.277+0300","C":"server/app.go:51","M":"app closed gracefully"}
{"L":"INFO","T":"2026-09-05T13:33:17.173+0300","C":"app/app.go:63","M":"database connection initialized successfully"}
{"L":"INFO","T":"2026-09-05T15:40:05.696+0300","C":"server/app.go:40","M":"shutting the app down"}
{"L":"INFO","T":"2026-09-05T15:40:05.698+0300","C":"server/app.go:51","M":"app closed gracefully"}
{"L":"INFO","T":"2026-09-05T15:40:08.748+0300","C":"app/app.go:63","M":"database connection initialized successfully"}
{"L":"INFO","T":"2026-09-05T15:40:29.901+0300","C":"server/app.go:40","M":"shutting the app down"}
{"L":"INFO","T":"2026-09-05T15:40:29.901+0300","C":"server/app.go:51","M":"app closed gracefully"}
{"L":"INFO","T":"2026-09-05T15:40:30.898+0300","C":"app/app.go:63","M":"database connection initialized successfully"}
{"L":"DEBUG","T":"2026-09-05T15:41:44.360+0300","C":"avatars/avatars.go:73","M":"failed to get avatar","avatarID":"a9741a0e-16e8-4bba-9d8f-5b856a2ced92","error":"expected slice but got struct"}
{"L":"INFO","T":"2026-09-05T15:41:49.293+0300","C":"server/app.go:40","M":"shutting the app down"}
{"L":"INFO","T":"2026-09-05T15:41:49.293+0300","C":"server/app.go:51","M":"app closed gracefully"}
{"L":"INFO","T":"2026-09-05T15:41:51.119+0300","C":"app/app.go:63","M":"database connection initialized successfully"}
{"L":"DEBUG","T":"2026-09-05T15:41:58.415+0300","C":"avatars/avatars.go:73","M":"failed to get avatar","avatarID":"a9741a0e-16e8-4bba-9d8f-5b856a2ced92","error":"expected slice but got struct"}
{"L":"DEBUG","T":"2026-09-05T15:41:59.646+0300","C":"avatars/avatars.go:73","M":"failed to get avatar","avatarID":"a9741a0e-16e8-4bba-9d8f-5b856a2ced92","error":"expected slice but got struct"}
{"L":"DEBUG","T":"2026-09-05T16:59:17.063+0300","C":"avatars/avatars.go:73","M":"failed to get avatar","avatarID":"a9741a0e-16e8-4bba-9d8f-5b856a2ced92","error":"expected slice but got struct"}
{"L":"INFO","T":"2026-09-05T16:59:17.065+0300","C":"server/app.go:40","M":"shutting the app down"}
{"L":"INFO","T":"2026-09-05T16:59:17.066+0300","C":"server/app.go:51","M":"app closed gracefully"}
{"L":"INFO","T":"2026-09-05T17:00:22.080+0300","C":"app/app.go:63","M":"database connection initialized successfully"}
{"L":"DEBUG","T":"2026-09-05T17:00:22.839+0300","C":"avatars/avatars.go:74","M":"failed to get avatar","id":"a9741a0e-16e8-4bba-9d8f-5b856a2ced92","error":"expected slice but got struct"}
{"L":"INFO","T":"2026-09-05T17:00:27.500+0300","C":"server/app.go:40","M":"shutting the app down"}
{"L":"INFO","T":"2026-09-05T17:00:27.500+0300","C":"server/app.go:51","M":"app closed gracefully"}
{"L":"INFO","T":"2026-09-05T17:00:29.075+0300","C":"app/app.go:63","M":"database connection initialized successfully"}
{"L":"DEBUG","T":"2026-09-05T17:00:49.167+0300","C":"avatars/avatars.go:74","M":"failed to get avatar","id":"a9741a0e-16e8-4bba-9d8f-5b856a2ced92","error":"expected slice but got struct"}
{"L":"INFO","T":"2026-09-05T17:00:59.407+0300","C":"server/app.go:40","M":"shutting the app down"}
{"L":"INFO","T":"2026-09-05T17:00:59.407+0300","C":"server/app.go:51","M":"app closed gracefully"}
{"L":"INFO","T":"2026-09-05T17:01:00.079+0300","C":"app/app.go:63","M":"database connection initialized successfully"}
{"L":"DEBUG","T":"2026-09-05T17:02:13.827+0300","C":"avatars/avatars.go:74","M":"failed to get avatar","id":"a9741a0e-16e8-4bba-9d8f-5b856a2ced92","error":"expected slice but got struct"}
{"L":"INFO","T":"2026-09-05T17:02:13.829+0300","C":"server/app.go:40","M":"shutting the app down"}
{"L":"INFO","T":"2026-09-05T17:02:13.830+0300","C":"server/app.go:51","M":"app closed gracefully"}
{"L":"INFO","T":"2026-09-05T17:02:15.279+0300","C":"app/app.go:63","M":"database connection initialized successfully"}
{"L":"DEBUG","T":"2026-09-05T17:03:55.223+0300","C":"avatars/avatars.go:74","M":"failed to get avatar","id":"a9741a0e-16e8-4bba-9d8f-5b856a2ced92","error":"expected slice but got struct"}
{"L":"INFO","T":"2026-09-05T17:03:55.226+0300","C":"server/app.go:40","M":"shutting the app down"}
{"L":"INFO","T":"2026-09-05T17:03:55.227+0300","C":"server/app.go:51","M":"app closed gracefully"}
{"L":"INFO","T":"2026-09-05T17:03:56.418+0300","C":"app/app.go:63","M":"database connection initialized successfully"}
{"L":"DEBUG","T":"2026-09-05T17:04:17.274+0300","C":"avatars/avatars.go:74","M":"failed to get avatar","id":"a9741a0e-16e8-4bba-9d8f-5b856a2ced92","error":"expected slice but got struct"}
{"L":"INFO","T":"2026-09-05T17:04:17.276+0300","C":"server/app.go:40","M":"shutting the app down"}
{"L":"INFO","T":"2026-09-05T17:04:17.277+0300","C":"server/app.go:51","M":"app closed gracefully"}
{"L":"INFO","T":"2026-09-05T17:04:18.625+0300","C":"app/app.go:63","M":"database connection initialized successfully"}
{"L":"INFO","T":"2026-09-05T17:04:19.009+0300","C":"server/app.go:40","M":"shutting the app down"}
{"L":"INFO","T":"2026-09-05T17:04:19.009+0300","C":"server/app.go:51","M":"app closed gracefully"}
{"L":"INFO","T":"2026-09-05T17:04:21.127+0300","C":"app/app.go:63","M":"database connection initialized successfully"}
{"L":"DEBUG","T":"2026-09-05T17:04:21.603+0300","C":"avatars/avatars.go:74","M":"failed to get avatar","id":"a9741a0e-16e8-4bba-9d8f-5b856a2ced92","error":"sql: Scan error on column index 8, name \"updated_at\": unsupported Scan, storing driver.Value type <nil> into type *time.Time"}
{"L":"DEBUG","T":"2026-09-05T17:04:22.578+0300","C":"avatars/avatars.go:74","M":"failed to get avatar","id":"a9741a0e-16e8-4bba-9d8f-5b856a2ced92","error":"sql: Scan error on column index 8, name \"updated_at\": unsupported Scan, storing driver.Value type <nil> into type *time.Time"}
{"L":"DEBUG","T":"2026-09-05T17:04:27.424+0300","C":"avatars/avatars.go:74","M":"failed to get avatar","id":"a9741a0e-16e8-4bba-9d8f-5b856a2ced92","error":"sql: Scan error on column index 8, name \"updated_at\": unsupported Scan, storing driver.Value type <nil> into type *time.Time"}
{"L":"INFO","T":"2026-09-05T17:04:28.593+0300","C":"server/app.go:40","M":"shutting the app down"}
{"L":"INFO","T":"2026-09-05T17:04:28.593+0300","C":"server/app.go:51","M":"app closed gracefully"}
{"L":"INFO","T":"2026-09-05T17:04:29.117+0300","C":"app/app.go:63","M":"database connection initialized successfully"}
{"L":"DEBUG","T":"2026-09-05T17:05:14.592+0300","C":"avatars/avatars.go:74","M":"failed to get avatar","id":"a9741a0e-16e8-4bba-9d8f-5b856a2ced92","error":"sql: Scan error on column index 8, name \"updated_at\": unsupported Scan, storing driver.Value type <nil> into type *time.Time"}
{"L":"INFO","T":"2026-09-05T17:05:14.595+0300","C":"server/app.go:40","M":"shutting the app down"}
{"L":"INFO","T":"2026-09-05T17:05:14.595+0300","C":"server/app.go:51","M":"app closed gracefully"}
{"L":"INFO","T":"2026-09-05T17:05:23.385+0300","C":"app/app.go:63","M":"database connection initialized successfully"}
{"L":"INFO","T":"2026-09-05T17:06:28.252+0300","C":"app/app.go:63","M":"database connection initialized successfully"}
{"L":"INFO","T":"2026-09-05T17:06:32.160+0300","C":"server/app.go:40","M":"shutting the app down"}
{"L":"INFO","T":"2026-09-05T17:06:32.160+0300","C":"server/app.go:51","M":"app closed gracefully"}
{"L":"INFO","T":"2026-09-05T17:06:33.952+0300","C":"app/app.go:63","M":"database connection initialized successfully"}
{"L":"INFO","T":"2026-09-05T17:07:22.878+0300","C":"server/app.go:40","M":"shutting the app down"}
{"L":"INFO","T":"2026-09-05T17:07:22.879+0300","C":"server/app.go:51","M":"app closed gracefully"}
{"L":"INFO","T":"2026-09-05T17:07:24.907+0300","C":"app/app.go:63","M":"database connection initialized successfully"}
{"L":"INFO","T":"2026-09-05T17:07:25.277+0300","C":"server/app.go:40","M":"shutting the app down"}
{"L":"INFO","T":"2026-09-05T17:07:25.277+0300","C":"server/app.go:51","M":"app closed gracefully"}
{"L":"INFO","T":"2026-09-05T17:07:27.347+0300","C":"app/app.go:63","M":"database connection initialized successfully"}
{"L":"INFO","T":"2026-09-05T17:35:41.906+0300","C":"server/app.go:40","M":"shutting the app down"}
{"L":"INFO","T":"2026-09-05T17:35:41.906+0300","C":"server/app.go:51","M":"app closed gracefully"}
{"L":"INFO","T":"2026-09-05T17:36:00.491+0300","C":"app/app.go:63","M":"database connection initialized successfully"}
{"L":"DEBUG","T":"2026-09-05T17:36:07.328+0300","C":"storage/interface.go:22","M":"failed to upload object","error":"InvalidAccessKeyId: The Access Key Id you provided does not exist in our records.\n\tstatus code: 403, request id: 18D273796A008798, host id: dd9025bab4ad464b049177c95eb6ebf374d3b3fd1af9251148b658df7ac2e3e8"}
{"L":"INFO","T":"2026-09-05T17:36:28.603+0300","C":"server/app.go:40","M":"shutting the app down"}
{"L":"INFO","T":"2026-09-05T17:36:28.603+0300","C":"server/app.go:51","M":"app closed gracefully"}
{"L":"INFO","T":"2026-09-05T17:36:30.393+0300","C":"app/app.go:63","M":"database connection initialized successfully"}
{"L":"DEBUG","T":"2026-09-05T17:38:29.177+0300","C":"storage/interface.go:22","M":"failed to upload object","error":"InvalidAccessKeyId: The Access Key Id you provided does not exist in our records.\n\tstatus code: 403, request id: 18D27389F365E88B, host id: dd9025bab4ad464b049177c95eb6ebf374d3b3fd1af9251148b658df7ac2e3e8"}
{"L":"INFO","T":"2026-09-05T17:38:29.179+0300","C":"server/app.go:40","M":"shutting the app down"}
{"L":"INFO","T":"2026-09-05T17:38:29.180+0300","C":"server/app.go:51","M":"app closed gracefully"}
{"L":"INFO","T":"2026-09-05T17:38:29.900+0300","C":"app/app.go:63","M":"database connection initialized successfully"}
{"L":"INFO","T":"2026-09-05T17:39:05.617+0300","C":"server/app.go:40","M":"shutting the app down"}
{"L":"INFO","T":"2026-09-05T17:39:05.618+0300","C":"server/app.go:51","M":"app closed gracefully"}
{"L":"INFO","T":"2026-09-05T17:39:07.130+0300","C":"app/app.go:63","M":"database connection initialized successfully"}
{"L":"DEBUG","T":"2026-09-05T17:39:18.649+0300","C":"storage/interface.go:22","M":"failed to upload object","error":"InvalidAccessKeyId: The Access Key Id you provided does not exist in our records.\n\tstatus code: 403, request id: 18D273A5F5A86D4F, host id: dd9025bab4ad464b049177c95eb6ebf374d3b3fd1af9251148b658df7ac2e3e8"}
{"L":"INFO","T":"2026-09-05T17:43:40.911+0300","C":"server/app.go:40","M":"shutting the app down"}
{"L":"INFO","T":"2026-09-05T17:43:40.911+0300","C":"server/app.go:51","M":"app closed gracefully"}
{"L":"INFO","T":"2026-09-05T17:43:41.730+0300","C":"app/app.go:63","M":"database connection initialized successfully"}
{"L":"INFO","T":"2026-09-05T17:44:41.782+0300","C":"app/app.go:63","M":"database connection initialized successfully"}
{"L":"INFO","T":"2026-09-05T17:44:44.623+0300","C":"server/app.go:40","M":"shutting the app down"}
{"L":"INFO","T":"2026-09-05T17:44:44.623+0300","C":"server/app.go:51","M":"app closed gracefully"}
{"L":"INFO","T":"2026-09-05T17:44:45.210+0300","C":"app/app.go:63","M":"database connection initialized successfully"}
{"L":"INFO","T":"2026-09-05T17:45:03.145+0300","C":"app/app.go:63","M":"database connection initialized successfully"}
{"L":"DEBUG","T":"2026-09-05T17:45:12.462+0300","C":"storage/interface.go:22","M":"failed to upload object","error":"InvalidAccessKeyId: The Access Key Id you provided does not exist in our records.\n\tstatus code: 403, request id: 18D273F85694E7AD, host id: dd9025bab4ad464b049177c95eb6ebf374d3b3fd1af9251148b658df7ac2e3e8"}
{"L":"INFO","T":"2026-09-05T18:05:44.004+0300","C":"server/app.go:40","M":"shutting the app down"}
{"L":"INFO","T":"2026-09-05T18:05:44.004+0300","C":"server/app.go:51","M":"app closed gracefully"}
{"L":"INFO","T":"2026-09-05T18:11:23.219+0300","C":"app/app.go:64","M":"database connection initialized successfully"}
{"L":"DEBUG","T":"2026-09-05T18:11:39.993+0300","C":"storage/interface.go:55","M":"failed to list buckets","error":"InvalidAccessKeyId: The Access Key Id you provided does not exist in our records.\n\tstatus code: 403, request id: 18D27569F6BC3374, host id: dd9025bab4ad464b049177c95eb6ebf374d3b3fd1af9251148b658df7ac2e3e8"}
{"L":"ERROR","T":"2026-09-05T18:11:39.993+0300","C":"health/health.go:40","M":"failed to check S3 health","error":"InvalidAccessKeyId: The Access Key Id you provided does not exist in our records.\n\tstatus code: 403, request id: 18D27569F6BC3374, host id: dd9025bab4ad464b049177c95eb6ebf374d3b3fd1af9251148b658df7ac2e3e8","S":"github.com/artni96/GophProfile/internal/handlers/health.(*Handler).Check\n\t/Users/artni/Documents/Dev/GophProfile/internal/handlers/health/health.go:40\nnet/http.HandlerFunc.ServeHTTP\n\t/Users/artni/go/pkg/mod/golang.org/toolchain@v0.0.1-go1.27.0.darwin-arm64/src/net/http/server.go:2338\ngithub.com/go-chi/chi/v5.(*Mux).routeHTTP\n\t/Users/artni/go/pkg/mod/github.com/go-chi/chi/v5@v5.3.2/mux.go:483\nnet/http.HandlerFunc.ServeHTTP\n\t/Users/artni/go/pkg/mod/golang.org/toolchain@v0.0.1-go1.27.0.darwin-arm64/src/net/http/server.go:2338\ngithub.com/go-chi/chi/v5.(*Mux).ServeHTTP\n\t/Users/artni/go/pkg/mod/github.com/go-chi/chi/v5@v5.3.2/mux.go:73\ngithub.com/go-chi/chi/v5.(*Mux).Mount.func1\n\t/Users/artni/go/pkg/mod/github.com/go-chi/chi/v5@v5.3.2/mux.go:327\nnet/http.HandlerFunc.ServeHTTP\n\t/Users/artni/go/pkg/mod/golang.org/toolchain@v0.0.1-go1.27.0.darwin-arm64/src/net/http/server.go:2338\ngithub.com/go-chi/chi/v5.(*Mux).routeHTTP\n\t/Users/artni/go/pkg/mod/github.com/go-chi/chi/v5@v5.3.2/mux.go:483\nnet/http.HandlerFunc.ServeHTTP\n\t/Users/artni/go/pkg/mod/golang.org/toolchain@v0.0.1-go1.27.0.darwin-arm64/src/net/http/server.go:2338\ngithub.com/go-chi/chi/v5/middleware.Recoverer.func1\n\t/Users/artni/go/pkg/mod/github.com/go-chi/chi/v5@v5.3.2/middleware/recoverer.go:45\nnet/http.HandlerFunc.ServeHTTP\n\t/Users/artni/go/pkg/mod/golang.org/toolchain@v0.0.1-go1.27.0.darwin-arm64/src/net/http/server.go:2338\ngithub.com/go-chi/chi/v5/middleware.RequestID.func1\n\t/Users/artni/go/pkg/mod/github.com/go-chi/chi/v5@v5.3.2/middleware/request_id.go:76\nnet/http.HandlerFunc.ServeHTTP\n\t/Users/artni/go/pkg/mod/golang.org/toolchain@v0.0.1-go1.27.0.darwin-arm64/src/net/http/server.go:2338\ngithub.com/go-chi/chi/v5.(*Mux).ServeHTTP\n\t/Users/artni/go/pkg/mod/github.com/go-chi/chi/v5@v5.3.2/mux.go:73\ngithub.com/go-chi/chi/v5.(*Mux).Mount.func1\n\t/Users/artni/go/pkg/mod/github.com/go-chi/chi/v5@v5.3.2/mux.go:327\nnet/http.HandlerFunc.ServeHTTP\n\t/Users/artni/go/pkg/mod/golang.org/toolchain@v0.0.1-go1.27.0.darwin-arm64/src/net/http/server.go:2338\ngithub.com/go-chi/chi/v5.(*Mux).routeHTTP\n\t/Users/artni/go/pkg/mod/github.com/go-chi/chi/v5@v5.3.2/mux.go:483\nnet/http.HandlerFunc.ServeHTTP\n\t/Users/artni/go/pkg/mod/golang.org/toolchain@v0.0.1-go1.27.0.darwin-arm64/src/net/http/server.go:2338\ngithub.com/go-chi/chi/v5.(*Mux).ServeHTTP\n\t/Users/artni/go/pkg/mod/github.com/go-chi/chi/v5@v5.3.2/mux.go:90\nnet/http.serverHandler.ServeHTTP\n\t/Users/artni/go/pkg/mod/golang.org/toolchain@v0.0.1-go1.27.0.darwin-arm64/src/net/http/server.go:3413\nnet/http.(*conn).serve\n\t/Users/artni/go/pkg/mod/golang.org/toolchain@v0.0.1-go1.27.0.darwin-arm64/src/net/http/server.go:2137"}
{"L":"INFO","T":"2026-09-05T18:12:11.788+0300","C":"server/app.go:40","M":"shutting the app down"}
{"L":"INFO","T":"2026-09-05T18:12:11.788+0300","C":"server/app.go:51","M":"app closed gracefully"}
{"L":"INFO","T":"2026-09-05T18:12:12.951+0300","C":"app/app.go:64","M":"database connection initialized successfully"}
{"L":"DEBUG","T":"2026-09-05T18:12:14.256+0300","C":"storage/interface.go:55","M":"failed to list buckets","error":"InvalidAccessKeyId: The Access Key Id you provided does not exist in our records.\n\tstatus code: 403, request id: 18D27571F0F507D9, host id: dd9025bab4ad464b049177c95eb6ebf374d3b3fd1af9251148b658df7ac2e3e8"}
{"L":"ERROR","T":"2026-09-05T18:12:14.256+0300","C":"health/health.go:40","M":"failed to check S3 health","error":"InvalidAccessKeyId: The Access Key Id you provided does not exist in our records.\n\tstatus code: 403, request id: 18D27571F0F507D9, host id: dd9025bab4ad464b049177c95eb6ebf374d3b3fd1af9251148b658df7ac2e3e8","S":"github.com/artni96/GophProfile/internal/handlers/health.(*Handler).Check\n\t/Users/artni/Documents/Dev/GophProfile/internal/handlers/health/health.go:40\nnet/http.HandlerFunc.ServeHTTP\n\t/Users/artni/go/pkg/mod/golang.org/toolchain@v0.0.1-go1.27.0.darwin-arm64/src/net/http/server.go:2338\ngithub.com/go-chi/chi/v5.(*Mux).routeHTTP\n\t/Users/artni/go/pkg/mod/github.com/go-chi/chi/v5@v5.3.2/mux.go:483\nnet/http.HandlerFunc.ServeHTTP\n\t/Users/artni/go/pkg/mod/golang.org/toolchain@v0.0.1-go1.27.0.darwin-arm64/src/net/http/server.go:2338\ngithub.com/go-chi/chi/v5.(*Mux).ServeHTTP\n\t/Users/artni/go/pkg/mod/github.com/go-chi/chi/v5@v5.3.2/mux.go:73\ngithub.com/go-chi/chi/v5.(*Mux).Mount.func1\n\t/Users/artni/go/pkg/mod/github.com/go-chi/chi/v5@v5.3.2/mux.go:327\nnet/http.HandlerFunc.ServeHTTP\n\t/Users/artni/go/pkg/mod/golang.org/toolchain@v0.0.1-go1.27.0.darwin-arm64/src/net/http/server.go:2338\ngithub.com/go-chi/chi/v5.(*Mux).routeHTTP\n\t/Users/artni/go/pkg/mod/github.com/go-chi/chi/v5@v5.3.2/mux.go:483\nnet/http.HandlerFunc.ServeHTTP\n\t/Users/artni/go/pkg/mod/golang.org/toolchain@v0.0.1-go1.27.0.darwin-arm64/src/net/http/server.go:2338\ngithub.com/go-chi/chi/v5/middleware.Recoverer.func1\n\t/Users/artni/go/pkg/mod/github.com/go-chi/chi/v5@v5.3.2/middleware/recoverer.go:45\nnet/http.HandlerFunc.ServeHTTP\n\t/Users/artni/go/pkg/mod/golang.org/toolchain@v0.0.1-go1.27.0.darwin-arm64/src/net/http/server.go:2338\ngithub.com/go-chi/chi/v5/middleware.RequestID.func1\n\t/Users/artni/go/pkg/mod/github.com/go-chi/chi/v5@v5.3.2/middleware/request_id.go:76\nnet/http.HandlerFunc.ServeHTTP\n\t/Users/artni/go/pkg/mod/golang.org/toolchain@v0.0.1-go1.27.0.darwin-arm64/src/net/http/server.go:2338\ngithub.com/go-chi/chi/v5.(*Mux).ServeHTTP\n\t/Users/artni/go/pkg/mod/github.com/go-chi/chi/v5@v5.3.2/mux.go:73\ngithub.com/go-chi/chi/v5.(*Mux).Mount.func1\n\t/Users/artni/go/pkg/mod/github.com/go-chi/chi/v5@v5.3.2/mux.go:327\nnet/http.HandlerFunc.ServeHTTP\n\t/Users/artni/go/pkg/mod/golang.org/toolchain@v0.0.1-go1.27.0.darwin-arm64/src/net/http/server.go:2338\ngithub.com/go-chi/chi/v5.(*Mux).routeHTTP\n\t/Users/artni/go/pkg/mod/github.com/go-chi/chi/v5@v5.3.2/mux.go:483\nnet/http.HandlerFunc.ServeHTTP\n\t/Users/artni/go/pkg/mod/golang.org/toolchain@v0.0.1-go1.27.0.darwin-arm64/src/net/http/server.go:2338\ngithub.com/go-chi/chi/v5.(*Mux).ServeHTTP\n\t/Users/artni/go/pkg/mod/github.com/go-chi/chi/v5@v5.3.2/mux.go:90\nnet/http.serverHandler.ServeHTTP\n\t/Users/artni/go/pkg/mod/golang.org/toolchain@v0.0.1-go1.27.0.darwin-arm64/src/net/http/server.go:3413\nnet/http.(*conn).serve\n\t/Users/artni/go/pkg/mod/golang.org/toolchain@v0.0.1-go1.27.0.darwin-arm64/src/net/http/server.go:2137"}
{"L":"INFO","T":"2026-09-05T18:12:19.818+0300","C":"server/app.go:40","M":"shutting the app down"}
{"L":"INFO","T":"2026-09-05T18:12:19.819+0300","C":"server/app.go:51","M":"app closed gracefully"}
{"L":"INFO","T":"2026-09-05T18:12:21.544+0300","C":"app/app.go:64","M":"database connection initialized successfully"}
{"L":"DEBUG","T":"2026-09-05T18:12:26.250+0300","C":"storage/interface.go:55","M":"failed to list buckets","error":"InvalidAccessKeyId: The Access Key Id you provided does not exist in our records.\n\tstatus code: 403, request id: 18D27574BBDA0128, host id: dd9025bab4ad464b049177c95eb6ebf374d3b3fd1af9251148b658df7ac2e3e8"}
{"L":"ERROR","T":"2026-09-05T18:12:40.502+0300","C":"health/health.go:40","M":"failed to check S3 health","error":"InvalidAccessKeyId: The Access Key Id you provided does not exist in our records.\n\tstatus code: 403, request id: 18D27574BBDA0128, host id: dd9025bab4ad464b049177c95eb6ebf374d3b3fd1af9251148b658df7ac2e3e8","S":"github.com/artni96/GophProfile/internal/handlers/health.(*Handler).Check\n\t/Users/artni/Documents/Dev/GophProfile/internal/handlers/health/health.go:40\nnet/http.HandlerFunc.ServeHTTP\n\t/Users/artni/go/pkg/mod/golang.org/toolchain@v0.0.1-go1.27.0.darwin-arm64/src/net/http/server.go:2338\ngithub.com/go-chi/chi/v5.(*Mux).routeHTTP\n\t/Users/artni/go/pkg/mod/github.com/go-chi/chi/v5@v5.3.2/mux.go:483\nnet/http.HandlerFunc.ServeHTTP\n\t/Users/artni/go/pkg/mod/golang.org/toolchain@v0.0.1-go1.27.0.darwin-arm64/src/net/http/server.go:2338\ngithub.com/go-chi/chi/v5.(*Mux).ServeHTTP\n\t/Users/artni/go/pkg/mod/github.com/go-chi/chi/v5@v5.3.2/mux.go:73\ngithub.com/go-chi/chi/v5.(*Mux).Mount.func1\n\t/Users/artni/go/pkg/mod/github.com/go-chi/chi/v5@v5.3.2/mux.go:327\nnet/http.HandlerFunc.ServeHTTP\n\t/Users/artni/go/pkg/mod/golang.org/toolchain@v0.0.1-go1.27.0.darwin-arm64/src/net/http/server.go:2338\ngithub.com/go-chi/chi/v5.(*Mux).routeHTTP\n\t/Users/artni/go/pkg/mod/github.com/go-chi/chi/v5@v5.3.2/mux.go:483\nnet/http.HandlerFunc.ServeHTTP\n\t/Users/artni/go/pkg/mod/golang.org/toolchain@v0.0.1-go1.27.0.darwin-arm64/src/net/http/server.go:2338\ngithub.com/go-chi/chi/v5/middleware.Recoverer.func1\n\t/Users/artni/go/pkg/mod/github.com/go-chi/chi/v5@v5.3.2/middleware/recoverer.go:45\nnet/http.HandlerFunc.ServeHTTP\n\t/Users/artni/go/pkg/mod/golang.org/toolchain@v0.0.1-go1.27.0.darwin-arm64/src/net/http/server.go:2338\ngithub.com/go-chi/chi/v5/middleware.RequestID.func1\n\t/Users/artni/go/pkg/mod/github.com/go-chi/chi/v5@v5.3.2/middleware/request_id.go:76\nnet/http.HandlerFunc.ServeHTTP\n\t/Users/artni/go/pkg/mod/golang.org/toolchain@v0.0.1-go1.27.0.darwin-arm64/src/net/http/server.go:2338\ngithub.com/go-chi/chi/v5.(*Mux).ServeHTTP\n\t/Users/artni/go/pkg/mod/github.com/go-chi/chi/v5@v5.3.2/mux.go:73\ngithub.com/go-chi/chi/v5.(*Mux).Mount.func1\n\t/Users/artni/go/pkg/mod/github.com/go-chi/chi/v5@v5.3.2/mux.go:327\nnet/http.HandlerFunc.ServeHTTP\n\t/Users/artni/go/pkg/mod/golang.org/toolchain@v0.0.1-go1.27.0.darwin-arm64/src/net/http/server.go:2338\ngithub.com/go-chi/chi/v5.(*Mux).routeHTTP\n\t/Users/artni/go/pkg/mod/github.com/go-chi/chi/v5@v5.3.2/mux.go:483\nnet/http.HandlerFunc.ServeHTTP\n\t/Users/artni/go/pkg/mod/golang.org/toolchain@v0.0.1-go1.27.0.darwin-arm64/src/net/http/server.go:2338\ngithub.com/go-chi/chi/v5.(*Mux).ServeHTTP\n\t/Users/artni/go/pkg/mod/github.com/go-chi/chi/v5@v5.3.2/mux.go:90\nnet/http.serverHandler.ServeHTTP\n\t/Users/artni/go/pkg/mod/golang.org/toolchain@v0.0.1-go1.27.0.darwin-arm64/src/net/http/server.go:3413\nnet/http.(*conn).serve\n\t/Users/artni/go/pkg/mod/golang.org/toolchain@v0.0.1-go1.27.0.darwin-arm64/src/net/http/server.go:2137"}
{"L":"INFO","T":"2026-09-05T18:12:40.504+0300","C":"server/app.go:40","M":"shutting the app down"}
{"L":"INFO","T":"2026-09-05T18:12:40.505+0300","C":"server/app.go:51","M":"app closed gracefully"}
{"L":"INFO","T":"2026-09-05T18:12:41.172+0300","C":"app/app.go:64","M":"database connection initialized successfully"}
{"L":"DEBUG","T":"2026-09-05T18:33:29.360+0300","C":"storage/interface.go:55","M":"failed to list buckets","error":"InvalidAccessKeyId: The Access Key Id you provided does not exist in our records.\n\tstatus code: 403, request id: 18D2757B14A8E319, host id: dd9025bab4ad464b049177c95eb6ebf374d3b3fd1af9251148b658df7ac2e3e8"}
{"L":"INFO","T":"2026-09-05T18:33:29.362+0300","C":"server/app.go:40","M":"shutting the app down"}
{"L":"ERROR","T":"2026-09-05T18:33:29.363+0300","C":"health/health.go:40","M":"failed to check S3 health","error":"InvalidAccessKeyId: The Access Key Id you provided does not exist in our records.\n\tstatus code: 403, request id: 18D2757B14A8E319, host id: dd9025bab4ad464b049177c95eb6ebf374d3b3fd1af9251148b658df7ac2e3e8","S":"github.com/artni96/GophProfile/internal/handlers/health.(*Handler).Check\n\t/Users/artni/Documents/Dev/GophProfile/internal/handlers/health/health.go:40\nnet/http.HandlerFunc.ServeHTTP\n\t/Users/artni/go/pkg/mod/golang.org/toolchain@v0.0.1-go1.27.0.darwin-arm64/src/net/http/server.go:2338\ngithub.com/go-chi/chi/v5.(*Mux).routeHTTP\n\t/Users/artni/go/pkg/mod/github.com/go-chi/chi/v5@v5.3.2/mux.go:483\nnet/http.HandlerFunc.ServeHTTP\n\t/Users/artni/go/pkg/mod/golang.org/toolchain@v0.0.1-go1.27.0.darwin-arm64/src/net/http/server.go:2338\ngithub.com/go-chi/chi/v5.(*Mux).ServeHTTP\n\t/Users/artni/go/pkg/mod/github.com/go-chi/chi/v5@v5.3.2/mux.go:73\ngithub.com/go-chi/chi/v5.(*Mux).Mount.func1\n\t/Users/artni/go/pkg/mod/github.com/go-chi/chi/v5@v5.3.2/mux.go:327\nnet/http.HandlerFunc.ServeHTTP\n\t/Users/artni/go/pkg/mod/golang.org/toolchain@v0.0.1-go1.27.0.darwin-arm64/src/net/http/server.go:2338\ngithub.com/go-chi/chi/v5.(*Mux).routeHTTP\n\t/Users/artni/go/pkg/mod/github.com/go-chi/chi/v5@v5.3.2/mux.go:483\nnet/http.HandlerFunc.ServeHTTP\n\t/Users/artni/go/pkg/mod/golang.org/toolchain@v0.0.1-go1.27.0.darwin-arm64/src/net/http/server.go:2338\ngithub.com/go-chi/chi/v5/middleware.Recoverer.func1\n\t/Users/artni/go/pkg/mod/github.com/go-chi/chi/v5@v5.3.2/middleware/recoverer.go:45\nnet/http.HandlerFunc.ServeHTTP\n\t/Users/artni/go/pkg/mod/golang.org/toolchain@v0.0.1-go1.27.0.darwin-arm64/src/net/http/server.go:2338\ngithub.com/go-chi/chi/v5/middleware.RequestID.func1\n\t/Users/artni/go/pkg/mod/github.com/go-chi/chi/v5@v5.3.2/middleware/request_id.go:76\nnet/http.HandlerFunc.ServeHTTP\n\t/Users/artni/go/pkg/mod/golang.org/toolchain@v0.0.1-go1.27.0.darwin-arm64/src/net/http/server.go:2338\ngithub.com/go-chi/chi/v5.(*Mux).ServeHTTP\n\t/Users/artni/go/pkg/mod/github.com/go-chi/chi/v5@v5.3.2/mux.go:73\ngithub.com/go-chi/chi/v5.(*Mux).Mount.func1\n\t/Users/artni/go/pkg/mod/github.com/go-chi/chi/v5@v5.3.2/mux.go:327\nnet/http.HandlerFunc.ServeHTTP\n\t/Users/artni/go/pkg/mod/golang.org/toolchain@v0.0.1-go1.27.0.darwin-arm64/src/net/http/server.go:2338\ngithub.com/go-chi/chi/v5.(*Mux).routeHTTP\n\t/Users/artni/go/pkg/mod/github.com/go-chi/chi/v5@v5.3.2/mux.go:483\nnet/http.HandlerFunc.ServeHTTP\n\t/Users/artni/go/pkg/mod/golang.org/toolchain@v0.0.1-go1.27.0.darwin-arm64/src/net/http/server.go:2338\ngithub.com/go-chi/chi/v5.(*Mux).ServeHTTP\n\t/Users/artni/go/pkg/mod/github.com/go-chi/chi/v5@v5.3.2/mux.go:90\nnet/http.serverHandler.ServeHTTP\n\t/Users/artni/go/pkg/mod/golang.org/toolchain@v0.0.1-go1.27.0.darwin-arm64/src/net/http/server.go:3413\nnet/http.(*conn).serve\n\t/Users/artni/go/pkg/mod/golang.org/toolchain@v0.0.1-go1.27.0.darwin-arm64/src/net/http/server.go:2137"}
{"L":"INFO","T":"2026-09-05T18:33:29.364+0300","C":"server/app.go:51","M":"app closed gracefully"}
{"L":"INFO","T":"2026-09-05T18:34:15.015+0300","C":"app/app.go:64","M":"database connection initialized successfully"}
{"L":"INFO","T":"2026-09-05T18:36:01.019+0300","C":"app/app.go:64","M":"database connection initialized successfully"}
{"L":"INFO","T":"2026-09-05T18:37:02.336+0300","C":"app/app.go:64","M":"database connection initialized successfully"}
{"L":"INFO","T":"2026-09-05T18:48:24.684+0300","C":"app/app.go:64","M":"database connection initialized successfully"}
{"L":"INFO","T":"2026-09-05T18:50:34.027+0300","C":"app/app.go:64","M":"database connection initialized successfully"}
{"L":"INFO","T":"2026-09-05T18:50:38.903+0300","C":"server/app.go:40","M":"shutting the app down"}
{"L":"INFO","T":"2026-09-05T18:50:38.904+0300","C":"server/app.go:51","M":"app closed gracefully"}
{"L":"INFO","T":"2026-09-05T18:51:00.332+0300","C":"app/app.go:64","M":"database connection initialized successfully"}
{"L":"INFO","T":"2026-09-05T18:51:06.288+0300","C":"server/app.go:40","M":"shutting the app down"}
{"L":"INFO","T":"2026-09-05T18:51:06.288+0300","C":"server/app.go:51","M":"app closed gracefully"}
{"L":"INFO","T":"2026-09-05T18:51:06.828+0300","C":"app/app.go:64","M":"database connection initialized successfully"}
{"L":"DEBUG","T":"2026-09-05T18:51:16.053+0300","C":"storage/interface.go:26","M":"Successfully uploaded to gophprofile//originals/user1/test_image.png"}
{"L":"INFO","T":"2026-09-05T18:55:06.804+0300","C":"server/app.go:40","M":"shutting the app down"}
{"L":"INFO","T":"2026-09-05T18:55:06.805+0300","C":"server/app.go:51","M":"app closed gracefully"}
{"L":"INFO","T":"2026-09-05T18:55:15.726+0300","C":"app/app.go:64","M":"database connection initialized successfully"}
{"L":"DEBUG","T":"2026-09-05T18:56:01.913+0300","C":"storage/interface.go:26","M":"Successfully uploaded to gophprofile//originals/user1/test_image.png"}
{"L":"INFO","T":"2026-09-05T18:57:39.348+0300","C":"server/app.go:40","M":"shutting the app down"}
{"L":"INFO","T":"2026-09-05T18:57:39.348+0300","C":"server/app.go:51","M":"app closed gracefully"}
{"L":"INFO","T":"2026-09-05T18:57:41.276+0300","C":"app/app.go:64","M":"database connection initialized successfully"}
{"L":"DEBUG","T":"2026-09-05T18:57:48.515+0300","C":"storage/interface.go:26","M":"Successfully uploaded to gophprofile//originals/user1/test_image.png"}
{"L":"INFO","T":"2026-09-05T19:01:09.267+0300","C":"server/app.go:40","M":"shutting the app down"}
{"L":"INFO","T":"2026-09-05T19:01:09.267+0300","C":"server/app.go:51","M":"app closed gracefully"}
{"L":"INFO","T":"2026-09-05T19:02:02.175+0300","C":"app/app.go:64","M":"database connection initialized successfully"}
{"L":"DEBUG","T":"2026-09-05T19:02:09.758+0300","C":"storage/interface.go:26","M":"Successfully uploaded to gophprofile//originals/user1/test_image.png"}
{"L":"INFO","T":"2026-09-05T19:04:43.850+0300","C":"server/app.go:40","M":"shutting the app down"}
{"L":"INFO","T":"2026-09-05T19:04:43.850+0300","C":"server/app.go:51","M":"app closed gracefully"}
{"L":"INFO","T":"2026-09-05T19:04:45.208+0300","C":"app/app.go:64","M":"database connection initialized successfully"}
{"L":"DEBUG","T":"2026-09-05T19:04:47.886+0300","C":"storage/interface.go:26","M":"Successfully uploaded to gophprofile//originals/user1/test_image.png"}
{"L":"INFO","T":"2026-09-05T22:01:20.188+0300","C":"server/app.go:40","M":"shutting the app down"}
{"L":"INFO","T":"2026-09-05T22:01:20.189+0300","C":"server/app.go:51","M":"app closed gracefully"}
{"L":"INFO","T":"2026-09-06T10:39:00.356+0300","C":"app/app.go:67","M":"database connection initialized successfully"}
{"L":"INFO","T":"2026-09-06T10:39:01.178+0300","C":"server/app.go:40","M":"shutting the app down"}
{"L":"INFO","T":"2026-09-06T10:39:01.179+0300","C":"server/app.go:51","M":"app closed gracefully"}
{"L":"INFO","T":"2026-09-06T10:43:34.600+0300","C":"app/app.go:67","M":"database connection initialized successfully"}
{"L":"DEBUG","T":"2026-09-06T10:43:39.247+0300","C":"storage/interface.go:26","M":"Successfully uploaded to gophprofile//originals/user1/test_image.png"}
{"L":"INFO","T":"2026-09-06T10:43:50.664+0300","C":"server/app.go:40","M":"shutting the app down"}
{"L":"INFO","T":"2026-09-06T10:43:50.664+0300","C":"server/app.go:51","M":"app closed gracefully"}
{"L":"INFO","T":"2026-09-06T10:43:52.473+0300","C":"app/app.go:67","M":"database connection initialized successfully"}
{"L":"DEBUG","T":"2026-09-06T10:43:57.538+0300","C":"storage/interface.go:26","M":"Successfully uploaded to gophprofile//originals/user1/test_image.png"}
{"L":"INFO","T":"2026-09-06T10:44:22.131+0300","C":"server/app.go:40","M":"shutting the app down"}
{"L":"INFO","T":"2026-09-06T10:44:22.133+0300","C":"server/app.go:51","M":"app closed gracefully"}
{"L":"INFO","T":"2026-09-06T10:45:02.570+0300","C":"app/app.go:67","M":"database connection initialized successfully"}
{"L":"DEBUG","T":"2026-09-06T10:45:04.488+0300","C":"storage/interface.go:26","M":"Successfully uploaded to gophprofile//originals/user1/test_image.png"}
{"L":"INFO","T":"2026-09-06T10:45:10.690+0300","C":"server/app.go:40","M":"shutting the app down"}
{"L":"INFO","T":"2026-09-06T10:45:10.690+0300","C":"server/app.go:51","M":"app closed gracefully"}
{"L":"INFO","T":"2026-09-06T10:45:12.274+0300","C":"app/app.go:67","M":"database connection initialized successfully"}
{"L":"INFO","T":"2026-09-06T10:45:26.672+0300","C":"server/app.go:40","M":"shutting the app down"}
{"L":"INFO","T":"2026-09-06T10:45:26.673+0300","C":"server/app.go:51","M":"app closed gracefully"}
{"L":"INFO","T":"2026-09-06T10:45:28.724+0300","C":"app/app.go:67","M":"database connection initialized successfully"}
{"L":"DEBUG","T":"2026-09-06T10:45:29.928+0300","C":"storage/interface.go:26","M":"Successfully uploaded to gophprofile//originals/user1/test_image.png"}
{"L":"INFO","T":"2026-09-06T10:46:14.768+0300","C":"server/app.go:40","M":"shutting the app down"}
{"L":"INFO","T":"2026-09-06T10:46:14.769+0300","C":"server/app.go:51","M":"app closed gracefully"}
{"L":"INFO","T":"2026-09-06T10:46:16.586+0300","C":"app/app.go:67","M":"database connection initialized successfully"}
{"L":"DEBUG","T":"2026-09-06T10:46:36.759+0300","C":"storage/interface.go:26","M":"Successfully uploaded to gophprofile//originals/user1/test_image.png"}
{"L":"INFO","T":"2026-09-06T10:46:46.184+0300","C":"server/app.go:40","M":"shutting the app down"}
{"L":"INFO","T":"2026-09-06T10:46:46.184+0300","C":"server/app.go:51","M":"app closed gracefully"}
{"L":"INFO","T":"2026-09-06T10:48:27.882+0300","C":"app/app.go:67","M":"database connection initialized successfully"}
{"L":"DEBUG","T":"2026-09-06T10:48:32.103+0300","C":"storage/interface.go:26","M":"Successfully uploaded to gophprofile//originals/user1/test_image.png"}
{"L":"INFO","T":"2026-09-06T10:50:03.768+0300","C":"server/app.go:40","M":"shutting the app down"}
{"L":"INFO","T":"2026-09-06T10:50:03.768+0300","C":"server/app.go:51","M":"app closed gracefully"}
{"L":"INFO","T":"2026-09-06T10:50:05.070+0300","C":"app/app.go:67","M":"database connection initialized successfully"}
{"L":"INFO","T":"2026-09-06T10:50:43.200+0300","C":"server/app.go:40","M":"shutting the app down"}
{"L":"INFO","T":"2026-09-06T10:50:43.201+0300","C":"server/app.go:51","M":"app closed gracefully"}
{"L":"INFO","T":"2026-09-06T10:50:43.583+0300","C":"app/app.go:67","M":"database connection initialized successfully"}
{"L":"INFO","T":"2026-09-06T10:50:53.387+0300","C":"server/app.go:40","M":"shutting the app down"}
{"L":"INFO","T":"2026-09-06T10:50:53.387+0300","C":"server/app.go:51","M":"app closed gracefully"}
{"L":"INFO","T":"2026-09-06T10:50:54.631+0300","C":"app/app.go:67","M":"database connection initialized successfully"}
{"L":"DEBUG","T":"2026-09-06T10:50:59.359+0300","C":"storage/interface.go:26","M":"Successfully uploaded to gophprofile//originals/user1/test_image.png"}
{"L":"INFO","T":"2026-09-06T10:51:17.907+0300","C":"server/app.go:40","M":"shutting the app down"}
{"L":"INFO","T":"2026-09-06T10:51:17.908+0300","C":"server/app.go:51","M":"app closed gracefully"}
{"L":"INFO","T":"2026-09-06T10:51:19.665+0300","C":"app/app.go:67","M":"database connection initialized successfully"}
{"L":"DEBUG","T":"2026-09-06T10:51:32.495+0300","C":"storage/interface.go:26","M":"Successfully uploaded to gophprofile//originals/user1/test_image.png"}
{"L":"ERROR","T":"2026-09-06T10:51:50.956+0300","C":"worker/rabbitmq.go:119","M":"failed to publish message","error":"context deadline exceeded","S":"github.com/artni96/GophProfile/internal/worker.(*Broker).Produce\n\t/Users/artni/Documents/Dev/GophProfile/internal/worker/rabbitmq.go:119\ngithub.com/artni96/GophProfile/internal/services/avatars.(*Service).Save\n\t/Users/artni/Documents/Dev/GophProfile/internal/services/avatars/avatars.go:114\ngithub.com/artni96/GophProfile/internal/handlers/avatars.(*AvatarHandler).Upload\n\t/Users/artni/Documents/Dev/GophProfile/internal/handlers/avatars/avatars.go:63\nnet/http.HandlerFunc.ServeHTTP\n\t/Users/artni/go/pkg/mod/golang.org/toolchain@v0.0.1-go1.27.0.darwin-arm64/src/net/http/server.go:2338\ngithub.com/go-chi/chi/v5.(*Mux).routeHTTP\n\t/Users/artni/go/pkg/mod/github.com/go-chi/chi/v5@v5.3.2/mux.go:483\nnet/http.HandlerFunc.ServeHTTP\n\t/Users/artni/go/pkg/mod/golang.org/toolchain@v0.0.1-go1.27.0.darwin-arm64/src/net/http/server.go:2338\ngithub.com/go-chi/chi/v5.(*Mux).ServeHTTP\n\t/Users/artni/go/pkg/mod/github.com/go-chi/chi/v5@v5.3.2/mux.go:73\ngithub.com/go-chi/chi/v5.(*Mux).Mount.func1\n\t/Users/artni/go/pkg/mod/github.com/go-chi/chi/v5@v5.3.2/mux.go:327\nnet/http.HandlerFunc.ServeHTTP\n\t/Users/artni/go/pkg/mod/golang.org/toolchain@v0.0.1-go1.27.0.darwin-arm64/src/net/http/server.go:2338\ngithub.com/go-chi/chi/v5.(*Mux).routeHTTP\n\t/Users/artni/go/pkg/mod/github.com/go-chi/chi/v5@v5.3.2/mux.go:483\nnet/http.HandlerFunc.ServeHTTP\n\t/Users/artni/go/pkg/mod/golang.org/toolchain@v0.0.1-go1.27.0.darwin-arm64/src/net/http/server.go:2338\ngithub.com/go-chi/chi/v5/middleware.Recoverer.func1\n\t/Users/artni/go/pkg/mod/github.com/go-chi/chi/v5@v5.3.2/middleware/recoverer.go:45\nnet/http.HandlerFunc.ServeHTTP\n\t/Users/artni/go/pkg/mod/golang.org/toolchain@v0.0.1-go1.27.0.darwin-arm64/src/net/http/server.go:2338\ngithub.com/go-chi/chi/v5/middleware.RequestID.func1\n\t/Users/artni/go/pkg/mod/github.com/go-chi/chi/v5@v5.3.2/middleware/request_id.go:76\nnet/http.HandlerFunc.ServeHTTP\n\t/Users/artni/go/pkg/mod/golang.org/toolchain@v0.0.1-go1.27.0.darwin-arm64/src/net/http/server.go:2338\ngithub.com/go-chi/chi/v5.(*Mux).ServeHTTP\n\t/Users/artni/go/pkg/mod/github.com/go-chi/chi/v5@v5.3.2/mux.go:73\ngithub.com/go-chi/chi/v5.(*Mux).Mount.func1\n\t/Users/artni/go/pkg/mod/github.com/go-chi/chi/v5@v5.3.2/mux.go:327\nnet/http.HandlerFunc.ServeHTTP\n\t/Users/artni/go/pkg/mod/golang.org/toolchain@v0.0.1-go1.27.0.darwin-arm64/src/net/http/server.go:2338\ngithub.com/go-chi/chi/v5.(*Mux).routeHTTP\n\t/Users/artni/go/pkg/mod/github.com/go-chi/chi/v5@v5.3.2/mux.go:483\nnet/http.HandlerFunc.ServeHTTP\n\t/Users/artni/go/pkg/mod/golang.org/toolchain@v0.0.1-go1.27.0.darwin-arm64/src/net/http/server.go:2338\ngithub.com/go-chi/chi/v5.(*Mux).ServeHTTP\n\t/Users/artni/go/pkg/mod/github.com/go-chi/chi/v5@v5.3.2/mux.go:90\nnet/http.serverHandler.ServeHTTP\n\t/Users/artni/go/pkg/mod/golang.org/toolchain@v0.0.1-go1.27.0.darwin-arm64/src/net/http/server.go:3413\nnet/http.(*conn).serve\n\t/Users/artni/go/pkg/mod/golang.org/toolchain@v0.0.1-go1.27.0.darwin-arm64/src/net/http/server.go:2137"}
{"L":"INFO","T":"2026-09-06T10:51:50.958+0300","C":"server/app.go:40","M":"shutting the app down"}
{"L":"INFO","T":"2026-09-06T10:51:50.958+0300","C":"server/app.go:51","M":"app closed gracefully"}
{"L":"INFO","T":"2026-09-06T10:51:53.886+0300","C":"app/app.go:67","M":"database connection initialized successfully"}
{"L":"INFO","T":"2026-09-06T10:51:54.070+0300","C":"server/app.go:40","M":"shutting the app down"}
{"L":"INFO","T":"2026-09-06T10:51:54.071+0300","C":"server/app.go:51","M":"app closed gracefully"}
{"L":"INFO","T":"2026-09-06T10:51:56.831+0300","C":"app/app.go:67","M":"database connection initialized successfully"}
{"L":"DEBUG","T":"2026-09-06T10:51:58.933+0300","C":"storage/interface.go:26","M":"Successfully uploaded to gophprofile//originals/user1/test_image.png"}
{"L":"INFO","T":"2026-09-06T10:53:03.932+0300","C":"server/app.go:40","M":"shutting the app down"}
{"L":"INFO","T":"2026-09-06T10:53:03.932+0300","C":"server/app.go:51","M":"app closed gracefully"}
{"L":"INFO","T":"2026-09-06T10:53:06.796+0300","C":"app/app.go:67","M":"database connection initialized successfully"}
{"L":"DEBUG","T":"2026-09-06T10:53:35.668+0300","C":"storage/interface.go:26","M":"Successfully uploaded to gophprofile//originals/user1/test_image.png"}
{"L":"INFO","T":"2026-09-06T10:54:05.274+0300","C":"server/app.go:40","M":"shutting the app down"}
{"L":"INFO","T":"2026-09-06T10:54:05.274+0300","C":"server/app.go:51","M":"app closed gracefully"}
{"L":"INFO","T":"2026-09-06T10:54:19.314+0300","C":"app/app.go:67","M":"database connection initialized successfully"}
{"L":"DEBUG","T":"2026-09-06T10:54:24.293+0300","C":"storage/interface.go:26","M":"Successfully uploaded to gophprofile//originals/user1/test_image.png"}
{"L":"INFO","T":"2026-09-06T11:02:01.843+0300","C":"server/app.go:40","M":"shutting the app down"}
{"L":"INFO","T":"2026-09-06T11:02:01.844+0300","C":"server/app.go:51","M":"app closed gracefully"}
{"L":"INFO","T":"2026-09-06T11:02:04.519+0300","C":"app/app.go:67","M":"database connection initialized successfully"}
{"L":"DEBUG","T":"2026-09-06T11:02:08.624+0300","C":"storage/interface.go:26","M":"Successfully uploaded to gophprofile//originals/user1/test_image.png"}
{"L":"INFO","T":"2026-09-06T11:02:42.088+0300","C":"server/app.go:40","M":"shutting the app down"}
{"L":"INFO","T":"2026-09-06T11:02:42.089+0300","C":"server/app.go:51","M":"app closed gracefully"}
{"L":"INFO","T":"2026-09-06T11:02:43.239+0300","C":"app/app.go:67","M":"database connection initialized successfully"}
{"L":"INFO","T":"2026-09-06T11:03:01.325+0300","C":"server/app.go:40","M":"shutting the app down"}
{"L":"INFO","T":"2026-09-06T11:03:01.326+0300","C":"server/app.go:51","M":"app closed gracefully"}
{"L":"INFO","T":"2026-09-06T11:03:02.399+0300","C":"app/app.go:67","M":"database connection initialized successfully"}
{"L":"DEBUG","T":"2026-09-06T11:03:05.704+0300","C":"storage/interface.go:26","M":"Successfully uploaded to gophprofile//originals/user1/test_image.png"}
{"L":"INFO","T":"2026-09-06T11:03:31.859+0300","C":"server/app.go:40","M":"shutting the app down"}
{"L":"INFO","T":"2026-09-06T11:03:31.859+0300","C":"server/app.go:51","M":"app closed gracefully"}
{"L":"INFO","T":"2026-09-06T11:03:33.687+0300","C":"app/app.go:67","M":"database connection initialized successfully"}
{"L":"DEBUG","T":"2026-09-06T11:03:36.498+0300","C":"storage/interface.go:26","M":"Successfully uploaded to gophprofile//originals/user1/test_image.png"}
{"L":"INFO","T":"2026-09-06T11:04:42.922+0300","C":"server/app.go:40","M":"shutting the app down"}
{"L":"INFO","T":"2026-09-06T11:04:42.923+0300","C":"server/app.go:51","M":"app closed gracefully"}
{"L":"INFO","T":"2026-09-06T11:04:45.107+0300","C":"app/app.go:67","M":"database connection initialized successfully"}
{"L":"DEBUG","T":"2026-09-06T11:04:49.893+0300","C":"storage/interface.go:26","M":"Successfully uploaded to gophprofile//originals/user1/test_image.png"}
{"L":"INFO","T":"2026-09-06T11:05:40.339+0300","C":"server/app.go:40","M":"shutting the app down"}
{"L":"INFO","T":"2026-09-06T11:05:40.339+0300","C":"server/app.go:51","M":"app closed gracefully"}
{"L":"INFO","T":"2026-09-06T11:05:49.138+0300","C":"app/app.go:67","M":"database connection initialized successfully"}
{"L":"DEBUG","T":"2026-09-06T11:05:51.921+0300","C":"storage/interface.go:26","M":"Successfully uploaded to gophprofile//originals/user1/test_image.png"}
{"L":"DEBUG","T":"2026-09-06T11:06:28.954+0300","C":"storage/interface.go:26","M":"Successfully uploaded to gophprofile//originals/user1/test_image.png"}
{"L":"INFO","T":"2026-09-06T11:20:38.894+0300","C":"server/app.go:40","M":"shutting the app down"}
{"L":"INFO","T":"2026-09-06T11:20:38.895+0300","C":"server/app.go:51","M":"app closed gracefully"}
{"L":"INFO","T":"2026-09-06T11:26:41.861+0300","C":"app/app.go:67","M":"database connection initialized successfully"}
{"L":"DEBUG","T":"2026-09-06T11:26:46.029+0300","C":"storage/interface.go:26","M":"Successfully uploaded to gophprofile//originals/user1/test_image.png"}
{"L":"DEBUG","T":"2026-09-06T11:26:46.038+0300","C":"worker/rabbitmq.go:140","M":"broker ACK: сообщение принято"}
{"L":"INFO","T":"2026-09-06T11:33:05.202+0300","C":"server/app.go:40","M":"shutting the app down"}
{"L":"INFO","T":"2026-09-06T11:33:05.203+0300","C":"server/app.go:51","M":"app closed gracefully"}
{"L":"INFO","T":"2026-09-06T11:33:27.651+0300","C":"app/app.go:67","M":"database connection initialized successfully"}
{"L":"DEBUG","T":"2026-09-06T11:33:30.023+0300","C":"storage/interface.go:26","M":"Successfully uploaded to gophprofile//originals/user1/test_image.png"}
{"L":"DEBUG","T":"2026-09-06T11:33:30.031+0300","C":"worker/rabbitmq.go:140","M":"message has been delivered to broker"}
{"L":"INFO","T":"2026-09-06T11:36:22.558+0300","C":"server/app.go:40","M":"shutting the app down"}
{"L":"INFO","T":"2026-09-06T11:36:22.558+0300","C":"server/app.go:51","M":"app closed gracefully"}
{"L":"INFO","T":"2026-09-06T11:36:24.445+0300","C":"app/app.go:67","M":"database connection initialized successfully"}
{"L":"DEBUG","T":"2026-09-06T11:36:28.098+0300","C":"storage/interface.go:26","M":"Successfully uploaded to gophprofile//originals/user1/test_image.png"}
{"L":"DEBUG","T":"2026-09-06T11:36:28.106+0300","C":"worker/rabbitmq.go:140","M":"message has been delivered to broker"}
{"L":"DEBUG","T":"2026-09-06T11:37:09.031+0300","C":"storage/interface.go:26","M":"Successfully uploaded to gophprofile//originals/user1/test_image.png"}
{"L":"DEBUG","T":"2026-09-06T11:37:09.038+0300","C":"worker/rabbitmq.go:140","M":"message has been delivered to broker"}
{"L":"ERROR","T":"2026-09-06T11:37:09.039+0300","C":"worker/rabbitmq.go:153","M":"failed to get all messages from the queue","error":"Exception (530) Reason: \"NOT_ALLOWED - attempt to reuse consumer tag 'first'\"","S":"github.com/artni96/GophProfile/internal/worker.(*Broker).Consume\n\t/Users/artni/Documents/Dev/GophProfile/internal/worker/rabbitmq.go:153\ngithub.com/artni96/GophProfile/internal/services/avatars.(*Service).Save\n\t/Users/artni/Documents/Dev/GophProfile/internal/services/avatars/avatars.go:118\ngithub.com/artni96/GophProfile/internal/handlers/avatars.(*AvatarHandler).Upload\n\t/Users/artni/Documents/Dev/GophProfile/internal/handlers/avatars/avatars.go:63\nnet/http.HandlerFunc.ServeHTTP\n\t/Users/artni/go/pkg/mod/golang.org/toolchain@v0.0.1-go1.27.0.darwin-arm64/src/net/http/server.go:2338\ngithub.com/go-chi/chi/v5.(*Mux).routeHTTP\n\t/Users/artni/go/pkg/mod/github.com/go-chi/chi/v5@v5.3.2/mux.go:483\nnet/http.HandlerFunc.ServeHTTP\n\t/Users/artni/go/pkg/mod/golang.org/toolchain@v0.0.1-go1.27.0.darwin-arm64/src/net/http/server.go:2338\ngithub.com/go-chi/chi/v5.(*Mux).ServeHTTP\n\t/Users/artni/go/pkg/mod/github.com/go-chi/chi/v5@v5.3.2/mux.go:73\ngithub.com/go-chi/chi/v5.(*Mux).Mount.func1\n\t/Users/artni/go/pkg/mod/github.com/go-chi/chi/v5@v5.3.2/mux.go:327\nnet/http.HandlerFunc.ServeHTTP\n\t/Users/artni/go/pkg/mod/golang.org/toolchain@v0.0.1-go1.27.0.darwin-arm64/src/net/http/server.go:2338\ngithub.com/go-chi/chi/v5.(*Mux).routeHTTP\n\t/Users/artni/go/pkg/mod/github.com/go-chi/chi/v5@v5.3.2/mux.go:483\nnet/http.HandlerFunc.ServeHTTP\n\t/Users/artni/go/pkg/mod/golang.org/toolchain@v0.0.1-go1.27.0.darwin-arm64/src/net/http/server.go:2338\ngithub.com/go-chi/chi/v5/middleware.Recoverer.func1\n\t/Users/artni/go/pkg/mod/github.com/go-chi/chi/v5@v5.3.2/middleware/recoverer.go:45\nnet/http.HandlerFunc.ServeHTTP\n\t/Users/artni/go/pkg/mod/golang.org/toolchain@v0.0.1-go1.27.0.darwin-arm64/src/net/http/server.go:2338\ngithub.com/go-chi/chi/v5/middleware.RequestID.func1\n\t/Users/artni/go/pkg/mod/github.com/go-chi/chi/v5@v5.3.2/middleware/request_id.go:76\nnet/http.HandlerFunc.ServeHTTP\n\t/Users/artni/go/pkg/mod/golang.org/toolchain@v0.0.1-go1.27.0.darwin-arm64/src/net/http/server.go:2338\ngithub.com/go-chi/chi/v5.(*Mux).ServeHTTP\n\t/Users/artni/go/pkg/mod/github.com/go-chi/chi/v5@v5.3.2/mux.go:73\ngithub.com/go-chi/chi/v5.(*Mux).Mount.func1\n\t/Users/artni/go/pkg/mod/github.com/go-chi/chi/v5@v5.3.2/mux.go:327\nnet/http.HandlerFunc.ServeHTTP\n\t/Users/artni/go/pkg/mod/golang.org/toolchain@v0.0.1-go1.27.0.darwin-arm64/src/net/http/server.go:2338\ngithub.com/go-chi/chi/v5.(*Mux).routeHTTP\n\t/Users/artni/go/pkg/mod/github.com/go-chi/chi/v5@v5.3.2/mux.go:483\nnet/http.HandlerFunc.ServeHTTP\n\t/Users/artni/go/pkg/mod/golang.org/toolchain@v0.0.1-go1.27.0.darwin-arm64/src/net/http/server.go:2338\ngithub.com/go-chi/chi/v5.(*Mux).ServeHTTP\n\t/Users/artni/go/pkg/mod/github.com/go-chi/chi/v5@v5.3.2/mux.go:90\nnet/http.serverHandler.ServeHTTP\n\t/Users/artni/go/pkg/mod/golang.org/toolchain@v0.0.1-go1.27.0.darwin-arm64/src/net/http/server.go:3413\nnet/http.(*conn).serve\n\t/Users/artni/go/pkg/mod/golang.org/toolchain@v0.0.1-go1.27.0.darwin-arm64/src/net/http/server.go:2137"}
{"L":"INFO","T":"2026-09-06T11:37:19.994+0300","C":"server/app.go:40","M":"shutting the app down"}
{"L":"INFO","T":"2026-09-06T11:37:19.994+0300","C":"server/app.go:51","M":"app closed gracefully"}
{"L":"INFO","T":"2026-09-06T11:37:26.230+0300","C":"app/app.go:67","M":"database connection initialized successfully"}
{"L":"INFO","T":"2026-09-06T11:37:59.676+0300","C":"server/app.go:40","M":"shutting the app down"}
{"L":"INFO","T":"2026-09-06T11:37:59.676+0300","C":"server/app.go:51","M":"app closed gracefully"}
{"L":"INFO","T":"2026-09-06T11:38:01.750+0300","C":"app/app.go:67","M":"database connection initialized successfully"}
{"L":"DEBUG","T":"2026-09-06T11:38:07.579+0300","C":"storage/interface.go:26","M":"Successfully uploaded to gophprofile//originals/user1/test_image.png"}
{"L":"DEBUG","T":"2026-09-06T11:38:07.591+0300","C":"worker/rabbitmq.go:140","M":"message has been delivered to broker"}
{"L":"INFO","T":"2026-09-06T11:38:23.249+0300","C":"server/app.go:40","M":"shutting the app down"}
{"L":"INFO","T":"2026-09-06T11:38:23.249+0300","C":"server/app.go:51","M":"app closed gracefully"}
{"L":"INFO","T":"2026-09-06T11:38:25.283+0300","C":"app/app.go:67","M":"database connection initialized successfully"}
{"L":"DEBUG","T":"2026-09-06T11:38:38.211+0300","C":"storage/interface.go:26","M":"Successfully uploaded to gophprofile//originals/user1/test_image.png"}
{"L":"DEBUG","T":"2026-09-06T11:38:38.219+0300","C":"worker/rabbitmq.go:140","M":"message has been delivered to broker"}
{"L":"DEBUG","T":"2026-09-06T11:39:00.380+0300","C":"storage/interface.go:26","M":"Successfully uploaded to gophprofile//originals/user1/test_image.png"}
{"L":"DEBUG","T":"2026-09-06T11:39:00.385+0300","C":"worker/rabbitmq.go:140","M":"message has been delivered to broker"}
{"L":"ERROR","T":"2026-09-06T11:39:00.387+0300","C":"worker/rabbitmq.go:156","M":"failed to get all messages from the queue","error":"Exception (530) Reason: \"NOT_ALLOWED - attempt to reuse consumer tag 'first'\"","S":"github.com/artni96/GophProfile/internal/worker.(*Broker).Consume\n\t/Users/artni/Documents/Dev/GophProfile/internal/worker/rabbitmq.go:156\ngithub.com/artni96/GophProfile/internal/services/avatars.(*Service).Save\n\t/Users/artni/Documents/Dev/GophProfile/internal/services/avatars/avatars.go:118\ngithub.com/artni96/GophProfile/internal/handlers/avatars.(*AvatarHandler).Upload\n\t/Users/artni/Documents/Dev/GophProfile/internal/handlers/avatars/avatars.go:63\nnet/http.HandlerFunc.ServeHTTP\n\t/Users/artni/go/pkg/mod/golang.org/toolchain@v0.0.1-go1.27.0.darwin-arm64/src/net/http/server.go:2338\ngithub.com/go-chi/chi/v5.(*Mux).routeHTTP\n\t/Users/artni/go/pkg/mod/github.com/go-chi/chi/v5@v5.3.2/mux.go:483\nnet/http.HandlerFunc.ServeHTTP\n\t/Users/artni/go/pkg/mod/golang.org/toolchain@v0.0.1-go1.27.0.darwin-arm64/src/net/http/server.go:2338\ngithub.com/go-chi/chi/v5.(*Mux).ServeHTTP\n\t/Users/artni/go/pkg/mod/github.com/go-chi/chi/v5@v5.3.2/mux.go:73\ngithub.com/go-chi/chi/v5.(*Mux).Mount.func1\n\t/Users/artni/go/pkg/mod/github.com/go-chi/chi/v5@v5.3.2/mux.go:327\nnet/http.HandlerFunc.ServeHTTP\n\t/Users/artni/go/pkg/mod/golang.org/toolchain@v0.0.1-go1.27.0.darwin-arm64/src/net/http/server.go:2338\ngithub.com/go-chi/chi/v5.(*Mux).routeHTTP\n\t/Users/artni/go/pkg/mod/github.com/go-chi/chi/v5@v5.3.2/mux.go:483\nnet/http.HandlerFunc.ServeHTTP\n\t/Users/artni/go/pkg/mod/golang.org/toolchain@v0.0.1-go1.27.0.darwin-arm64/src/net/http/server.go:2338\ngithub.com/go-chi/chi/v5/middleware.Recoverer.func1\n\t/Users/artni/go/pkg/mod/github.com/go-chi/chi/v5@v5.3.2/middleware/recoverer.go:45\nnet/http.HandlerFunc.ServeHTTP\n\t/Users/artni/go/pkg/mod/golang.org/toolchain@v0.0.1-go1.27.0.darwin-arm64/src/net/http/server.go:2338\ngithub.com/go-chi/chi/v5/middleware.RequestID.func1\n\t/Users/artni/go/pkg/mod/github.com/go-chi/chi/v5@v5.3.2/middleware/request_id.go:76\nnet/http.HandlerFunc.ServeHTTP\n\t/Users/artni/go/pkg/mod/golang.org/toolchain@v0.0.1-go1.27.0.darwin-arm64/src/net/http/server.go:2338\ngithub.com/go-chi/chi/v5.(*Mux).ServeHTTP\n\t/Users/artni/go/pkg/mod/github.com/go-chi/chi/v5@v5.3.2/mux.go:73\ngithub.com/go-chi/chi/v5.(*Mux).Mount.func1\n\t/Users/artni/go/pkg/mod/github.com/go-chi/chi/v5@v5.3.2/mux.go:327\nnet/http.HandlerFunc.ServeHTTP\n\t/Users/artni/go/pkg/mod/golang.org/toolchain@v0.0.1-go1.27.0.darwin-arm64/src/net/http/server.go:2338\ngithub.com/go-chi/chi/v5.(*Mux).routeHTTP\n\t/Users/artni/go/pkg/mod/github.com/go-chi/chi/v5@v5.3.2/mux.go:483\nnet/http.HandlerFunc.ServeHTTP\n\t/Users/artni/go/pkg/mod/golang.org/toolchain@v0.0.1-go1.27.0.darwin-arm64/src/net/http/server.go:2338\ngithub.com/go-chi/chi/v5.(*Mux).ServeHTTP\n\t/Users/artni/go/pkg/mod/github.com/go-chi/chi/v5@v5.3.2/mux.go:90\nnet/http.serverHandler.ServeHTTP\n\t/Users/artni/go/pkg/mod/golang.org/toolchain@v0.0.1-go1.27.0.darwin-arm64/src/net/http/server.go:3413\nnet/http.(*conn).serve\n\t/Users/artni/go/pkg/mod/golang.org/toolchain@v0.0.1-go1.27.0.darwin-arm64/src/net/http/server.go:2137"}
{"L":"INFO","T":"2026-09-06T11:44:46.083+0300","C":"server/app.go:40","M":"shutting the app down"}
{"L":"INFO","T":"2026-09-06T11:44:46.084+0300","C":"server/app.go:51","M":"app closed gracefully"}
{"L":"INFO","T":"2026-09-06T11:44:48.807+0300","C":"app/app.go:67","M":"database connection initialized successfully"}
{"L":"DEBUG","T":"2026-09-06T11:44:58.089+0300","C":"storage/interface.go:26","M":"Successfully uploaded to gophprofile//originals/user1/test_image.png"}
{"L":"DEBUG","T":"2026-09-06T11:44:58.095+0300","C":"worker/rabbitmq.go:140","M":"message has been delivered to broker"}
{"L":"DEBUG","T":"2026-09-06T11:44:59.327+0300","C":"storage/interface.go:26","M":"Successfully uploaded to gophprofile//originals/user1/test_image.png"}
{"L":"DEBUG","T":"2026-09-06T11:44:59.331+0300","C":"worker/rabbitmq.go:140","M":"message has been delivered to broker"}
{"L":"INFO","T":"2026-09-06T11:46:15.682+0300","C":"server/app.go:40","M":"shutting the app down"}
{"L":"INFO","T":"2026-09-06T11:46:15.682+0300","C":"server/app.go:51","M":"app closed gracefully"}
{"L":"INFO","T":"2026-09-06T11:46:17.659+0300","C":"app/app.go:67","M":"database connection initialized successfully"}
{"L":"DEBUG","T":"2026-09-06T11:46:22.226+0300","C":"storage/interface.go:26","M":"Successfully uploaded to gophprofile//originals/user1/test_image.png"}
{"L":"DEBUG","T":"2026-09-06T11:46:22.235+0300","C":"worker/rabbitmq.go:140","M":"message has been delivered to broker successfully"}
{"L":"INFO","T":"2026-09-06T11:46:50.270+0300","C":"server/app.go:40","M":"shutting the app down"}
{"L":"INFO","T":"2026-09-06T11:46:50.270+0300","C":"server/app.go:51","M":"app closed gracefully"}
{"L":"INFO","T":"2026-09-06T11:46:52.085+0300","C":"app/app.go:67","M":"database connection initialized successfully"}
{"L":"DEBUG","T":"2026-09-06T11:46:53.581+0300","C":"storage/interface.go:26","M":"Successfully uploaded to gophprofile//originals/user1/test_image.png"}
{"L":"DEBUG","T":"2026-09-06T11:46:53.588+0300","C":"worker/rabbitmq.go:140","M":"message has been delivered to broker successfully"}
{"L":"DEBUG","T":"2026-09-06T11:46:53.865+0300","C":"storage/interface.go:26","M":"Successfully uploaded to gophprofile//originals/user1/test_image.png"}
{"L":"DEBUG","T":"2026-09-06T11:46:53.876+0300","C":"worker/rabbitmq.go:140","M":"message has been delivered to broker successfully"}
{"L":"DEBUG","T":"2026-09-06T11:46:54.763+0300","C":"storage/interface.go:26","M":"Successfully uploaded to gophprofile//originals/user1/test_image.png"}
{"L":"DEBUG","T":"2026-09-06T11:46:54.768+0300","C":"worker/rabbitmq.go:140","M":"message has been delivered to broker successfully"}
{"L":"INFO","T":"2026-09-06T11:47:19.433+0300","C":"server/app.go:40","M":"shutting the app down"}
{"L":"INFO","T":"2026-09-06T11:47:19.433+0300","C":"server/app.go:51","M":"app closed gracefully"}
{"L":"INFO","T":"2026-09-06T12:19:15.962+0300","C":"app/app.go:67","M":"database connection initialized successfully"}
{"L":"DEBUG","T":"2026-09-06T12:19:15.980+0300","C":"worker/pool.go:28","M":"worker initialized","worker number":0}
{"L":"DEBUG","T":"2026-09-06T12:19:15.980+0300","C":"worker/pool.go:28","M":"worker initialized","worker number":1}
{"L":"DEBUG","T":"2026-09-06T12:19:15.980+0300","C":"worker/pool.go:28","M":"worker initialized","worker number":2}
{"L":"DEBUG","T":"2026-09-06T12:19:15.980+0300","C":"worker/pool.go:28","M":"worker initialized","worker number":3}
{"L":"DEBUG","T":"2026-09-06T12:19:15.980+0300","C":"worker/pool.go:28","M":"worker initialized","worker number":4}
{"L":"DEBUG","T":"2026-09-06T12:19:15.980+0300","C":"worker/pool.go:28","M":"worker initialized","worker number":5}
{"L":"DEBUG","T":"2026-09-06T12:19:15.980+0300","C":"worker/pool.go:28","M":"worker initialized","worker number":6}
{"L":"DEBUG","T":"2026-09-06T12:19:15.980+0300","C":"worker/pool.go:28","M":"worker initialized","worker number":7}
{"L":"DEBUG","T":"2026-09-06T12:19:15.980+0300","C":"worker/pool.go:28","M":"worker initialized","worker number":8}
{"L":"DEBUG","T":"2026-09-06T12:19:15.980+0300","C":"worker/pool.go:28","M":"worker initialized","worker number":9}
{"L":"DEBUG","T":"2026-09-06T12:19:15.980+0300","C":"worker/pool.go:28","M":"worker initialized","worker number":10}
{"L":"DEBUG","T":"2026-09-06T12:19:15.980+0300","C":"worker/pool.go:28","M":"worker initialized","worker number":11}
{"L":"DEBUG","T":"2026-09-06T12:19:15.980+0300","C":"worker/pool.go:40","M":"worker started","worker number":4}
{"L":"DEBUG","T":"2026-09-06T12:19:15.980+0300","C":"worker/pool.go:40","M":"worker started","worker number":0}
{"L":"DEBUG","T":"2026-09-06T12:19:15.980+0300","C":"worker/pool.go:40","M":"worker started","worker number":1}
{"L":"DEBUG","T":"2026-09-06T12:19:15.980+0300","C":"worker/pool.go:40","M":"worker started","worker number":11}
{"L":"DEBUG","T":"2026-09-06T12:19:15.980+0300","C":"worker/pool.go:40","M":"worker started","worker number":2}
{"L":"DEBUG","T":"2026-09-06T12:19:15.980+0300","C":"worker/pool.go:40","M":"worker started","worker number":8}
{"L":"DEBUG","T":"2026-09-06T12:19:15.980+0300","C":"worker/pool.go:40","M":"worker started","worker number":5}
{"L":"DEBUG","T":"2026-09-06T12:19:15.980+0300","C":"worker/pool.go:40","M":"worker started","worker number":3}
{"L":"DEBUG","T":"2026-09-06T12:19:15.980+0300","C":"worker/pool.go:40","M":"worker started","worker number":10}
{"L":"DEBUG","T":"2026-09-06T12:19:15.980+0300","C":"worker/pool.go:40","M":"worker started","worker number":6}
{"L":"DEBUG","T":"2026-09-06T12:19:15.980+0300","C":"worker/pool.go:40","M":"worker started","worker number":9}
{"L":"DEBUG","T":"2026-09-06T12:19:15.980+0300","C":"worker/pool.go:40","M":"worker started","worker number":7}
{"L":"INFO","T":"2026-09-06T12:20:11.705+0300","C":"app/app.go:67","M":"database connection initialized successfully"}
{"L":"DEBUG","T":"2026-09-06T12:20:11.716+0300","C":"worker/pool.go:39","M":"worker started","worker number":11}
{"L":"DEBUG","T":"2026-09-06T12:20:11.716+0300","C":"worker/pool.go:39","M":"worker started","worker number":4}
{"L":"DEBUG","T":"2026-09-06T12:20:11.716+0300","C":"worker/pool.go:39","M":"worker started","worker number":5}
{"L":"DEBUG","T":"2026-09-06T12:20:11.716+0300","C":"worker/pool.go:39","M":"worker started","worker number":6}
{"L":"DEBUG","T":"2026-09-06T12:20:11.716+0300","C":"worker/pool.go:39","M":"worker started","worker number":8}
{"L":"DEBUG","T":"2026-09-06T12:20:11.716+0300","C":"worker/pool.go:39","M":"worker started","worker number":3}
{"L":"DEBUG","T":"2026-09-06T12:20:11.716+0300","C":"worker/pool.go:39","M":"worker started","worker number":2}
{"L":"DEBUG","T":"2026-09-06T12:20:11.716+0300","C":"worker/pool.go:39","M":"worker started","worker number":0}
{"L":"DEBUG","T":"2026-09-06T12:20:11.716+0300","C":"worker/pool.go:39","M":"worker started","worker number":1}
{"L":"DEBUG","T":"2026-09-06T12:20:11.716+0300","C":"worker/pool.go:39","M":"worker started","worker number":10}
{"L":"DEBUG","T":"2026-09-06T12:20:11.716+0300","C":"worker/pool.go:39","M":"worker started","worker number":9}
{"L":"DEBUG","T":"2026-09-06T12:20:11.716+0300","C":"worker/pool.go:39","M":"worker started","worker number":7}
{"L":"INFO","T":"2026-09-06T12:20:37.804+0300","C":"app/app.go:67","M":"database connection initialized successfully"}
{"L":"DEBUG","T":"2026-09-06T12:20:37.811+0300","C":"worker/pool.go:39","M":"worker started","worker number":11}
{"L":"DEBUG","T":"2026-09-06T12:20:37.811+0300","C":"worker/pool.go:39","M":"worker started","worker number":2}
{"L":"DEBUG","T":"2026-09-06T12:20:37.811+0300","C":"worker/pool.go:39","M":"worker started","worker number":3}
{"L":"DEBUG","T":"2026-09-06T12:20:37.811+0300","C":"worker/pool.go:39","M":"worker started","worker number":8}
{"L":"DEBUG","T":"2026-09-06T12:20:37.811+0300","C":"worker/pool.go:39","M":"worker started","worker number":4}
{"L":"DEBUG","T":"2026-09-06T12:20:37.811+0300","C":"worker/pool.go:39","M":"worker started","worker number":6}
{"L":"DEBUG","T":"2026-09-06T12:20:37.811+0300","C":"worker/pool.go:39","M":"worker started","worker number":7}
{"L":"DEBUG","T":"2026-09-06T12:20:37.811+0300","C":"worker/pool.go:39","M":"worker started","worker number":0}
{"L":"DEBUG","T":"2026-09-06T12:20:37.811+0300","C":"worker/pool.go:39","M":"worker started","worker number":1}
{"L":"DEBUG","T":"2026-09-06T12:20:37.811+0300","C":"worker/pool.go:39","M":"worker started","worker number":10}
{"L":"DEBUG","T":"2026-09-06T12:20:37.811+0300","C":"worker/pool.go:39","M":"worker started","worker number":9}
{"L":"DEBUG","T":"2026-09-06T12:20:37.811+0300","C":"worker/pool.go:39","M":"worker started","worker number":5}
{"L":"INFO","T":"2026-09-06T12:20:54.007+0300","C":"app/app.go:67","M":"database connection initialized successfully"}
{"L":"DEBUG","T":"2026-09-06T12:20:54.016+0300","C":"worker/pool.go:39","M":"worker started","worker number":2}
{"L":"DEBUG","T":"2026-09-06T12:20:54.016+0300","C":"worker/pool.go:39","M":"worker started","worker number":9}
{"L":"DEBUG","T":"2026-09-06T12:20:54.016+0300","C":"worker/pool.go:39","M":"worker started","worker number":1}
{"L":"DEBUG","T":"2026-09-06T12:20:54.016+0300","C":"worker/pool.go:39","M":"worker started","worker number":11}
{"L":"DEBUG","T":"2026-09-06T12:20:54.016+0300","C":"worker/pool.go:39","M":"worker started","worker number":7}
{"L":"DEBUG","T":"2026-09-06T12:20:54.016+0300","C":"worker/pool.go:39","M":"worker started","worker number":0}
{"L":"DEBUG","T":"2026-09-06T12:20:54.017+0300","C":"worker/pool.go:39","M":"worker started","worker number":3}
{"L":"DEBUG","T":"2026-09-06T12:20:54.016+0300","C":"worker/pool.go:39","M":"worker started","worker number":5}
{"L":"DEBUG","T":"2026-09-06T12:20:54.016+0300","C":"worker/pool.go:39","M":"worker started","worker number":6}
{"L":"DEBUG","T":"2026-09-06T12:20:54.016+0300","C":"worker/pool.go:39","M":"worker started","worker number":10}
{"L":"DEBUG","T":"2026-09-06T12:20:54.016+0300","C":"worker/pool.go:39","M":"worker started","worker number":4}
{"L":"DEBUG","T":"2026-09-06T12:20:54.016+0300","C":"worker/pool.go:39","M":"worker started","worker number":8}
{"L":"INFO","T":"2026-09-06T12:24:56.098+0300","C":"app/app.go:67","M":"database connection initialized successfully"}
{"L":"DEBUG","T":"2026-09-06T12:24:56.108+0300","C":"worker/pool.go:40","M":"worker started","worker number":10}
{"L":"DEBUG","T":"2026-09-06T12:24:56.108+0300","C":"worker/pool.go:40","M":"worker started","worker number":8}
{"L":"DEBUG","T":"2026-09-06T12:24:56.108+0300","C":"worker/pool.go:40","M":"worker started","worker number":9}
{"L":"DEBUG","T":"2026-09-06T12:24:56.108+0300","C":"worker/pool.go:40","M":"worker started","worker number":1}
{"L":"DEBUG","T":"2026-09-06T12:24:56.108+0300","C":"worker/pool.go:40","M":"worker started","worker number":6}
{"L":"DEBUG","T":"2026-09-06T12:24:56.108+0300","C":"worker/pool.go:40","M":"worker started","worker number":5}
{"L":"DEBUG","T":"2026-09-06T12:24:56.108+0300","C":"worker/pool.go:40","M":"worker started","worker number":4}
{"L":"DEBUG","T":"2026-09-06T12:24:56.108+0300","C":"worker/pool.go:40","M":"worker started","worker number":3}
{"L":"DEBUG","T":"2026-09-06T12:24:56.108+0300","C":"worker/pool.go:40","M":"worker started","worker number":7}
{"L":"DEBUG","T":"2026-09-06T12:24:56.108+0300","C":"worker/pool.go:40","M":"worker started","worker number":0}
{"L":"DEBUG","T":"2026-09-06T12:24:56.108+0300","C":"worker/pool.go:40","M":"worker started","worker number":11}
{"L":"DEBUG","T":"2026-09-06T12:24:56.108+0300","C":"worker/pool.go:40","M":"worker started","worker number":2}
{"L":"INFO","T":"2026-09-06T12:25:03.827+0300","C":"app/app.go:67","M":"database connection initialized successfully"}
{"L":"DEBUG","T":"2026-09-06T12:25:03.839+0300","C":"worker/pool.go:40","M":"worker started","worker number":0}
{"L":"DEBUG","T":"2026-09-06T12:25:03.839+0300","C":"worker/pool.go:40","M":"worker started","worker number":2}
{"L":"DEBUG","T":"2026-09-06T12:25:03.839+0300","C":"worker/pool.go:40","M":"worker started","worker number":11}
{"L":"DEBUG","T":"2026-09-06T12:25:03.839+0300","C":"worker/pool.go:40","M":"worker started","worker number":4}
{"L":"DEBUG","T":"2026-09-06T12:25:03.839+0300","C":"worker/pool.go:40","M":"worker started","worker number":1}
{"L":"DEBUG","T":"2026-09-06T12:25:03.839+0300","C":"worker/pool.go:40","M":"worker started","worker number":10}
{"L":"DEBUG","T":"2026-09-06T12:25:03.839+0300","C":"worker/pool.go:40","M":"worker started","worker number":9}
{"L":"DEBUG","T":"2026-09-06T12:25:03.839+0300","C":"worker/pool.go:40","M":"worker started","worker number":3}
{"L":"DEBUG","T":"2026-09-06T12:25:03.839+0300","C":"worker/pool.go:40","M":"worker started","worker number":5}
{"L":"DEBUG","T":"2026-09-06T12:25:03.839+0300","C":"worker/pool.go:40","M":"worker started","worker number":8}
{"L":"DEBUG","T":"2026-09-06T12:25:03.839+0300","C":"worker/pool.go:40","M":"worker started","worker number":7}
{"L":"DEBUG","T":"2026-09-06T12:25:03.839+0300","C":"worker/pool.go:40","M":"worker started","worker number":6}
{"L":"INFO","T":"2026-09-06T12:25:38.453+0300","C":"app/app.go:67","M":"database connection initialized successfully"}
{"L":"DEBUG","T":"2026-09-06T12:25:38.462+0300","C":"worker/pool.go:40","M":"worker started","worker number":9}
{"L":"DEBUG","T":"2026-09-06T12:25:38.462+0300","C":"worker/pool.go:40","M":"worker started","worker number":3}
{"L":"DEBUG","T":"2026-09-06T12:25:38.462+0300","C":"worker/pool.go:40","M":"worker started","worker number":6}
{"L":"DEBUG","T":"2026-09-06T12:25:38.462+0300","C":"worker/pool.go:40","M":"worker started","worker number":2}
{"L":"DEBUG","T":"2026-09-06T12:25:38.462+0300","C":"worker/pool.go:40","M":"worker started","worker number":0}
{"L":"DEBUG","T":"2026-09-06T12:25:38.461+0300","C":"worker/pool.go:40","M":"worker started","worker number":11}
{"L":"DEBUG","T":"2026-09-06T12:25:38.462+0300","C":"worker/pool.go:40","M":"worker started","worker number":4}
{"L":"DEBUG","T":"2026-09-06T12:25:38.462+0300","C":"worker/pool.go:40","M":"worker started","worker number":5}
{"L":"DEBUG","T":"2026-09-06T12:25:38.462+0300","C":"worker/pool.go:40","M":"worker started","worker number":10}
{"L":"DEBUG","T":"2026-09-06T12:25:38.462+0300","C":"worker/pool.go:40","M":"worker started","worker number":7}
{"L":"DEBUG","T":"2026-09-06T12:25:38.462+0300","C":"worker/pool.go:40","M":"worker started","worker number":1}
{"L":"DEBUG","T":"2026-09-06T12:25:38.461+0300","C":"worker/pool.go:40","M":"worker started","worker number":8}
{"L":"INFO","T":"2026-09-06T12:26:03.747+0300","C":"app/app.go:67","M":"database connection initialized successfully"}
{"L":"DEBUG","T":"2026-09-06T12:26:03.758+0300","C":"worker/pool.go:40","M":"worker started","worker number":4}
{"L":"DEBUG","T":"2026-09-06T12:26:03.758+0300","C":"worker/pool.go:40","M":"worker started","worker number":1}
{"L":"DEBUG","T":"2026-09-06T12:26:03.758+0300","C":"worker/pool.go:40","M":"worker started","worker number":0}
{"L":"DEBUG","T":"2026-09-06T12:26:03.758+0300","C":"worker/pool.go:40","M":"worker started","worker number":2}
{"L":"DEBUG","T":"2026-09-06T12:26:03.758+0300","C":"worker/pool.go:40","M":"worker started","worker number":6}
{"L":"DEBUG","T":"2026-09-06T12:26:03.758+0300","C":"worker/pool.go:40","M":"worker started","worker number":11}
{"L":"DEBUG","T":"2026-09-06T12:26:03.758+0300","C":"worker/pool.go:40","M":"worker started","worker number":5}
{"L":"DEBUG","T":"2026-09-06T12:26:03.758+0300","C":"worker/pool.go:40","M":"worker started","worker number":8}
{"L":"DEBUG","T":"2026-09-06T12:26:03.758+0300","C":"worker/pool.go:40","M":"worker started","worker number":9}
{"L":"DEBUG","T":"2026-09-06T12:26:03.758+0300","C":"worker/pool.go:40","M":"worker started","worker number":7}
{"L":"DEBUG","T":"2026-09-06T12:26:03.758+0300","C":"worker/pool.go:40","M":"worker started","worker number":10}
{"L":"DEBUG","T":"2026-09-06T12:26:03.758+0300","C":"worker/pool.go:40","M":"worker started","worker number":3}
{"L":"INFO","T":"2026-09-06T12:29:12.362+0300","C":"server/app.go:44","M":"shutting the app down"}
{"L":"INFO","T":"2026-09-06T12:29:12.363+0300","C":"server/app.go:55","M":"app closed gracefully"}
{"L":"INFO","T":"2026-09-06T12:29:12.806+0300","C":"app/app.go:67","M":"database connection initialized successfully"}
{"L":"DEBUG","T":"2026-09-06T12:29:12.818+0300","C":"worker/pool.go:40","M":"worker started","worker number":0}
{"L":"DEBUG","T":"2026-09-06T12:29:12.818+0300","C":"worker/pool.go:40","M":"worker started","worker number":11}
{"L":"DEBUG","T":"2026-09-06T12:29:12.818+0300","C":"worker/pool.go:40","M":"worker started","worker number":6}
{"L":"DEBUG","T":"2026-09-06T12:29:12.818+0300","C":"worker/pool.go:40","M":"worker started","worker number":5}
{"L":"DEBUG","T":"2026-09-06T12:29:12.818+0300","C":"worker/pool.go:40","M":"worker started","worker number":7}
{"L":"DEBUG","T":"2026-09-06T12:29:12.818+0300","C":"worker/pool.go:40","M":"worker started","worker number":3}
{"L":"DEBUG","T":"2026-09-06T12:29:12.818+0300","C":"worker/pool.go:40","M":"worker started","worker number":8}
{"L":"DEBUG","T":"2026-09-06T12:29:12.818+0300","C":"worker/pool.go:40","M":"worker started","worker number":4}
{"L":"DEBUG","T":"2026-09-06T12:29:12.818+0300","C":"worker/pool.go:40","M":"worker started","worker number":9}
{"L":"DEBUG","T":"2026-09-06T12:29:12.818+0300","C":"worker/pool.go:40","M":"worker started","worker number":1}
{"L":"DEBUG","T":"2026-09-06T12:29:12.818+0300","C":"worker/pool.go:40","M":"worker started","worker number":2}
{"L":"DEBUG","T":"2026-09-06T12:29:12.818+0300","C":"worker/pool.go:40","M":"worker started","worker number":10}
{"L":"INFO","T":"2026-09-06T12:33:39.532+0300","C":"server/app.go:44","M":"shutting the app down"}
{"L":"INFO","T":"2026-09-06T12:33:39.532+0300","C":"server/app.go:55","M":"app closed gracefully"}
{"L":"INFO","T":"2026-09-06T12:33:41.916+0300","C":"app/app.go:67","M":"database connection initialized successfully"}
{"L":"DEBUG","T":"2026-09-06T12:33:41.930+0300","C":"worker/pool.go:40","M":"worker started","worker number":1}
{"L":"DEBUG","T":"2026-09-06T12:33:41.930+0300","C":"worker/pool.go:40","M":"worker started","worker number":8}
{"L":"DEBUG","T":"2026-09-06T12:33:41.930+0300","C":"worker/pool.go:40","M":"worker started","worker number":0}
{"L":"DEBUG","T":"2026-09-06T12:33:41.930+0300","C":"worker/pool.go:40","M":"worker started","worker number":11}
{"L":"DEBUG","T":"2026-09-06T12:33:41.930+0300","C":"worker/pool.go:40","M":"worker started","worker number":7}
{"L":"DEBUG","T":"2026-09-06T12:33:41.930+0300","C":"worker/pool.go:40","M":"worker started","worker number":2}
{"L":"DEBUG","T":"2026-09-06T12:33:41.930+0300","C":"worker/pool.go:40","M":"worker started","worker number":4}
{"L":"DEBUG","T":"2026-09-06T12:33:41.930+0300","C":"worker/pool.go:40","M":"worker started","worker number":6}
{"L":"DEBUG","T":"2026-09-06T12:33:41.930+0300","C":"worker/pool.go:40","M":"worker started","worker number":5}
{"L":"DEBUG","T":"2026-09-06T12:33:41.930+0300","C":"worker/pool.go:40","M":"worker started","worker number":10}
{"L":"DEBUG","T":"2026-09-06T12:33:41.930+0300","C":"worker/pool.go:40","M":"worker started","worker number":3}
{"L":"DEBUG","T":"2026-09-06T12:33:41.930+0300","C":"worker/pool.go:40","M":"worker started","worker number":9}
{"L":"INFO","T":"2026-09-06T12:34:06.285+0300","C":"server/app.go:44","M":"shutting the app down"}
{"L":"INFO","T":"2026-09-06T12:34:06.286+0300","C":"server/app.go:55","M":"app closed gracefully"}
{"L":"INFO","T":"2026-09-06T12:34:08.061+0300","C":"app/app.go:67","M":"database connection initialized successfully"}
{"L":"DEBUG","T":"2026-09-06T12:34:08.075+0300","C":"worker/pool.go:40","M":"worker started","worker number":11}
{"L":"DEBUG","T":"2026-09-06T12:34:08.075+0300","C":"worker/pool.go:40","M":"worker started","worker number":4}
{"L":"DEBUG","T":"2026-09-06T12:34:08.075+0300","C":"worker/pool.go:40","M":"worker started","worker number":1}
{"L":"DEBUG","T":"2026-09-06T12:34:08.075+0300","C":"worker/pool.go:40","M":"worker started","worker number":5}
{"L":"DEBUG","T":"2026-09-06T12:34:08.075+0300","C":"worker/pool.go:40","M":"worker started","worker number":7}
{"L":"DEBUG","T":"2026-09-06T12:34:11.305+0300","C":"worker/pool.go:40","M":"worker started","worker number":9}
{"L":"DEBUG","T":"2026-09-06T12:34:08.075+0300","C":"worker/pool.go:40","M":"worker started","worker number":0}
{"L":"DEBUG","T":"2026-09-06T12:34:08.075+0300","C":"worker/pool.go:40","M":"worker started","worker number":2}
{"L":"DEBUG","T":"2026-09-06T12:34:11.305+0300","C":"worker/pool.go:40","M":"worker started","worker number":10}
{"L":"DEBUG","T":"2026-09-06T12:34:11.305+0300","C":"worker/pool.go:40","M":"worker started","worker number":8}
{"L":"DEBUG","T":"2026-09-06T12:34:11.388+0300","C":"worker/pool.go:40","M":"worker started","worker number":6}
{"L":"DEBUG","T":"2026-09-06T12:34:37.903+0300","C":"worker/pool.go:49","M":"failed to consume message","error":"Exception (504) Reason: \"channel/connection is not open\""}
{"L":"DEBUG","T":"2026-09-06T12:34:37.902+0300","C":"worker/pool.go:49","M":"failed to consume message","error":"Exception (501) Reason: \"read tcp [::1]:55705->[::1]:5672: i/o timeout\""}
{"L":"DEBUG","T":"2026-09-06T12:34:37.902+0300","C":"worker/pool.go:49","M":"failed to consume message","error":"Exception (504) Reason: \"channel/connection is not open\""}
{"L":"ERROR","T":"2026-09-06T12:34:37.903+0300","C":"worker/pool.go:32","M":"worker failed","error":"failed to consume message: Exception (504) Reason: \"channel/connection is not open\"","S":"github.com/artni96/GophProfile/internal/worker.(*Pool).Launch.func1\n\t/Users/artni/Documents/Dev/GophProfile/internal/worker/pool.go:32\nsync.(*WaitGroup).Go.func1\n\t/Users/artni/go/pkg/mod/golang.org/toolchain@v0.0.1-go1.27.0.darwin-arm64/src/sync/waitgroup.go:258"}
{"L":"ERROR","T":"2026-09-06T12:34:37.903+0300","C":"worker/pool.go:32","M":"worker failed","error":"failed to consume message: Exception (501) Reason: \"read tcp [::1]:55705->[::1]:5672: i/o timeout\"","S":"github.com/artni96/GophProfile/internal/worker.(*Pool).Launch.func1\n\t/Users/artni/Documents/Dev/GophProfile/internal/worker/pool.go:32\nsync.(*WaitGroup).Go.func1\n\t/Users/artni/go/pkg/mod/golang.org/toolchain@v0.0.1-go1.27.0.darwin-arm64/src/sync/waitgroup.go:258"}
{"L":"ERROR","T":"2026-09-06T12:34:37.903+0300","C":"worker/pool.go:32","M":"worker failed","error":"failed to consume message: Exception (504) Reason: \"channel/connection is not open\"","S":"github.com/artni96/GophProfile/internal/worker.(*Pool).Launch.func1\n\t/Users/artni/Documents/Dev/GophProfile/internal/worker/pool.go:32\nsync.(*WaitGroup).Go.func1\n\t/Users/artni/go/pkg/mod/golang.org/toolchain@v0.0.1-go1.27.0.darwin-arm64/src/sync/waitgroup.go:258"}
{"L":"DEBUG","T":"2026-09-06T12:34:37.903+0300","C":"worker/pool.go:49","M":"failed to consume message","error":"Exception (504) Reason: \"channel/connection is not open\""}
{"L":"ERROR","T":"2026-09-06T12:34:37.903+0300","C":"worker/pool.go:32","M":"worker failed","error":"failed to consume message: Exception (504) Reason: \"channel/connection is not open\"","S":"github.com/artni96/GophProfile/internal/worker.(*Pool).Launch.func1\n\t/Users/artni/Documents/Dev/GophProfile/internal/worker/pool.go:32\nsync.(*WaitGroup).Go.func1\n\t/Users/artni/go/pkg/mod/golang.org/toolchain@v0.0.1-go1.27.0.darwin-arm64/src/sync/waitgroup.go:258"}
{"L":"DEBUG","T":"2026-09-06T12:34:37.903+0300","C":"worker/pool.go:49","M":"failed to consume message","error":"Exception (504) Reason: \"channel/connection is not open\""}
{"L":"DEBUG","T":"2026-09-06T12:34:37.902+0300","C":"worker/pool.go:49","M":"failed to consume message","error":"Exception (504) Reason: \"channel/connection is not open\""}
{"L":"DEBUG","T":"2026-09-06T12:34:37.902+0300","C":"worker/pool.go:49","M":"failed to consume message","error":"Exception (504) Reason: \"channel/connection is not open\""}
{"L":"ERROR","T":"2026-09-06T12:34:37.903+0300","C":"worker/pool.go:32","M":"worker failed","error":"failed to consume message: Exception (504) Reason: \"channel/connection is not open\"","S":"github.com/artni96/GophProfile/internal/worker.(*Pool).Launch.func1\n\t/Users/artni/Documents/Dev/GophProfile/internal/worker/pool.go:32\nsync.(*WaitGroup).Go.func1\n\t/Users/artni/go/pkg/mod/golang.org/toolchain@v0.0.1-go1.27.0.darwin-arm64/src/sync/waitgroup.go:258"}
{"L":"ERROR","T":"2026-09-06T12:34:37.903+0300","C":"worker/pool.go:32","M":"worker failed","error":"failed to consume message: Exception (504) Reason: \"channel/connection is not open\"","S":"github.com/artni96/GophProfile/internal/worker.(*Pool).Launch.func1\n\t/Users/artni/Documents/Dev/GophProfile/internal/worker/pool.go:32\nsync.(*WaitGroup).Go.func1\n\t/Users/artni/go/pkg/mod/golang.org/toolchain@v0.0.1-go1.27.0.darwin-arm64/src/sync/waitgroup.go:258"}
{"L":"ERROR","T":"2026-09-06T12:34:37.903+0300","C":"worker/pool.go:32","M":"worker failed","error":"failed to consume message: Exception (504) Reason: \"channel/connection is not open\"","S":"github.com/artni96/GophProfile/internal/worker.(*Pool).Launch.func1\n\t/Users/artni/Documents/Dev/GophProfile/internal/worker/pool.go:32\nsync.(*WaitGroup).Go.func1\n\t/Users/artni/go/pkg/mod/golang.org/toolchain@v0.0.1-go1.27.0.darwin-arm64/src/sync/waitgroup.go:258"}
{"L":"DEBUG","T":"2026-09-06T12:34:37.902+0300","C":"worker/pool.go:49","M":"failed to consume message","error":"Exception (504) Reason: \"channel/connection is not open\""}
{"L":"ERROR","T":"2026-09-06T12:34:37.903+0300","C":"worker/pool.go:32","M":"worker failed","error":"failed to consume message: Exception (504) Reason: \"channel/connection is not open\"","S":"github.com/artni96/GophProfile/internal/worker.(*Pool).Launch.func1\n\t/Users/artni/Documents/Dev/GophProfile/internal/worker/pool.go:32\nsync.(*WaitGroup).Go.func1\n\t/Users/artni/go/pkg/mod/golang.org/toolchain@v0.0.1-go1.27.0.darwin-arm64/src/sync/waitgroup.go:258"}
{"L":"DEBUG","T":"2026-09-06T12:34:08.075+0300","C":"worker/pool.go:40","M":"worker started","worker number":3}
{"L":"DEBUG","T":"2026-09-06T12:34:37.903+0300","C":"worker/pool.go:49","M":"failed to consume message","error":"Exception (504) Reason: \"channel/connection is not open\""}
{"L":"ERROR","T":"2026-09-06T12:34:37.903+0300","C":"worker/pool.go:32","M":"worker failed","error":"failed to consume message: Exception (504) Reason: \"channel/connection is not open\"","S":"github.com/artni96/GophProfile/internal/worker.(*Pool).Launch.func1\n\t/Users/artni/Documents/Dev/GophProfile/internal/worker/pool.go:32\nsync.(*WaitGroup).Go.func1\n\t/Users/artni/go/pkg/mod/golang.org/toolchain@v0.0.1-go1.27.0.darwin-arm64/src/sync/waitgroup.go:258"}
{"L":"INFO","T":"2026-09-06T12:34:37.905+0300","C":"server/app.go:44","M":"shutting the app down"}
{"L":"INFO","T":"2026-09-06T12:34:37.905+0300","C":"server/app.go:55","M":"app closed gracefully"}
{"L":"INFO","T":"2026-09-06T12:34:39.444+0300","C":"app/app.go:67","M":"database connection initialized successfully"}
{"L":"DEBUG","T":"2026-09-06T12:34:39.453+0300","C":"worker/pool.go:40","M":"worker started","worker number":11}
{"L":"DEBUG","T":"2026-09-06T12:34:39.453+0300","C":"worker/pool.go:40","M":"worker started","worker number":8}
{"L":"DEBUG","T":"2026-09-06T12:34:39.453+0300","C":"worker/pool.go:40","M":"worker started","worker number":3}
{"L":"DEBUG","T":"2026-09-06T12:34:39.453+0300","C":"worker/pool.go:40","M":"worker started","worker number":4}
{"L":"DEBUG","T":"2026-09-06T12:34:39.453+0300","C":"worker/pool.go:40","M":"worker started","worker number":10}
{"L":"DEBUG","T":"2026-09-06T12:34:39.453+0300","C":"worker/pool.go:40","M":"worker started","worker number":6}
{"L":"DEBUG","T":"2026-09-06T12:34:39.453+0300","C":"worker/pool.go:40","M":"worker started","worker number":1}
{"L":"DEBUG","T":"2026-09-06T12:34:39.453+0300","C":"worker/pool.go:40","M":"worker started","worker number":0}
{"L":"DEBUG","T":"2026-09-06T12:34:39.453+0300","C":"worker/pool.go:40","M":"worker started","worker number":7}
{"L":"DEBUG","T":"2026-09-06T12:34:39.453+0300","C":"worker/pool.go:40","M":"worker started","worker number":5}
{"L":"DEBUG","T":"2026-09-06T12:34:39.453+0300","C":"worker/pool.go:40","M":"worker started","worker number":2}
{"L":"DEBUG","T":"2026-09-06T12:34:39.453+0300","C":"worker/pool.go:40","M":"worker started","worker number":9}
{"L":"INFO","T":"2026-09-06T12:36:17.427+0300","C":"server/app.go:44","M":"shutting the app down"}
{"L":"INFO","T":"2026-09-06T12:36:17.427+0300","C":"server/app.go:55","M":"app closed gracefully"}
{"L":"INFO","T":"2026-09-06T12:36:41.978+0300","C":"app/app.go:67","M":"database connection initialized successfully"}
{"L":"DEBUG","T":"2026-09-06T12:36:41.993+0300","C":"worker/pool.go:40","M":"worker started","worker number":11}
{"L":"DEBUG","T":"2026-09-06T12:36:41.993+0300","C":"worker/pool.go:40","M":"worker started","worker number":6}
{"L":"DEBUG","T":"2026-09-06T12:36:41.993+0300","C":"worker/pool.go:40","M":"worker started","worker number":9}
{"L":"DEBUG","T":"2026-09-06T12:36:41.993+0300","C":"worker/pool.go:40","M":"worker started","worker number":1}
{"L":"DEBUG","T":"2026-09-06T12:36:41.993+0300","C":"worker/pool.go:40","M":"worker started","worker number":4}
{"L":"DEBUG","T":"2026-09-06T12:36:41.993+0300","C":"worker/pool.go:40","M":"worker started","worker number":8}
{"L":"DEBUG","T":"2026-09-06T12:36:41.993+0300","C":"worker/pool.go:40","M":"worker started","worker number":5}
{"L":"DEBUG","T":"2026-09-06T12:36:41.993+0300","C":"worker/pool.go:40","M":"worker started","worker number":7}
{"L":"DEBUG","T":"2026-09-06T12:36:41.993+0300","C":"worker/pool.go:40","M":"worker started","worker number":10}
{"L":"DEBUG","T":"2026-09-06T12:36:41.993+0300","C":"worker/pool.go:40","M":"worker started","worker number":0}
{"L":"DEBUG","T":"2026-09-06T12:36:41.993+0300","C":"worker/pool.go:40","M":"worker started","worker number":3}
{"L":"DEBUG","T":"2026-09-06T12:36:41.993+0300","C":"worker/pool.go:40","M":"worker started","worker number":2}
{"L":"DEBUG","T":"2026-09-06T12:36:45.328+0300","C":"storage/interface.go:26","M":"Successfully uploaded to gophprofile//originals/user1/test_image.png"}
{"L":"DEBUG","T":"2026-09-06T12:36:45.336+0300","C":"worker/rabbitmq.go:142","M":"message has been delivered to broker successfully"}
{"L":"INFO","T":"2026-09-06T12:40:25.606+0300","C":"server/app.go:44","M":"shutting the app down"}
{"L":"INFO","T":"2026-09-06T12:40:25.606+0300","C":"server/app.go:55","M":"app closed gracefully"}
{"L":"INFO","T":"2026-09-06T12:40:27.872+0300","C":"app/app.go:67","M":"database connection initialized successfully"}
{"L":"DEBUG","T":"2026-09-06T12:40:27.887+0300","C":"worker/pool.go:40","M":"worker started","worker number":4}
{"L":"DEBUG","T":"2026-09-06T12:40:27.887+0300","C":"worker/pool.go:40","M":"worker started","worker number":3}
{"L":"DEBUG","T":"2026-09-06T12:40:27.887+0300","C":"worker/pool.go:40","M":"worker started","worker number":2}
{"L":"DEBUG","T":"2026-09-06T12:40:27.887+0300","C":"worker/pool.go:40","M":"worker started","worker number":10}
{"L":"DEBUG","T":"2026-09-06T12:40:27.887+0300","C":"worker/pool.go:40","M":"worker started","worker number":8}
{"L":"DEBUG","T":"2026-09-06T12:40:27.887+0300","C":"worker/pool.go:40","M":"worker started","worker number":6}
{"L":"DEBUG","T":"2026-09-06T12:40:27.887+0300","C":"worker/pool.go:40","M":"worker started","worker number":5}
{"L":"DEBUG","T":"2026-09-06T12:40:27.887+0300","C":"worker/pool.go:40","M":"worker started","worker number":9}
{"L":"DEBUG","T":"2026-09-06T12:40:27.887+0300","C":"worker/pool.go:40","M":"worker started","worker number":11}
{"L":"DEBUG","T":"2026-09-06T12:40:27.887+0300","C":"worker/pool.go:40","M":"worker started","worker number":1}
{"L":"DEBUG","T":"2026-09-06T12:40:27.887+0300","C":"worker/pool.go:40","M":"worker started","worker number":0}
{"L":"DEBUG","T":"2026-09-06T12:40:27.887+0300","C":"worker/pool.go:40","M":"worker started","worker number":7}
{"L":"DEBUG","T":"2026-09-06T12:40:51.058+0300","C":"storage/interface.go:26","M":"Successfully uploaded to gophprofile//originals/user1/test_image.png"}
{"L":"DEBUG","T":"2026-09-06T12:40:51.065+0300","C":"worker/rabbitmq.go:142","M":"message has been delivered to broker successfully"}
{"L":"INFO","T":"2026-09-06T12:49:20.809+0300","C":"server/app.go:44","M":"shutting the app down"}
{"L":"INFO","T":"2026-09-06T12:49:20.810+0300","C":"server/app.go:55","M":"app closed gracefully"}
{"L":"INFO","T":"2026-09-06T12:49:22.788+0300","C":"app/app.go:67","M":"database connection initialized successfully"}
{"L":"DEBUG","T":"2026-09-06T12:49:22.795+0300","C":"worker/pool.go:40","M":"worker started","worker number":11}
{"L":"DEBUG","T":"2026-09-06T12:49:22.795+0300","C":"worker/pool.go:40","M":"worker started","worker number":0}
{"L":"DEBUG","T":"2026-09-06T12:49:22.795+0300","C":"worker/pool.go:40","M":"worker started","worker number":9}
{"L":"DEBUG","T":"2026-09-06T12:49:22.795+0300","C":"worker/pool.go:40","M":"worker started","worker number":3}
{"L":"DEBUG","T":"2026-09-06T12:49:22.795+0300","C":"worker/pool.go:40","M":"worker started","worker number":8}
{"L":"DEBUG","T":"2026-09-06T12:49:22.795+0300","C":"worker/pool.go:40","M":"worker started","worker number":10}
{"L":"DEBUG","T":"2026-09-06T12:49:22.795+0300","C":"worker/pool.go:40","M":"worker started","worker number":5}
{"L":"DEBUG","T":"2026-09-06T12:49:22.795+0300","C":"worker/pool.go:40","M":"worker started","worker number":4}
{"L":"DEBUG","T":"2026-09-06T12:49:22.795+0300","C":"worker/pool.go:40","M":"worker started","worker number":2}
{"L":"DEBUG","T":"2026-09-06T12:49:22.795+0300","C":"worker/pool.go:40","M":"worker started","worker number":1}
{"L":"DEBUG","T":"2026-09-06T12:49:22.795+0300","C":"worker/pool.go:40","M":"worker started","worker number":6}
{"L":"DEBUG","T":"2026-09-06T12:49:22.795+0300","C":"worker/pool.go:40","M":"worker started","worker number":7}
{"L":"INFO","T":"2026-09-06T12:50:27.709+0300","C":"server/app.go:44","M":"shutting the app down"}
{"L":"INFO","T":"2026-09-06T12:50:27.710+0300","C":"server/app.go:55","M":"app closed gracefully"}
{"L":"INFO","T":"2026-09-06T12:50:28.412+0300","C":"app/app.go:67","M":"database connection initialized successfully"}
{"L":"DEBUG","T":"2026-09-06T12:50:28.422+0300","C":"worker/pool.go:40","M":"worker started","worker number":11}
{"L":"DEBUG","T":"2026-09-06T12:50:28.422+0300","C":"worker/pool.go:40","M":"worker started","worker number":4}
{"L":"DEBUG","T":"2026-09-06T12:50:28.422+0300","C":"worker/pool.go:40","M":"worker started","worker number":0}
{"L":"DEBUG","T":"2026-09-06T12:50:28.422+0300","C":"worker/pool.go:40","M":"worker started","worker number":5}
{"L":"DEBUG","T":"2026-09-06T12:50:28.422+0300","C":"worker/pool.go:40","M":"worker started","worker number":3}
{"L":"DEBUG","T":"2026-09-06T12:50:28.422+0300","C":"worker/pool.go:40","M":"worker started","worker number":1}
{"L":"DEBUG","T":"2026-09-06T12:50:28.422+0300","C":"worker/pool.go:40","M":"worker started","worker number":10}
{"L":"DEBUG","T":"2026-09-06T12:50:28.422+0300","C":"worker/pool.go:40","M":"worker started","worker number":8}
{"L":"DEBUG","T":"2026-09-06T12:50:28.422+0300","C":"worker/pool.go:40","M":"worker started","worker number":6}
{"L":"DEBUG","T":"2026-09-06T12:50:28.422+0300","C":"worker/pool.go:40","M":"worker started","worker number":7}
{"L":"DEBUG","T":"2026-09-06T12:50:28.422+0300","C":"worker/pool.go:40","M":"worker started","worker number":2}
{"L":"DEBUG","T":"2026-09-06T12:50:28.422+0300","C":"worker/pool.go:40","M":"worker started","worker number":9}
{"L":"INFO","T":"2026-09-06T12:53:43.770+0300","C":"app/app.go:67","M":"database connection initialized successfully"}
{"L":"INFO","T":"2026-09-06T13:24:47.259+0300","C":"app/app.go:67","M":"database connection initialized successfully"}
{"L":"INFO","T":"2026-09-06T13:24:54.806+0300","C":"app/app.go:67","M":"database connection initialized successfully"}
{"L":"DEBUG","T":"2026-09-06T13:24:54.818+0300","C":"worker/pool.go:40","M":"worker started","worker number":3}
{"L":"DEBUG","T":"2026-09-06T13:24:54.818+0300","C":"worker/pool.go:40","M":"worker started","worker number":4}
{"L":"DEBUG","T":"2026-09-06T13:24:54.818+0300","C":"worker/pool.go:40","M":"worker started","worker number":6}
{"L":"DEBUG","T":"2026-09-06T13:24:54.818+0300","C":"worker/pool.go:40","M":"worker started","worker number":7}
{"L":"DEBUG","T":"2026-09-06T13:24:54.818+0300","C":"worker/pool.go:40","M":"worker started","worker number":10}
{"L":"DEBUG","T":"2026-09-06T13:24:54.818+0300","C":"worker/pool.go:40","M":"worker started","worker number":1}
{"L":"DEBUG","T":"2026-09-06T13:24:54.818+0300","C":"worker/pool.go:40","M":"worker started","worker number":11}
{"L":"DEBUG","T":"2026-09-06T13:24:54.818+0300","C":"worker/pool.go:40","M":"worker started","worker number":9}
{"L":"DEBUG","T":"2026-09-06T13:24:54.818+0300","C":"worker/pool.go:40","M":"worker started","worker number":0}
{"L":"DEBUG","T":"2026-09-06T13:24:54.818+0300","C":"worker/pool.go:40","M":"worker started","worker number":2}
{"L":"DEBUG","T":"2026-09-06T13:24:54.818+0300","C":"worker/pool.go:40","M":"worker started","worker number":5}
{"L":"DEBUG","T":"2026-09-06T13:24:54.818+0300","C":"worker/pool.go:40","M":"worker started","worker number":8}
{"L":"INFO","T":"2026-09-06T13:25:24.566+0300","C":"app/app.go:67","M":"database connection initialized successfully"}
{"L":"DEBUG","T":"2026-09-06T13:25:24.577+0300","C":"worker/pool.go:40","M":"worker started","worker number":11}
{"L":"DEBUG","T":"2026-09-06T13:25:24.577+0300","C":"worker/pool.go:40","M":"worker started","worker number":5}
{"L":"DEBUG","T":"2026-09-06T13:25:24.577+0300","C":"worker/pool.go:40","M":"worker started","worker number":8}
{"L":"DEBUG","T":"2026-09-06T13:25:24.577+0300","C":"worker/pool.go:40","M":"worker started","worker number":10}
{"L":"DEBUG","T":"2026-09-06T13:25:24.577+0300","C":"worker/pool.go:40","M":"worker started","worker number":9}
{"L":"DEBUG","T":"2026-09-06T13:25:24.577+0300","C":"worker/pool.go:40","M":"worker started","worker number":7}
{"L":"DEBUG","T":"2026-09-06T13:25:24.577+0300","C":"worker/pool.go:40","M":"worker started","worker number":6}
{"L":"DEBUG","T":"2026-09-06T13:25:24.577+0300","C":"worker/pool.go:40","M":"worker started","worker number":0}
{"L":"DEBUG","T":"2026-09-06T13:25:24.578+0300","C":"worker/pool.go:40","M":"worker started","worker number":2}
{"L":"DEBUG","T":"2026-09-06T13:25:24.577+0300","C":"worker/pool.go:40","M":"worker started","worker number":3}
{"L":"DEBUG","T":"2026-09-06T13:25:24.577+0300","C":"worker/pool.go:40","M":"worker started","worker number":4}
{"L":"DEBUG","T":"2026-09-06T13:25:24.577+0300","C":"worker/pool.go:40","M":"worker started","worker number":1}
{"L":"INFO","T":"2026-09-06T13:25:40.106+0300","C":"app/app.go:67","M":"database connection initialized successfully"}
{"L":"DEBUG","T":"2026-09-06T13:25:40.120+0300","C":"worker/pool.go:40","M":"worker started","worker number":5}
{"L":"DEBUG","T":"2026-09-06T13:25:40.120+0300","C":"worker/pool.go:40","M":"worker started","worker number":10}
{"L":"DEBUG","T":"2026-09-06T13:25:40.120+0300","C":"worker/pool.go:40","M":"worker started","worker number":11}
{"L":"DEBUG","T":"2026-09-06T13:25:40.120+0300","C":"worker/pool.go:40","M":"worker started","worker number":9}
{"L":"DEBUG","T":"2026-09-06T13:25:40.120+0300","C":"worker/pool.go:40","M":"worker started","worker number":8}
{"L":"DEBUG","T":"2026-09-06T13:25:40.120+0300","C":"worker/pool.go:40","M":"worker started","worker number":7}
{"L":"DEBUG","T":"2026-09-06T13:25:40.120+0300","C":"worker/pool.go:40","M":"worker started","worker number":6}
{"L":"DEBUG","T":"2026-09-06T13:25:40.120+0300","C":"worker/pool.go:40","M":"worker started","worker number":2}
{"L":"DEBUG","T":"2026-09-06T13:25:40.120+0300","C":"worker/pool.go:40","M":"worker started","worker number":0}
{"L":"DEBUG","T":"2026-09-06T13:25:40.120+0300","C":"worker/pool.go:40","M":"worker started","worker number":1}
{"L":"DEBUG","T":"2026-09-06T13:25:40.120+0300","C":"worker/pool.go:40","M":"worker started","worker number":4}
{"L":"DEBUG","T":"2026-09-06T13:25:40.120+0300","C":"worker/pool.go:40","M":"worker started","worker number":3}
{"L":"INFO","T":"2026-09-06T13:25:51.756+0300","C":"app/app.go:67","M":"database connection initialized successfully"}
{"L":"DEBUG","T":"2026-09-06T13:25:51.769+0300","C":"worker/pool.go:40","M":"worker started","worker number":1}
{"L":"DEBUG","T":"2026-09-06T13:25:51.769+0300","C":"worker/pool.go:40","M":"worker started","worker number":3}
{"L":"DEBUG","T":"2026-09-06T13:25:51.769+0300","C":"worker/pool.go:40","M":"worker started","worker number":2}
{"L":"DEBUG","T":"2026-09-06T13:25:51.769+0300","C":"worker/pool.go:40","M":"worker started","worker number":10}
{"L":"DEBUG","T":"2026-09-06T13:25:51.769+0300","C":"worker/pool.go:40","M":"worker started","worker number":0}
{"L":"DEBUG","T":"2026-09-06T13:25:51.769+0300","C":"worker/pool.go:40","M":"worker started","worker number":11}
{"L":"DEBUG","T":"2026-09-06T13:25:51.769+0300","C":"worker/pool.go:40","M":"worker started","worker number":8}
{"L":"DEBUG","T":"2026-09-06T13:25:51.769+0300","C":"worker/pool.go:40","M":"worker started","worker number":9}
{"L":"DEBUG","T":"2026-09-06T13:25:51.769+0300","C":"worker/pool.go:40","M":"worker started","worker number":7}
{"L":"DEBUG","T":"2026-09-06T13:25:51.769+0300","C":"worker/pool.go:40","M":"worker started","worker number":6}
{"L":"DEBUG","T":"2026-09-06T13:25:51.769+0300","C":"worker/pool.go:40","M":"worker started","worker number":5}
{"L":"DEBUG","T":"2026-09-06T13:25:51.769+0300","C":"worker/pool.go:40","M":"worker started","worker number":4}
{"L":"INFO","T":"2026-09-06T13:27:29.280+0300","C":"server/app.go:44","M":"shutting the app down"}
{"L":"INFO","T":"2026-09-06T13:27:29.281+0300","C":"server/app.go:55","M":"app closed gracefully"}
{"L":"INFO","T":"2026-09-06T13:27:30.545+0300","C":"app/app.go:67","M":"database connection initialized successfully"}
{"L":"DEBUG","T":"2026-09-06T13:27:30.558+0300","C":"worker/pool.go:40","M":"worker started","worker number":2}
{"L":"DEBUG","T":"2026-09-06T13:27:30.558+0300","C":"worker/pool.go:40","M":"worker started","worker number":9}
{"L":"DEBUG","T":"2026-09-06T13:27:30.558+0300","C":"worker/pool.go:40","M":"worker started","worker number":5}
{"L":"DEBUG","T":"2026-09-06T13:27:30.558+0300","C":"worker/pool.go:40","M":"worker started","worker number":6}
{"L":"DEBUG","T":"2026-09-06T13:27:30.558+0300","C":"worker/pool.go:40","M":"worker started","worker number":8}
{"L":"DEBUG","T":"2026-09-06T13:27:30.558+0300","C":"worker/pool.go:40","M":"worker started","worker number":10}
{"L":"DEBUG","T":"2026-09-06T13:27:30.558+0300","C":"worker/pool.go:40","M":"worker started","worker number":4}
{"L":"DEBUG","T":"2026-09-06T13:27:30.558+0300","C":"worker/pool.go:40","M":"worker started","worker number":3}
{"L":"DEBUG","T":"2026-09-06T13:27:30.558+0300","C":"worker/pool.go:40","M":"worker started","worker number":11}
{"L":"DEBUG","T":"2026-09-06T13:27:30.558+0300","C":"worker/pool.go:40","M":"worker started","worker number":1}
{"L":"DEBUG","T":"2026-09-06T13:27:30.558+0300","C":"worker/pool.go:40","M":"worker started","worker number":0}
{"L":"DEBUG","T":"2026-09-06T13:27:30.558+0300","C":"worker/pool.go:40","M":"worker started","worker number":7}
{"L":"INFO","T":"2026-09-06T13:28:23.852+0300","C":"app/app.go:67","M":"database connection initialized successfully"}
{"L":"DEBUG","T":"2026-09-06T13:28:23.864+0300","C":"worker/pool.go:40","M":"worker started","worker number":11}
{"L":"DEBUG","T":"2026-09-06T13:28:23.864+0300","C":"worker/pool.go:40","M":"worker started","worker number":3}
{"L":"DEBUG","T":"2026-09-06T13:28:23.864+0300","C":"worker/pool.go:40","M":"worker started","worker number":6}
{"L":"DEBUG","T":"2026-09-06T13:28:23.864+0300","C":"worker/pool.go:40","M":"worker started","worker number":8}
{"L":"DEBUG","T":"2026-09-06T13:28:23.864+0300","C":"worker/pool.go:40","M":"worker started","worker number":5}
{"L":"DEBUG","T":"2026-09-06T13:28:23.864+0300","C":"worker/pool.go:40","M":"worker started","worker number":7}
{"L":"DEBUG","T":"2026-09-06T13:28:23.864+0300","C":"worker/pool.go:40","M":"worker started","worker number":10}
{"L":"DEBUG","T":"2026-09-06T13:28:23.864+0300","C":"worker/pool.go:40","M":"worker started","worker number":2}
{"L":"DEBUG","T":"2026-09-06T13:28:23.864+0300","C":"worker/pool.go:40","M":"worker started","worker number":1}
{"L":"DEBUG","T":"2026-09-06T13:28:23.864+0300","C":"worker/pool.go:40","M":"worker started","worker number":4}
{"L":"DEBUG","T":"2026-09-06T13:28:23.864+0300","C":"worker/pool.go:40","M":"worker started","worker number":0}
{"L":"DEBUG","T":"2026-09-06T13:28:23.864+0300","C":"worker/pool.go:40","M":"worker started","worker number":9}
{"L":"INFO","T":"2026-09-06T13:28:45.785+0300","C":"app/app.go:67","M":"database connection initialized successfully"}
{"L":"DEBUG","T":"2026-09-06T13:28:45.799+0300","C":"worker/pool.go:40","M":"worker started","worker number":5}
{"L":"DEBUG","T":"2026-09-06T13:28:45.799+0300","C":"worker/pool.go:40","M":"worker started","worker number":2}
{"L":"DEBUG","T":"2026-09-06T13:28:45.799+0300","C":"worker/pool.go:40","M":"worker started","worker number":10}
{"L":"DEBUG","T":"2026-09-06T13:28:45.799+0300","C":"worker/pool.go:40","M":"worker started","worker number":7}
{"L":"DEBUG","T":"2026-09-06T13:28:45.799+0300","C":"worker/pool.go:40","M":"worker started","worker number":6}
{"L":"DEBUG","T":"2026-09-06T13:28:45.799+0300","C":"worker/pool.go:40","M":"worker started","worker number":0}
{"L":"DEBUG","T":"2026-09-06T13:28:45.799+0300","C":"worker/pool.go:40","M":"worker started","worker number":9}
{"L":"DEBUG","T":"2026-09-06T13:28:45.799+0300","C":"worker/pool.go:40","M":"worker started","worker number":11}
{"L":"DEBUG","T":"2026-09-06T13:28:45.799+0300","C":"worker/pool.go:40","M":"worker started","worker number":4}
{"L":"DEBUG","T":"2026-09-06T13:28:45.799+0300","C":"worker/pool.go:40","M":"worker started","worker number":1}
{"L":"DEBUG","T":"2026-09-06T13:28:45.799+0300","C":"worker/pool.go:40","M":"worker started","worker number":3}
{"L":"DEBUG","T":"2026-09-06T13:28:45.799+0300","C":"worker/pool.go:40","M":"worker started","worker number":8}
{"L":"INFO","T":"2026-09-06T13:31:32.883+0300","C":"app/app.go:67","M":"database connection initialized successfully"}
{"L":"DEBUG","T":"2026-09-06T13:31:32.893+0300","C":"worker/pool.go:40","M":"worker started","worker number":6}
{"L":"DEBUG","T":"2026-09-06T13:31:32.893+0300","C":"worker/pool.go:40","M":"worker started","worker number":5}
{"L":"DEBUG","T":"2026-09-06T13:31:32.893+0300","C":"worker/pool.go:40","M":"worker started","worker number":2}
{"L":"DEBUG","T":"2026-09-06T13:31:32.893+0300","C":"worker/pool.go:40","M":"worker started","worker number":1}
{"L":"DEBUG","T":"2026-09-06T13:31:32.893+0300","C":"worker/pool.go:40","M":"worker started","worker number":0}
{"L":"DEBUG","T":"2026-09-06T13:31:32.893+0300","C":"worker/pool.go:40","M":"worker started","worker number":8}
{"L":"DEBUG","T":"2026-09-06T13:31:32.893+0300","C":"worker/pool.go:40","M":"worker started","worker number":9}
{"L":"DEBUG","T":"2026-09-06T13:31:32.893+0300","C":"worker/pool.go:40","M":"worker started","worker number":11}
{"L":"DEBUG","T":"2026-09-06T13:31:32.893+0300","C":"worker/pool.go:40","M":"worker started","worker number":7}
{"L":"DEBUG","T":"2026-09-06T13:31:32.893+0300","C":"worker/pool.go:40","M":"worker started","worker number":10}
{"L":"DEBUG","T":"2026-09-06T13:31:32.893+0300","C":"worker/pool.go:40","M":"worker started","worker number":4}
{"L":"DEBUG","T":"2026-09-06T13:31:32.893+0300","C":"worker/pool.go:40","M":"worker started","worker number":3}
{"L":"INFO","T":"2026-09-06T13:37:19.664+0300","C":"server/app.go:44","M":"shutting the app down"}
{"L":"INFO","T":"2026-09-06T13:37:21.181+0300","C":"app/app.go:67","M":"database connection initialized successfully"}
{"L":"DEBUG","T":"2026-09-06T13:37:21.195+0300","C":"worker/pool.go:40","M":"worker started","worker number":11}
{"L":"DEBUG","T":"2026-09-06T13:37:21.195+0300","C":"worker/pool.go:40","M":"worker started","worker number":3}
{"L":"DEBUG","T":"2026-09-06T13:37:21.195+0300","C":"worker/pool.go:40","M":"worker started","worker number":2}
{"L":"DEBUG","T":"2026-09-06T13:37:21.195+0300","C":"worker/pool.go:40","M":"worker started","worker number":10}
{"L":"DEBUG","T":"2026-09-06T13:37:21.195+0300","C":"worker/pool.go:40","M":"worker started","worker number":4}
{"L":"DEBUG","T":"2026-09-06T13:37:21.195+0300","C":"worker/pool.go:40","M":"worker started","worker number":6}
{"L":"DEBUG","T":"2026-09-06T13:37:21.195+0300","C":"worker/pool.go:40","M":"worker started","worker number":5}
{"L":"DEBUG","T":"2026-09-06T13:37:21.195+0300","C":"worker/pool.go:40","M":"worker started","worker number":8}
{"L":"DEBUG","T":"2026-09-06T13:37:21.195+0300","C":"worker/pool.go:40","M":"worker started","worker number":0}
{"L":"DEBUG","T":"2026-09-06T13:37:21.195+0300","C":"worker/pool.go:40","M":"worker started","worker number":9}
{"L":"DEBUG","T":"2026-09-06T13:37:21.195+0300","C":"worker/pool.go:40","M":"worker started","worker number":1}
{"L":"DEBUG","T":"2026-09-06T13:37:21.195+0300","C":"worker/pool.go:40","M":"worker started","worker number":7}
{"L":"INFO","T":"2026-09-06T13:37:34.224+0300","C":"server/app.go:44","M":"shutting the app down"}
{"L":"INFO","T":"2026-09-06T13:37:34.224+0300","C":"server/app.go:55","M":"app closed gracefully"}
{"L":"INFO","T":"2026-09-06T13:37:34.971+0300","C":"app/app.go:67","M":"database connection initialized successfully"}
{"L":"DEBUG","T":"2026-09-06T13:37:34.978+0300","C":"worker/pool.go:40","M":"worker started","worker number":11}
{"L":"DEBUG","T":"2026-09-06T13:37:34.978+0300","C":"worker/pool.go:40","M":"worker started","worker number":2}
{"L":"DEBUG","T":"2026-09-06T13:37:34.978+0300","C":"worker/pool.go:40","M":"worker started","worker number":0}
{"L":"DEBUG","T":"2026-09-06T13:37:34.978+0300","C":"worker/pool.go:40","M":"worker started","worker number":8}
{"L":"DEBUG","T":"2026-09-06T13:37:34.978+0300","C":"worker/pool.go:40","M":"worker started","worker number":3}
{"L":"DEBUG","T":"2026-09-06T13:37:34.978+0300","C":"worker/pool.go:40","M":"worker started","worker number":6}
{"L":"DEBUG","T":"2026-09-06T13:37:34.978+0300","C":"worker/pool.go:40","M":"worker started","worker number":7}
{"L":"DEBUG","T":"2026-09-06T13:37:34.978+0300","C":"worker/pool.go:40","M":"worker started","worker number":4}
{"L":"DEBUG","T":"2026-09-06T13:37:34.978+0300","C":"worker/pool.go:40","M":"worker started","worker number":9}
{"L":"ERROR","T":"2026-09-06T13:39:34.114+0300","C":"worker/pool.go:32","M":"worker failed","error":"Exception (504) Reason: \"channel/connection is not open\"","S":"github.com/artni96/GophProfile/internal/worker.(*Pool).Launch.func1\n\t/Users/artni/Documents/Dev/GophProfile/internal/worker/pool.go:32\nsync.(*WaitGroup).Go.func1\n\t/Users/artni/go/pkg/mod/golang.org/toolchain@v0.0.1-go1.27.0.darwin-arm64/src/sync/waitgroup.go:258"}
{"L":"DEBUG","T":"2026-09-06T13:37:34.978+0300","C":"worker/pool.go:40","M":"worker started","worker number":10}
{"L":"ERROR","T":"2026-09-06T13:39:34.114+0300","C":"worker/pool.go:32","M":"worker failed","error":"Exception (504) Reason: \"channel/connection is not open\"","S":"github.com/artni96/GophProfile/internal/worker.(*Pool).Launch.func1\n\t/Users/artni/Documents/Dev/GophProfile/internal/worker/pool.go:32\nsync.(*WaitGroup).Go.func1\n\t/Users/artni/go/pkg/mod/golang.org/toolchain@v0.0.1-go1.27.0.darwin-arm64/src/sync/waitgroup.go:258"}
{"L":"ERROR","T":"2026-09-06T13:39:34.111+0300","C":"worker/pool.go:32","M":"worker failed","error":"Exception (504) Reason: \"channel/connection is not open\"","S":"github.com/artni96/GophProfile/internal/worker.(*Pool).Launch.func1\n\t/Users/artni/Documents/Dev/GophProfile/internal/worker/pool.go:32\nsync.(*WaitGroup).Go.func1\n\t/Users/artni/go/pkg/mod/golang.org/toolchain@v0.0.1-go1.27.0.darwin-arm64/src/sync/waitgroup.go:258"}
{"L":"DEBUG","T":"2026-09-06T13:37:34.978+0300","C":"worker/pool.go:40","M":"worker started","worker number":5}
{"L":"ERROR","T":"2026-09-06T13:39:34.111+0300","C":"worker/pool.go:32","M":"worker failed","error":"Exception (504) Reason: \"channel/connection is not open\"","S":"github.com/artni96/GophProfile/internal/worker.(*Pool).Launch.func1\n\t/Users/artni/Documents/Dev/GophProfile/internal/worker/pool.go:32\nsync.(*WaitGroup).Go.func1\n\t/Users/artni/go/pkg/mod/golang.org/toolchain@v0.0.1-go1.27.0.darwin-arm64/src/sync/waitgroup.go:258"}
{"L":"INFO","T":"2026-09-06T13:39:34.114+0300","C":"server/app.go:44","M":"shutting the app down"}
{"L":"DEBUG","T":"2026-09-06T13:37:34.978+0300","C":"worker/pool.go:40","M":"worker started","worker number":1}
{"L":"ERROR","T":"2026-09-06T13:39:34.111+0300","C":"worker/pool.go:32","M":"worker failed","error":"Exception (501) Reason: \"read tcp [::1]:49221->[::1]:5672: i/o timeout\"","S":"github.com/artni96/GophProfile/internal/worker.(*Pool).Launch.func1\n\t/Users/artni/Documents/Dev/GophProfile/internal/worker/pool.go:32\nsync.(*WaitGroup).Go.func1\n\t/Users/artni/go/pkg/mod/golang.org/toolchain@v0.0.1-go1.27.0.darwin-arm64/src/sync/waitgroup.go:258"}
{"L":"ERROR","T":"2026-09-06T13:39:34.115+0300","C":"worker/pool.go:32","M":"worker failed","error":"Exception (504) Reason: \"channel/connection is not open\"","S":"github.com/artni96/GophProfile/internal/worker.(*Pool).Launch.func1\n\t/Users/artni/Documents/Dev/GophProfile/internal/worker/pool.go:32\nsync.(*WaitGroup).Go.func1\n\t/Users/artni/go/pkg/mod/golang.org/toolchain@v0.0.1-go1.27.0.darwin-arm64/src/sync/waitgroup.go:258"}
{"L":"ERROR","T":"2026-09-06T13:39:34.115+0300","C":"worker/pool.go:32","M":"worker failed","error":"Exception (504) Reason: \"channel/connection is not open\"","S":"github.com/artni96/GophProfile/internal/worker.(*Pool).Launch.func1\n\t/Users/artni/Documents/Dev/GophProfile/internal/worker/pool.go:32\nsync.(*WaitGroup).Go.func1\n\t/Users/artni/go/pkg/mod/golang.org/toolchain@v0.0.1-go1.27.0.darwin-arm64/src/sync/waitgroup.go:258"}
{"L":"ERROR","T":"2026-09-06T13:39:34.115+0300","C":"worker/pool.go:32","M":"worker failed","error":"Exception (504) Reason: \"channel/connection is not open\"","S":"github.com/artni96/GophProfile/internal/worker.(*Pool).Launch.func1\n\t/Users/artni/Documents/Dev/GophProfile/internal/worker/pool.go:32\nsync.(*WaitGroup).Go.func1\n\t/Users/artni/go/pkg/mod/golang.org/toolchain@v0.0.1-go1.27.0.darwin-arm64/src/sync/waitgroup.go:258"}
{"L":"INFO","T":"2026-09-06T13:39:34.115+0300","C":"server/app.go:55","M":"app closed gracefully"}
{"L":"INFO","T":"2026-09-06T13:40:04.328+0300","C":"app/app.go:67","M":"database connection initialized successfully"}
{"L":"DEBUG","T":"2026-09-06T13:40:04.335+0300","C":"worker/pool.go:40","M":"worker started","worker number":11}
{"L":"DEBUG","T":"2026-09-06T13:40:04.335+0300","C":"worker/pool.go:40","M":"worker started","worker number":2}
{"L":"DEBUG","T":"2026-09-06T13:40:04.335+0300","C":"worker/pool.go:40","M":"worker started","worker number":9}
{"L":"DEBUG","T":"2026-09-06T13:40:04.335+0300","C":"worker/pool.go:40","M":"worker started","worker number":3}
{"L":"DEBUG","T":"2026-09-06T13:40:04.335+0300","C":"worker/pool.go:40","M":"worker started","worker number":4}
{"L":"DEBUG","T":"2026-09-06T13:40:04.335+0300","C":"worker/pool.go:40","M":"worker started","worker number":6}
{"L":"DEBUG","T":"2026-09-06T13:40:04.335+0300","C":"worker/pool.go:40","M":"worker started","worker number":7}
{"L":"DEBUG","T":"2026-09-06T13:40:04.335+0300","C":"worker/pool.go:40","M":"worker started","worker number":8}
{"L":"DEBUG","T":"2026-09-06T13:40:04.335+0300","C":"worker/pool.go:40","M":"worker started","worker number":10}
{"L":"DEBUG","T":"2026-09-06T13:40:04.335+0300","C":"worker/pool.go:40","M":"worker started","worker number":5}
{"L":"DEBUG","T":"2026-09-06T13:40:04.335+0300","C":"worker/pool.go:40","M":"worker started","worker number":1}
{"L":"DEBUG","T":"2026-09-06T13:40:04.335+0300","C":"worker/pool.go:40","M":"worker started","worker number":0}
{"L":"ERROR","T":"2026-09-06T13:46:09.602+0300","C":"worker/pool.go:32","M":"worker failed","error":"Exception (504) Reason: \"channel/connection is not open\"","S":"github.com/artni96/GophProfile/internal/worker.(*Pool).Launch.func1\n\t/Users/artni/Documents/Dev/GophProfile/internal/worker/pool.go:32\nsync.(*WaitGroup).Go.func1\n\t/Users/artni/go/pkg/mod/golang.org/toolchain@v0.0.1-go1.27.0.darwin-arm64/src/sync/waitgroup.go:258"}
{"L":"ERROR","T":"2026-09-06T13:46:09.602+0300","C":"worker/pool.go:32","M":"worker failed","error":"Exception (501) Reason: \"read tcp [::1]:49852->[::1]:5672: i/o timeout\"","S":"github.com/artni96/GophProfile/internal/worker.(*Pool).Launch.func1\n\t/Users/artni/Documents/Dev/GophProfile/internal/worker/pool.go:32\nsync.(*WaitGroup).Go.func1\n\t/Users/artni/go/pkg/mod/golang.org/toolchain@v0.0.1-go1.27.0.darwin-arm64/src/sync/waitgroup.go:258"}
{"L":"ERROR","T":"2026-09-06T13:46:09.604+0300","C":"worker/pool.go:32","M":"worker failed","error":"write tcp [::1]:49852->[::1]:5672: use of closed network connection","S":"github.com/artni96/GophProfile/internal/worker.(*Pool).Launch.func1\n\t/Users/artni/Documents/Dev/GophProfile/internal/worker/pool.go:32\nsync.(*WaitGroup).Go.func1\n\t/Users/artni/go/pkg/mod/golang.org/toolchain@v0.0.1-go1.27.0.darwin-arm64/src/sync/waitgroup.go:258"}
{"L":"ERROR","T":"2026-09-06T13:46:09.602+0300","C":"worker/pool.go:32","M":"worker failed","error":"write tcp [::1]:49852->[::1]:5672: use of closed network connection","S":"github.com/artni96/GophProfile/internal/worker.(*Pool).Launch.func1\n\t/Users/artni/Documents/Dev/GophProfile/internal/worker/pool.go:32\nsync.(*WaitGroup).Go.func1\n\t/Users/artni/go/pkg/mod/golang.org/toolchain@v0.0.1-go1.27.0.darwin-arm64/src/sync/waitgroup.go:258"}
{"L":"ERROR","T":"2026-09-06T13:46:09.604+0300","C":"worker/pool.go:32","M":"worker failed","error":"write tcp [::1]:49852->[::1]:5672: use of closed network connection","S":"github.com/artni96/GophProfile/internal/worker.(*Pool).Launch.func1\n\t/Users/artni/Documents/Dev/GophProfile/internal/worker/pool.go:32\nsync.(*WaitGroup).Go.func1\n\t/Users/artni/go/pkg/mod/golang.org/toolchain@v0.0.1-go1.27.0.darwin-arm64/src/sync/waitgroup.go:258"}
{"L":"INFO","T":"2026-09-06T13:46:09.604+0300","C":"server/app.go:44","M":"shutting the app down"}
{"L":"ERROR","T":"2026-09-06T13:46:09.602+0300","C":"worker/pool.go:32","M":"worker failed","error":"write tcp [::1]:49852->[::1]:5672: use of closed network connection","S":"github.com/artni96/GophProfile/internal/worker.(*Pool).Launch.func1\n\t/Users/artni/Documents/Dev/GophProfile/internal/worker/pool.go:32\nsync.(*WaitGroup).Go.func1\n\t/Users/artni/go/pkg/mod/golang.org/toolchain@v0.0.1-go1.27.0.darwin-arm64/src/sync/waitgroup.go:258"}
{"L":"ERROR","T":"2026-09-06T13:46:09.604+0300","C":"worker/pool.go:32","M":"worker failed","error":"write tcp [::1]:49852->[::1]:5672: use of closed network connection","S":"github.com/artni96/GophProfile/internal/worker.(*Pool).Launch.func1\n\t/Users/artni/Documents/Dev/GophProfile/internal/worker/pool.go:32\nsync.(*WaitGroup).Go.func1\n\t/Users/artni/go/pkg/mod/golang.org/toolchain@v0.0.1-go1.27.0.darwin-arm64/src/sync/waitgroup.go:258"}
{"L":"ERROR","T":"2026-09-06T13:46:09.604+0300","C":"worker/pool.go:32","M":"worker failed","error":"write tcp [::1]:49852->[::1]:5672: use of closed network connection","S":"github.com/artni96/GophProfile/internal/worker.(*Pool).Launch.func1\n\t/Users/artni/Documents/Dev/GophProfile/internal/worker/pool.go:32\nsync.(*WaitGroup).Go.func1\n\t/Users/artni/go/pkg/mod/golang.org/toolchain@v0.0.1-go1.27.0.darwin-arm64/src/sync/waitgroup.go:258"}
{"L":"INFO","T":"2026-09-06T13:46:09.604+0300","C":"server/app.go:55","M":"app closed gracefully"}
{"L":"ERROR","T":"2026-09-06T13:46:09.604+0300","C":"worker/pool.go:32","M":"worker failed","error":"write tcp [::1]:49852->[::1]:5672: use of closed network connection","S":"github.com/artni96/GophProfile/internal/worker.(*Pool).Launch.func1\n\t/Users/artni/Documents/Dev/GophProfile/internal/worker/pool.go:32\nsync.(*WaitGroup).Go.func1\n\t/Users/artni/go/pkg/mod/golang.org/toolchain@v0.0.1-go1.27.0.darwin-arm64/src/sync/waitgroup.go:258"}
{"L":"INFO","T":"2026-09-06T13:46:13.946+0300","C":"app/app.go:67","M":"database connection initialized successfully"}
{"L":"DEBUG","T":"2026-09-06T13:46:13.964+0300","C":"worker/pool.go:40","M":"worker started","worker number":11}
{"L":"DEBUG","T":"2026-09-06T13:46:13.964+0300","C":"worker/pool.go:40","M":"worker started","worker number":7}
{"L":"DEBUG","T":"2026-09-06T13:46:13.964+0300","C":"worker/pool.go:40","M":"worker started","worker number":9}
{"L":"DEBUG","T":"2026-09-06T13:46:13.964+0300","C":"worker/pool.go:40","M":"worker started","worker number":3}
{"L":"DEBUG","T":"2026-09-06T13:46:13.964+0300","C":"worker/pool.go:40","M":"worker started","worker number":8}
{"L":"DEBUG","T":"2026-09-06T13:46:13.964+0300","C":"worker/pool.go:40","M":"worker started","worker number":6}
{"L":"DEBUG","T":"2026-09-06T13:46:13.964+0300","C":"worker/pool.go:40","M":"worker started","worker number":1}
{"L":"DEBUG","T":"2026-09-06T13:46:13.964+0300","C":"worker/pool.go:40","M":"worker started","worker number":4}
{"L":"DEBUG","T":"2026-09-06T13:46:13.964+0300","C":"worker/pool.go:40","M":"worker started","worker number":10}
{"L":"DEBUG","T":"2026-09-06T13:46:13.964+0300","C":"worker/pool.go:40","M":"worker started","worker number":5}
{"L":"DEBUG","T":"2026-09-06T13:46:13.964+0300","C":"worker/pool.go:40","M":"worker started","worker number":0}
{"L":"DEBUG","T":"2026-09-06T13:46:13.964+0300","C":"worker/pool.go:40","M":"worker started","worker number":2}
{"L":"INFO","T":"2026-09-06T13:51:14.951+0300","C":"server/app.go:44","M":"shutting the app down"}
{"L":"INFO","T":"2026-09-06T13:51:14.951+0300","C":"server/app.go:55","M":"app closed gracefully"}
{"L":"INFO","T":"2026-09-06T13:51:28.688+0300","C":"app/app.go:67","M":"database connection initialized successfully"}
{"L":"DEBUG","T":"2026-09-06T13:51:37.126+0300","C":"storage/interface.go:26","M":"Successfully uploaded to gophprofile//originals/user1/test_image.png"}
{"L":"DEBUG","T":"2026-09-06T13:51:37.135+0300","C":"worker/rabbitmq.go:142","M":"message has been delivered to broker successfully"}
{"L":"INFO","T":"2026-09-06T13:52:19.682+0300","C":"server/app.go:43","M":"shutting the app down"}
{"L":"INFO","T":"2026-09-06T13:52:19.682+0300","C":"server/app.go:54","M":"app closed gracefully"}
{"L":"INFO","T":"2026-09-06T13:52:21.630+0300","C":"app/app.go:67","M":"database connection initialized successfully"}
{"L":"DEBUG","T":"2026-09-06T13:52:21.644+0300","C":"worker/pool.go:41","M":"worker started","worker number":7}
{"L":"DEBUG","T":"2026-09-06T13:52:21.644+0300","C":"worker/pool.go:41","M":"worker started","worker number":10}
{"L":"DEBUG","T":"2026-09-06T13:52:21.644+0300","C":"worker/pool.go:41","M":"worker started","worker number":4}
{"L":"DEBUG","T":"2026-09-06T13:52:21.644+0300","C":"worker/pool.go:41","M":"worker started","worker number":3}
{"L":"DEBUG","T":"2026-09-06T13:52:21.644+0300","C":"worker/pool.go:41","M":"worker started","worker number":11}
{"L":"DEBUG","T":"2026-09-06T13:52:21.644+0300","C":"worker/pool.go:41","M":"worker started","worker number":2}
{"L":"DEBUG","T":"2026-09-06T13:52:21.644+0300","C":"worker/pool.go:41","M":"worker started","worker number":0}
{"L":"DEBUG","T":"2026-09-06T13:52:21.644+0300","C":"worker/pool.go:41","M":"worker started","worker number":1}
{"L":"DEBUG","T":"2026-09-06T13:52:21.644+0300","C":"worker/pool.go:41","M":"worker started","worker number":6}
{"L":"DEBUG","T":"2026-09-06T13:52:21.644+0300","C":"worker/pool.go:41","M":"worker started","worker number":8}
{"L":"DEBUG","T":"2026-09-06T13:52:21.644+0300","C":"worker/pool.go:41","M":"worker started","worker number":9}
{"L":"DEBUG","T":"2026-09-06T13:52:21.644+0300","C":"worker/pool.go:41","M":"worker started","worker number":5}
{"L":"INFO","T":"2026-09-06T13:53:24.010+0300","C":"server/app.go:44","M":"shutting the app down"}
{"L":"INFO","T":"2026-09-06T13:53:24.011+0300","C":"server/app.go:55","M":"app closed gracefully"}
{"L":"INFO","T":"2026-09-06T13:53:25.433+0300","C":"app/app.go:67","M":"database connection initialized successfully"}
{"L":"DEBUG","T":"2026-09-06T13:53:38.845+0300","C":"storage/interface.go:26","M":"Successfully uploaded to gophprofile//originals/user1/test_image.png"}
{"L":"DEBUG","T":"2026-09-06T13:53:46.846+0300","C":"worker/rabbitmq.go:142","M":"message has been delivered to broker successfully"}
{"L":"INFO","T":"2026-09-06T13:54:11.954+0300","C":"server/app.go:43","M":"shutting the app down"}
{"L":"INFO","T":"2026-09-06T13:54:11.963+0300","C":"server/app.go:54","M":"app closed gracefully"}
{"L":"INFO","T":"2026-09-06T13:54:33.902+0300","C":"app/app.go:67","M":"database connection initialized successfully"}
{"L":"DEBUG","T":"2026-09-06T13:54:33.917+0300","C":"worker/pool.go:41","M":"worker started","worker number":11}
{"L":"DEBUG","T":"2026-09-06T13:54:33.917+0300","C":"worker/pool.go:41","M":"worker started","worker number":0}
{"L":"DEBUG","T":"2026-09-06T13:54:33.917+0300","C":"worker/pool.go:41","M":"worker started","worker number":3}
{"L":"DEBUG","T":"2026-09-06T13:54:33.917+0300","C":"worker/pool.go:41","M":"worker started","worker number":2}
{"L":"DEBUG","T":"2026-09-06T13:54:33.917+0300","C":"worker/pool.go:41","M":"worker started","worker number":4}
{"L":"DEBUG","T":"2026-09-06T13:54:33.917+0300","C":"worker/pool.go:41","M":"worker started","worker number":9}
{"L":"DEBUG","T":"2026-09-06T13:54:33.917+0300","C":"worker/pool.go:41","M":"worker started","worker number":1}
{"L":"DEBUG","T":"2026-09-06T13:54:33.917+0300","C":"worker/pool.go:41","M":"worker started","worker number":8}
{"L":"DEBUG","T":"2026-09-06T13:54:33.917+0300","C":"worker/pool.go:41","M":"worker started","worker number":5}
{"L":"DEBUG","T":"2026-09-06T13:54:33.917+0300","C":"worker/pool.go:41","M":"worker started","worker number":7}
{"L":"DEBUG","T":"2026-09-06T13:54:33.917+0300","C":"worker/pool.go:41","M":"worker started","worker number":6}
{"L":"DEBUG","T":"2026-09-06T13:54:33.917+0300","C":"worker/pool.go:41","M":"worker started","worker number":10}
{"L":"DEBUG","T":"2026-09-06T13:54:36.726+0300","C":"storage/interface.go:26","M":"Successfully uploaded to gophprofile//originals/user1/test_image.png"}
{"L":"DEBUG","T":"2026-09-06T13:54:36.732+0300","C":"worker/rabbitmq.go:142","M":"message has been delivered to broker successfully"}
{"L":"INFO","T":"2026-09-06T13:55:27.583+0300","C":"server/app.go:44","M":"shutting the app down"}
{"L":"INFO","T":"2026-09-06T13:55:27.584+0300","C":"server/app.go:55","M":"app closed gracefully"}
{"L":"INFO","T":"2026-09-06T13:55:29.060+0300","C":"app/app.go:67","M":"database connection initialized successfully"}
{"L":"DEBUG","T":"2026-09-06T13:55:29.070+0300","C":"worker/pool.go:41","M":"worker started","worker number":11}
{"L":"DEBUG","T":"2026-09-06T13:55:29.070+0300","C":"worker/pool.go:41","M":"worker started","worker number":0}
{"L":"DEBUG","T":"2026-09-06T13:55:29.070+0300","C":"worker/pool.go:41","M":"worker started","worker number":4}
{"L":"DEBUG","T":"2026-09-06T13:55:29.070+0300","C":"worker/pool.go:41","M":"worker started","worker number":1}
{"L":"DEBUG","T":"2026-09-06T13:55:29.070+0300","C":"worker/pool.go:41","M":"worker started","worker number":3}
{"L":"DEBUG","T":"2026-09-06T13:55:29.070+0300","C":"worker/pool.go:41","M":"worker started","worker number":5}
{"L":"DEBUG","T":"2026-09-06T13:55:29.070+0300","C":"worker/pool.go:41","M":"worker started","worker number":10}
{"L":"DEBUG","T":"2026-09-06T13:55:29.070+0300","C":"worker/pool.go:41","M":"worker started","worker number":7}
{"L":"DEBUG","T":"2026-09-06T13:55:29.070+0300","C":"worker/pool.go:41","M":"worker started","worker number":2}
{"L":"DEBUG","T":"2026-09-06T13:55:29.070+0300","C":"worker/pool.go:41","M":"worker started","worker number":9}
{"L":"DEBUG","T":"2026-09-06T13:55:29.070+0300","C":"worker/pool.go:41","M":"worker started","worker number":6}
{"L":"DEBUG","T":"2026-09-06T13:55:29.070+0300","C":"worker/pool.go:41","M":"worker started","worker number":8}
{"L":"DEBUG","T":"2026-09-06T13:55:33.676+0300","C":"storage/interface.go:26","M":"Successfully uploaded to gophprofile//originals/user1/test_image.png"}
{"L":"DEBUG","T":"2026-09-06T13:55:49.379+0300","C":"worker/rabbitmq.go:142","M":"message has been delivered to broker successfully"}
{"L":"DEBUG","T":"2026-09-06T13:55:56.592+0300","C":"worker/pool.go:67","M":"broker queue is closed","worker id":1}
{"L":"DEBUG","T":"2026-09-06T13:55:56.592+0300","C":"worker/pool.go:67","M":"broker queue is closed","worker id":5}
{"L":"DEBUG","T":"2026-09-06T13:55:56.592+0300","C":"worker/pool.go:67","M":"broker queue is closed","worker id":7}
{"L":"DEBUG","T":"2026-09-06T13:55:56.592+0300","C":"worker/pool.go:67","M":"broker queue is closed","worker id":3}
{"L":"DEBUG","T":"2026-09-06T13:56:07.975+0300","C":"worker/pool.go:67","M":"broker queue is closed","worker id":8}
{"L":"ERROR","T":"2026-09-06T13:56:07.975+0300","C":"worker/pool.go:33","M":"worker failed","error":"broker queue is closed","S":"github.com/artni96/GophProfile/internal/worker.(*Pool).Launch.func1\n\t/Users/artni/Documents/Dev/GophProfile/internal/worker/pool.go:33\nsync.(*WaitGroup).Go.func1\n\t/Users/artni/go/pkg/mod/golang.org/toolchain@v0.0.1-go1.27.0.darwin-arm64/src/sync/waitgroup.go:258"}
{"L":"DEBUG","T":"2026-09-06T13:56:06.503+0300","C":"worker/pool.go:67","M":"broker queue is closed","worker id":0}
{"L":"DEBUG","T":"2026-09-06T13:56:07.975+0300","C":"worker/pool.go:67","M":"broker queue is closed","worker id":10}
{"L":"ERROR","T":"2026-09-06T13:56:10.312+0300","C":"worker/pool.go:33","M":"worker failed","error":"broker queue is closed","S":"github.com/artni96/GophProfile/internal/worker.(*Pool).Launch.func1\n\t/Users/artni/Documents/Dev/GophProfile/internal/worker/pool.go:33\nsync.(*WaitGroup).Go.func1\n\t/Users/artni/go/pkg/mod/golang.org/toolchain@v0.0.1-go1.27.0.darwin-arm64/src/sync/waitgroup.go:258"}
{"L":"ERROR","T":"2026-09-06T14:02:04.822+0300","C":"worker/pool.go:85","M":"worker process ack failed","error":"Exception (504) Reason: \"channel/connection is not open\"","S":"github.com/artni96/GophProfile/internal/worker.(*Pool).worker\n\t/Users/artni/Documents/Dev/GophProfile/internal/worker/pool.go:85\ngithub.com/artni96/GophProfile/internal/worker.(*Pool).Launch.func1\n\t/Users/artni/Documents/Dev/GophProfile/internal/worker/pool.go:31\nsync.(*WaitGroup).Go.func1\n\t/Users/artni/go/pkg/mod/golang.org/toolchain@v0.0.1-go1.27.0.darwin-arm64/src/sync/waitgroup.go:258"}
{"L":"DEBUG","T":"2026-09-06T13:55:57.445+0300","C":"worker/pool.go:67","M":"broker queue is closed","worker id":6}
{"L":"DEBUG","T":"2026-09-06T14:02:04.822+0300","C":"worker/pool.go:67","M":"broker queue is closed","worker id":11}
{"L":"DEBUG","T":"2026-09-06T13:56:07.975+0300","C":"worker/pool.go:67","M":"broker queue is closed","worker id":4}
{"L":"DEBUG","T":"2026-09-06T13:56:06.503+0300","C":"worker/pool.go:67","M":"broker queue is closed","worker id":9}
{"L":"ERROR","T":"2026-09-06T14:02:04.822+0300","C":"worker/pool.go:33","M":"worker failed","error":"broker queue is closed","S":"github.com/artni96/GophProfile/internal/worker.(*Pool).Launch.func1\n\t/Users/artni/Documents/Dev/GophProfile/internal/worker/pool.go:33\nsync.(*WaitGroup).Go.func1\n\t/Users/artni/go/pkg/mod/golang.org/toolchain@v0.0.1-go1.27.0.darwin-arm64/src/sync/waitgroup.go:258"}
{"L":"DEBUG","T":"2026-09-06T13:56:07.975+0300","C":"worker/pool.go:67","M":"broker queue is closed","worker id":2}
{"L":"ERROR","T":"2026-09-06T14:02:04.822+0300","C":"worker/pool.go:33","M":"worker failed","error":"broker queue is closed","S":"github.com/artni96/GophProfile/internal/worker.(*Pool).Launch.func1\n\t/Users/artni/Documents/Dev/GophProfile/internal/worker/pool.go:33\nsync.(*WaitGroup).Go.func1\n\t/Users/artni/go/pkg/mod/golang.org/toolchain@v0.0.1-go1.27.0.darwin-arm64/src/sync/waitgroup.go:258"}
{"L":"ERROR","T":"2026-09-06T13:56:10.312+0300","C":"worker/pool.go:33","M":"worker failed","error":"broker queue is closed","S":"github.com/artni96/GophProfile/internal/worker.(*Pool).Launch.func1\n\t/Users/artni/Documents/Dev/GophProfile/internal/worker/pool.go:33\nsync.(*WaitGroup).Go.func1\n\t/Users/artni/go/pkg/mod/golang.org/toolchain@v0.0.1-go1.27.0.darwin-arm64/src/sync/waitgroup.go:258"}
{"L":"ERROR","T":"2026-09-06T14:02:04.822+0300","C":"worker/pool.go:33","M":"worker failed","error":"broker queue is closed","S":"github.com/artni96/GophProfile/internal/worker.(*Pool).Launch.func1\n\t/Users/artni/Documents/Dev/GophProfile/internal/worker/pool.go:33\nsync.(*WaitGroup).Go.func1\n\t/Users/artni/go/pkg/mod/golang.org/toolchain@v0.0.1-go1.27.0.darwin-arm64/src/sync/waitgroup.go:258"}
{"L":"ERROR","T":"2026-09-06T13:56:07.975+0300","C":"worker/pool.go:33","M":"worker failed","error":"broker queue is closed","S":"github.com/artni96/GophProfile/internal/worker.(*Pool).Launch.func1\n\t/Users/artni/Documents/Dev/GophProfile/internal/worker/pool.go:33\nsync.(*WaitGroup).Go.func1\n\t/Users/artni/go/pkg/mod/golang.org/toolchain@v0.0.1-go1.27.0.darwin-arm64/src/sync/waitgroup.go:258"}
{"L":"ERROR","T":"2026-09-06T14:02:04.822+0300","C":"worker/pool.go:33","M":"worker failed","error":"broker queue is closed","S":"github.com/artni96/GophProfile/internal/worker.(*Pool).Launch.func1\n\t/Users/artni/Documents/Dev/GophProfile/internal/worker/pool.go:33\nsync.(*WaitGroup).Go.func1\n\t/Users/artni/go/pkg/mod/golang.org/toolchain@v0.0.1-go1.27.0.darwin-arm64/src/sync/waitgroup.go:258"}
{"L":"ERROR","T":"2026-09-06T14:02:04.822+0300","C":"worker/pool.go:33","M":"worker failed","error":"broker queue is closed","S":"github.com/artni96/GophProfile/internal/worker.(*Pool).Launch.func1\n\t/Users/artni/Documents/Dev/GophProfile/internal/worker/pool.go:33\nsync.(*WaitGroup).Go.func1\n\t/Users/artni/go/pkg/mod/golang.org/toolchain@v0.0.1-go1.27.0.darwin-arm64/src/sync/waitgroup.go:258"}
{"L":"ERROR","T":"2026-09-06T14:02:04.822+0300","C":"worker/pool.go:33","M":"worker failed","error":"broker queue is closed","S":"github.com/artni96/GophProfile/internal/worker.(*Pool).Launch.func1\n\t/Users/artni/Documents/Dev/GophProfile/internal/worker/pool.go:33\nsync.(*WaitGroup).Go.func1\n\t/Users/artni/go/pkg/mod/golang.org/toolchain@v0.0.1-go1.27.0.darwin-arm64/src/sync/waitgroup.go:258"}
{"L":"ERROR","T":"2026-09-06T14:02:04.822+0300","C":"worker/pool.go:33","M":"worker failed","error":"broker queue is closed","S":"github.com/artni96/GophProfile/internal/worker.(*Pool).Launch.func1\n\t/Users/artni/Documents/Dev/GophProfile/internal/worker/pool.go:33\nsync.(*WaitGroup).Go.func1\n\t/Users/artni/go/pkg/mod/golang.org/toolchain@v0.0.1-go1.27.0.darwin-arm64/src/sync/waitgroup.go:258"}
{"L":"ERROR","T":"2026-09-06T14:02:04.822+0300","C":"worker/pool.go:33","M":"worker failed","error":"broker queue is closed","S":"github.com/artni96/GophProfile/internal/worker.(*Pool).Launch.func1\n\t/Users/artni/Documents/Dev/GophProfile/internal/worker/pool.go:33\nsync.(*WaitGroup).Go.func1\n\t/Users/artni/go/pkg/mod/golang.org/toolchain@v0.0.1-go1.27.0.darwin-arm64/src/sync/waitgroup.go:258"}
{"L":"INFO","T":"2026-09-06T14:02:04.824+0300","C":"server/app.go:44","M":"shutting the app down"}
{"L":"INFO","T":"2026-09-06T14:02:04.824+0300","C":"server/app.go:55","M":"app closed gracefully"}
{"L":"INFO","T":"2026-09-06T14:02:06.327+0300","C":"app/app.go:67","M":"database connection initialized successfully"}
{"L":"DEBUG","T":"2026-09-06T14:02:06.340+0300","C":"worker/pool.go:45","M":"worker started","worker number":11}
{"L":"DEBUG","T":"2026-09-06T14:02:06.340+0300","C":"worker/pool.go:45","M":"worker started","worker number":7}
{"L":"DEBUG","T":"2026-09-06T14:02:06.341+0300","C":"worker/pool.go:45","M":"worker started","worker number":0}
{"L":"DEBUG","T":"2026-09-06T14:02:06.341+0300","C":"worker/pool.go:45","M":"worker started","worker number":5}
{"L":"DEBUG","T":"2026-09-06T14:02:06.341+0300","C":"worker/pool.go:45","M":"worker started","worker number":4}
{"L":"DEBUG","T":"2026-09-06T14:02:06.341+0300","C":"worker/pool.go:45","M":"worker started","worker number":6}
{"L":"DEBUG","T":"2026-09-06T14:02:06.342+0300","C":"worker/pool.go:45","M":"worker started","worker number":9}
{"L":"DEBUG","T":"2026-09-06T14:02:06.342+0300","C":"worker/pool.go:45","M":"worker started","worker number":8}
{"L":"DEBUG","T":"2026-09-06T14:02:06.342+0300","C":"worker/pool.go:45","M":"worker started","worker number":10}
{"L":"DEBUG","T":"2026-09-06T14:02:06.343+0300","C":"worker/pool.go:45","M":"worker started","worker number":1}
{"L":"DEBUG","T":"2026-09-06T14:02:06.343+0300","C":"worker/pool.go:45","M":"worker started","worker number":2}
{"L":"DEBUG","T":"2026-09-06T14:02:06.343+0300","C":"worker/pool.go:45","M":"worker started","worker number":3}
{"L":"INFO","T":"2026-09-06T14:02:14.985+0300","C":"server/app.go:44","M":"shutting the app down"}
{"L":"INFO","T":"2026-09-06T14:02:14.987+0300","C":"server/app.go:55","M":"app closed gracefully"}
{"L":"INFO","T":"2026-09-06T14:02:23.318+0300","C":"app/app.go:67","M":"database connection initialized successfully"}
{"L":"DEBUG","T":"2026-09-06T14:02:23.333+0300","C":"worker/pool.go:45","M":"worker started","worker number":11}
{"L":"DEBUG","T":"2026-09-06T14:02:23.333+0300","C":"worker/pool.go:45","M":"worker started","worker number":1}
{"L":"DEBUG","T":"2026-09-06T14:02:23.334+0300","C":"worker/pool.go:45","M":"worker started","worker number":6}
{"L":"DEBUG","T":"2026-09-06T14:02:23.334+0300","C":"worker/pool.go:45","M":"worker started","worker number":4}
{"L":"DEBUG","T":"2026-09-06T14:02:23.334+0300","C":"worker/pool.go:45","M":"worker started","worker number":0}
{"L":"DEBUG","T":"2026-09-06T14:02:23.334+0300","C":"worker/pool.go:45","M":"worker started","worker number":5}
{"L":"DEBUG","T":"2026-09-06T14:02:23.334+0300","C":"worker/pool.go:45","M":"worker started","worker number":9}
{"L":"DEBUG","T":"2026-09-06T14:02:23.335+0300","C":"worker/pool.go:45","M":"worker started","worker number":10}
{"L":"DEBUG","T":"2026-09-06T14:02:23.335+0300","C":"worker/pool.go:45","M":"worker started","worker number":7}
{"L":"DEBUG","T":"2026-09-06T14:02:23.335+0300","C":"worker/pool.go:45","M":"worker started","worker number":2}
{"L":"DEBUG","T":"2026-09-06T14:02:23.335+0300","C":"worker/pool.go:45","M":"worker started","worker number":3}
{"L":"DEBUG","T":"2026-09-06T14:02:23.335+0300","C":"worker/pool.go:45","M":"worker started","worker number":8}
{"L":"DEBUG","T":"2026-09-06T14:02:45.104+0300","C":"storage/interface.go:26","M":"Successfully uploaded to gophprofile//originals/user1/test_image.png"}
{"L":"DEBUG","T":"2026-09-06T14:02:45.112+0300","C":"worker/rabbitmq.go:142","M":"message has been delivered to broker successfully"}
{"L":"INFO","T":"2026-09-06T14:03:11.020+0300","C":"server/app.go:44","M":"shutting the app down"}
{"L":"INFO","T":"2026-09-06T14:03:11.020+0300","C":"server/app.go:55","M":"app closed gracefully"}
{"L":"INFO","T":"2026-09-06T14:03:13.560+0300","C":"app/app.go:67","M":"database connection initialized successfully"}
{"L":"DEBUG","T":"2026-09-06T14:03:13.574+0300","C":"worker/pool.go:45","M":"worker started","worker number":11}
{"L":"DEBUG","T":"2026-09-06T14:03:13.574+0300","C":"worker/pool.go:45","M":"worker started","worker number":5}
{"L":"DEBUG","T":"2026-09-06T14:03:13.574+0300","C":"worker/pool.go:45","M":"worker started","worker number":9}
{"L":"DEBUG","T":"2026-09-06T14:03:13.575+0300","C":"worker/pool.go:45","M":"worker started","worker number":2}
{"L":"DEBUG","T":"2026-09-06T14:03:13.575+0300","C":"worker/pool.go:45","M":"worker started","worker number":4}
{"L":"DEBUG","T":"2026-09-06T14:03:13.575+0300","C":"worker/pool.go:45","M":"worker started","worker number":8}
{"L":"DEBUG","T":"2026-09-06T14:03:13.575+0300","C":"worker/pool.go:45","M":"worker started","worker number":6}
{"L":"DEBUG","T":"2026-09-06T14:03:13.575+0300","C":"worker/pool.go:45","M":"worker started","worker number":7}
{"L":"DEBUG","T":"2026-09-06T14:03:13.575+0300","C":"worker/pool.go:45","M":"worker started","worker number":1}
{"L":"DEBUG","T":"2026-09-06T14:03:13.575+0300","C":"worker/pool.go:45","M":"worker started","worker number":3}
{"L":"DEBUG","T":"2026-09-06T14:03:13.576+0300","C":"worker/pool.go:45","M":"worker started","worker number":10}
{"L":"DEBUG","T":"2026-09-06T14:03:13.576+0300","C":"worker/pool.go:45","M":"worker started","worker number":0}
{"L":"DEBUG","T":"2026-09-06T14:03:20.449+0300","C":"storage/interface.go:26","M":"Successfully uploaded to gophprofile//originals/user1/test_image.png"}
{"L":"DEBUG","T":"2026-09-06T14:03:20.458+0300","C":"worker/rabbitmq.go:142","M":"message has been delivered to broker successfully"}
{"L":"DEBUG","T":"2026-09-06T14:03:51.746+0300","C":"storage/interface.go:26","M":"Successfully uploaded to gophprofile//originals/user1/test_image.png"}
{"L":"DEBUG","T":"2026-09-06T14:03:51.752+0300","C":"worker/rabbitmq.go:142","M":"message has been delivered to broker successfully"}
{"L":"INFO","T":"2026-09-06T14:04:13.873+0300","C":"server/app.go:44","M":"shutting the app down"}
{"L":"INFO","T":"2026-09-06T14:04:13.873+0300","C":"server/app.go:55","M":"app closed gracefully"}
{"L":"INFO","T":"2026-09-06T14:04:14.445+0300","C":"app/app.go:67","M":"database connection initialized successfully"}
{"L":"DEBUG","T":"2026-09-06T14:04:14.455+0300","C":"worker/pool.go:45","M":"worker started","worker number":3}
{"L":"DEBUG","T":"2026-09-06T14:04:14.455+0300","C":"worker/pool.go:45","M":"worker started","worker number":5}
{"L":"DEBUG","T":"2026-09-06T14:04:14.456+0300","C":"worker/pool.go:45","M":"worker started","worker number":7}
{"L":"DEBUG","T":"2026-09-06T14:04:14.456+0300","C":"worker/pool.go:45","M":"worker started","worker number":2}
{"L":"DEBUG","T":"2026-09-06T14:04:14.456+0300","C":"worker/pool.go:45","M":"worker started","worker number":4}
{"L":"DEBUG","T":"2026-09-06T14:04:14.456+0300","C":"worker/pool.go:45","M":"worker started","worker number":8}
{"L":"DEBUG","T":"2026-09-06T14:04:14.457+0300","C":"worker/pool.go:45","M":"worker started","worker number":9}
{"L":"DEBUG","T":"2026-09-06T14:04:14.457+0300","C":"worker/pool.go:45","M":"worker started","worker number":10}
{"L":"DEBUG","T":"2026-09-06T14:04:14.457+0300","C":"worker/pool.go:45","M":"worker started","worker number":1}
{"L":"DEBUG","T":"2026-09-06T14:04:14.457+0300","C":"worker/pool.go:45","M":"worker started","worker number":0}
{"L":"DEBUG","T":"2026-09-06T14:04:14.457+0300","C":"worker/pool.go:45","M":"worker started","worker number":11}
{"L":"DEBUG","T":"2026-09-06T14:04:14.458+0300","C":"worker/pool.go:45","M":"worker started","worker number":6}
{"L":"DEBUG","T":"2026-09-06T14:04:23.445+0300","C":"storage/interface.go:26","M":"Successfully uploaded to gophprofile//originals/user1/test_image.png"}
{"L":"DEBUG","T":"2026-09-06T14:04:36.456+0300","C":"worker/rabbitmq.go:142","M":"message has been delivered to broker successfully"}
{"L":"INFO","T":"2026-09-06T14:06:20.095+0300","C":"server/app.go:44","M":"shutting the app down"}
{"L":"DEBUG","T":"2026-09-06T14:06:20.095+0300","C":"worker/pool.go:71","M":"broker queue is closed","worker id":8}
{"L":"DEBUG","T":"2026-09-06T14:06:20.095+0300","C":"worker/pool.go:71","M":"broker queue is closed","worker id":1}
{"L":"DEBUG","T":"2026-09-06T14:06:20.095+0300","C":"worker/pool.go:71","M":"broker queue is closed","worker id":2}
{"L":"DEBUG","T":"2026-09-06T14:06:20.095+0300","C":"worker/pool.go:71","M":"broker queue is closed","worker id":10}
{"L":"ERROR","T":"2026-09-06T14:06:20.095+0300","C":"worker/pool.go:33","M":"worker failed","error":"broker queue is closed","S":"github.com/artni96/GophProfile/internal/worker.(*Pool).Launch.func1\n\t/Users/artni/Documents/Dev/GophProfile/internal/worker/pool.go:33\nsync.(*WaitGroup).Go.func1\n\t/Users/artni/go/pkg/mod/golang.org/toolchain@v0.0.1-go1.27.0.darwin-arm64/src/sync/waitgroup.go:258"}
{"L":"ERROR","T":"2026-09-06T14:06:20.095+0300","C":"worker/pool.go:33","M":"worker failed","error":"broker queue is closed","S":"github.com/artni96/GophProfile/internal/worker.(*Pool).Launch.func1\n\t/Users/artni/Documents/Dev/GophProfile/internal/worker/pool.go:33\nsync.(*WaitGroup).Go.func1\n\t/Users/artni/go/pkg/mod/golang.org/toolchain@v0.0.1-go1.27.0.darwin-arm64/src/sync/waitgroup.go:258"}
{"L":"DEBUG","T":"2026-09-06T14:06:20.095+0300","C":"worker/pool.go:71","M":"broker queue is closed","worker id":4}
{"L":"DEBUG","T":"2026-09-06T14:06:20.095+0300","C":"worker/pool.go:71","M":"broker queue is closed","worker id":11}
{"L":"ERROR","T":"2026-09-06T14:06:20.096+0300","C":"worker/pool.go:33","M":"worker failed","error":"broker queue is closed","S":"github.com/artni96/GophProfile/internal/worker.(*Pool).Launch.func1\n\t/Users/artni/Documents/Dev/GophProfile/internal/worker/pool.go:33\nsync.(*WaitGroup).Go.func1\n\t/Users/artni/go/pkg/mod/golang.org/toolchain@v0.0.1-go1.27.0.darwin-arm64/src/sync/waitgroup.go:258"}
{"L":"DEBUG","T":"2026-09-06T14:06:20.095+0300","C":"worker/pool.go:71","M":"broker queue is closed","worker id":3}
{"L":"ERROR","T":"2026-09-06T14:06:20.096+0300","C":"worker/pool.go:33","M":"worker failed","error":"broker queue is closed","S":"github.com/artni96/GophProfile/internal/worker.(*Pool).Launch.func1\n\t/Users/artni/Documents/Dev/GophProfile/internal/worker/pool.go:33\nsync.(*WaitGroup).Go.func1\n\t/Users/artni/go/pkg/mod/golang.org/toolchain@v0.0.1-go1.27.0.darwin-arm64/src/sync/waitgroup.go:258"}
{"L":"DEBUG","T":"2026-09-06T14:06:20.095+0300","C":"worker/pool.go:71","M":"broker queue is closed","worker id":9}
{"L":"ERROR","T":"2026-09-06T14:06:20.096+0300","C":"worker/pool.go:33","M":"worker failed","error":"broker queue is closed","S":"github.com/artni96/GophProfile/internal/worker.(*Pool).Launch.func1\n\t/Users/artni/Documents/Dev/GophProfile/internal/worker/pool.go:33\nsync.(*WaitGroup).Go.func1\n\t/Users/artni/go/pkg/mod/golang.org/toolchain@v0.0.1-go1.27.0.darwin-arm64/src/sync/waitgroup.go:258"}
{"L":"DEBUG","T":"2026-09-06T14:06:20.095+0300","C":"worker/pool.go:71","M":"broker queue is closed","worker id":0}
{"L":"DEBUG","T":"2026-09-06T14:06:20.095+0300","C":"worker/pool.go:71","M":"broker queue is closed","worker id":7}
{"L":"DEBUG","T":"2026-09-06T14:06:20.095+0300","C":"worker/pool.go:71","M":"broker queue is closed","worker id":5}
{"L":"ERROR","T":"2026-09-06T14:06:20.096+0300","C":"worker/pool.go:33","M":"worker failed","error":"broker queue is closed","S":"github.com/artni96/GophProfile/internal/worker.(*Pool).Launch.func1\n\t/Users/artni/Documents/Dev/GophProfile/internal/worker/pool.go:33\nsync.(*WaitGroup).Go.func1\n\t/Users/artni/go/pkg/mod/golang.org/toolchain@v0.0.1-go1.27.0.darwin-arm64/src/sync/waitgroup.go:258"}
{"L":"ERROR","T":"2026-09-06T14:06:20.095+0300","C":"worker/pool.go:33","M":"worker failed","error":"broker queue is closed","S":"github.com/artni96/GophProfile/internal/worker.(*Pool).Launch.func1\n\t/Users/artni/Documents/Dev/GophProfile/internal/worker/pool.go:33\nsync.(*WaitGroup).Go.func1\n\t/Users/artni/go/pkg/mod/golang.org/toolchain@v0.0.1-go1.27.0.darwin-arm64/src/sync/waitgroup.go:258"}
{"L":"ERROR","T":"2026-09-06T14:06:20.096+0300","C":"worker/pool.go:33","M":"worker failed","error":"broker queue is closed","S":"github.com/artni96/GophProfile/internal/worker.(*Pool).Launch.func1\n\t/Users/artni/Documents/Dev/GophProfile/internal/worker/pool.go:33\nsync.(*WaitGroup).Go.func1\n\t/Users/artni/go/pkg/mod/golang.org/toolchain@v0.0.1-go1.27.0.darwin-arm64/src/sync/waitgroup.go:258"}
{"L":"ERROR","T":"2026-09-06T14:06:20.095+0300","C":"worker/pool.go:33","M":"worker failed","error":"broker queue is closed","S":"github.com/artni96/GophProfile/internal/worker.(*Pool).Launch.func1\n\t/Users/artni/Documents/Dev/GophProfile/internal/worker/pool.go:33\nsync.(*WaitGroup).Go.func1\n\t/Users/artni/go/pkg/mod/golang.org/toolchain@v0.0.1-go1.27.0.darwin-arm64/src/sync/waitgroup.go:258"}
{"L":"INFO","T":"2026-09-06T14:06:20.096+0300","C":"server/app.go:55","M":"app closed gracefully"}
{"L":"DEBUG","T":"2026-09-06T14:06:20.095+0300","C":"worker/pool.go:71","M":"broker queue is closed","worker id":6}
{"L":"ERROR","T":"2026-09-06T14:06:20.096+0300","C":"worker/pool.go:33","M":"worker failed","error":"broker queue is closed","S":"github.com/artni96/GophProfile/internal/worker.(*Pool).Launch.func1\n\t/Users/artni/Documents/Dev/GophProfile/internal/worker/pool.go:33\nsync.(*WaitGroup).Go.func1\n\t/Users/artni/go/pkg/mod/golang.org/toolchain@v0.0.1-go1.27.0.darwin-arm64/src/sync/waitgroup.go:258"}
{"L":"ERROR","T":"2026-09-06T14:06:20.096+0300","C":"worker/pool.go:33","M":"worker failed","error":"broker queue is closed","S":"github.com/artni96/GophProfile/internal/worker.(*Pool).Launch.func1\n\t/Users/artni/Documents/Dev/GophProfile/internal/worker/pool.go:33\nsync.(*WaitGroup).Go.func1\n\t/Users/artni/go/pkg/mod/golang.org/toolchain@v0.0.1-go1.27.0.darwin-arm64/src/sync/waitgroup.go:258"}
{"L":"ERROR","T":"2026-09-06T14:06:20.096+0300","C":"worker/pool.go:33","M":"worker failed","error":"broker queue is closed","S":"github.com/artni96/GophProfile/internal/worker.(*Pool).Launch.func1\n\t/Users/artni/Documents/Dev/GophProfile/internal/worker/pool.go:33\nsync.(*WaitGroup).Go.func1\n\t/Users/artni/go/pkg/mod/golang.org/toolchain@v0.0.1-go1.27.0.darwin-arm64/src/sync/waitgroup.go:258"}
{"L":"INFO","T":"2026-09-06T14:06:21.336+0300","C":"app/app.go:67","M":"database connection initialized successfully"}
{"L":"DEBUG","T":"2026-09-06T14:06:21.351+0300","C":"worker/pool.go:45","M":"worker started","worker number":11}
{"L":"DEBUG","T":"2026-09-06T14:06:21.351+0300","C":"worker/pool.go:45","M":"worker started","worker number":7}
{"L":"DEBUG","T":"2026-09-06T14:06:21.352+0300","C":"worker/pool.go:45","M":"worker started","worker number":1}
{"L":"DEBUG","T":"2026-09-06T14:06:21.352+0300","C":"worker/pool.go:45","M":"worker started","worker number":0}
{"L":"DEBUG","T":"2026-09-06T14:06:21.352+0300","C":"worker/pool.go:45","M":"worker started","worker number":10}
{"L":"DEBUG","T":"2026-09-06T14:06:21.352+0300","C":"worker/pool.go:45","M":"worker started","worker number":6}
{"L":"DEBUG","T":"2026-09-06T14:06:21.352+0300","C":"worker/pool.go:45","M":"worker started","worker number":2}
{"L":"DEBUG","T":"2026-09-06T14:06:21.352+0300","C":"worker/pool.go:45","M":"worker started","worker number":8}
{"L":"DEBUG","T":"2026-09-06T14:06:21.352+0300","C":"worker/pool.go:45","M":"worker started","worker number":9}
{"L":"DEBUG","T":"2026-09-06T14:06:21.352+0300","C":"worker/pool.go:45","M":"worker started","worker number":3}
{"L":"DEBUG","T":"2026-09-06T14:06:21.352+0300","C":"worker/pool.go:45","M":"worker started","worker number":4}
{"L":"DEBUG","T":"2026-09-06T14:06:21.352+0300","C":"worker/pool.go:45","M":"worker started","worker number":5}
{"L":"DEBUG","T":"2026-09-06T14:06:22.652+0300","C":"storage/interface.go:26","M":"Successfully uploaded to gophprofile//originals/user1/test_image.png"}
{"L":"DEBUG","T":"2026-09-06T14:06:22.660+0300","C":"worker/rabbitmq.go:142","M":"message has been delivered to broker successfully"}
{"L":"INFO","T":"2026-09-06T14:10:14.710+0300","C":"server/app.go:44","M":"shutting the app down"}
{"L":"INFO","T":"2026-09-06T14:10:14.711+0300","C":"server/app.go:55","M":"app closed gracefully"}
{"L":"INFO","T":"2026-09-06T14:10:15.336+0300","C":"app/app.go:67","M":"database connection initialized successfully"}
{"L":"DEBUG","T":"2026-09-06T14:10:15.348+0300","C":"worker/pool.go:45","M":"worker started","worker number":11}
{"L":"DEBUG","T":"2026-09-06T14:10:15.348+0300","C":"worker/pool.go:45","M":"worker started","worker number":3}
{"L":"DEBUG","T":"2026-09-06T14:10:15.349+0300","C":"worker/pool.go:45","M":"worker started","worker number":1}
{"L":"DEBUG","T":"2026-09-06T14:10:15.349+0300","C":"worker/pool.go:45","M":"worker started","worker number":2}
{"L":"DEBUG","T":"2026-09-06T14:10:15.349+0300","C":"worker/pool.go:45","M":"worker started","worker number":7}
{"L":"DEBUG","T":"2026-09-06T14:10:15.349+0300","C":"worker/pool.go:45","M":"worker started","worker number":6}
{"L":"DEBUG","T":"2026-09-06T14:10:15.349+0300","C":"worker/pool.go:45","M":"worker started","worker number":5}
{"L":"DEBUG","T":"2026-09-06T14:10:15.349+0300","C":"worker/pool.go:45","M":"worker started","worker number":8}
{"L":"DEBUG","T":"2026-09-06T14:10:15.349+0300","C":"worker/pool.go:45","M":"worker started","worker number":9}
{"L":"DEBUG","T":"2026-09-06T14:10:15.349+0300","C":"worker/pool.go:45","M":"worker started","worker number":10}
{"L":"DEBUG","T":"2026-09-06T14:10:15.349+0300","C":"worker/pool.go:45","M":"worker started","worker number":4}
{"L":"DEBUG","T":"2026-09-06T14:10:15.350+0300","C":"worker/pool.go:45","M":"worker started","worker number":0}
{"L":"DEBUG","T":"2026-09-06T14:10:19.173+0300","C":"storage/interface.go:26","M":"Successfully uploaded to gophprofile//originals/user1/test_image.png"}
{"L":"DEBUG","T":"2026-09-06T14:11:32.449+0300","C":"worker/rabbitmq.go:142","M":"message has been delivered to broker successfully"}
{"L":"DEBUG","T":"2026-09-06T14:11:32.449+0300","C":"worker/pool.go:71","M":"broker queue is closed","worker id":6}
{"L":"DEBUG","T":"2026-09-06T14:11:32.449+0300","C":"worker/pool.go:71","M":"broker queue is closed","worker id":7}
{"L":"ERROR","T":"2026-09-06T14:11:32.451+0300","C":"worker/pool.go:33","M":"worker failed","error":"broker queue is closed","S":"github.com/artni96/GophProfile/internal/worker.(*Pool).Launch.func1\n\t/Users/artni/Documents/Dev/GophProfile/internal/worker/pool.go:33\nsync.(*WaitGroup).Go.func1\n\t/Users/artni/go/pkg/mod/golang.org/toolchain@v0.0.1-go1.27.0.darwin-arm64/src/sync/waitgroup.go:258"}
{"L":"ERROR","T":"2026-09-06T14:11:32.451+0300","C":"worker/pool.go:33","M":"worker failed","error":"broker queue is closed","S":"github.com/artni96/GophProfile/internal/worker.(*Pool).Launch.func1\n\t/Users/artni/Documents/Dev/GophProfile/internal/worker/pool.go:33\nsync.(*WaitGroup).Go.func1\n\t/Users/artni/go/pkg/mod/golang.org/toolchain@v0.0.1-go1.27.0.darwin-arm64/src/sync/waitgroup.go:258"}
{"L":"DEBUG","T":"2026-09-06T14:11:32.449+0300","C":"worker/pool.go:71","M":"broker queue is closed","worker id":2}
{"L":"DEBUG","T":"2026-09-06T14:11:32.449+0300","C":"worker/pool.go:71","M":"broker queue is closed","worker id":5}
{"L":"ERROR","T":"2026-09-06T14:11:32.451+0300","C":"worker/pool.go:33","M":"worker failed","error":"broker queue is closed","S":"github.com/artni96/GophProfile/internal/worker.(*Pool).Launch.func1\n\t/Users/artni/Documents/Dev/GophProfile/internal/worker/pool.go:33\nsync.(*WaitGroup).Go.func1\n\t/Users/artni/go/pkg/mod/golang.org/toolchain@v0.0.1-go1.27.0.darwin-arm64/src/sync/waitgroup.go:258"}
{"L":"DEBUG","T":"2026-09-06T14:11:32.449+0300","C":"worker/pool.go:71","M":"broker queue is closed","worker id":10}
{"L":"ERROR","T":"2026-09-06T14:11:32.451+0300","C":"worker/pool.go:33","M":"worker failed","error":"broker queue is closed","S":"github.com/artni96/GophProfile/internal/worker.(*Pool).Launch.func1\n\t/Users/artni/Documents/Dev/GophProfile/internal/worker/pool.go:33\nsync.(*WaitGroup).Go.func1\n\t/Users/artni/go/pkg/mod/golang.org/toolchain@v0.0.1-go1.27.0.darwin-arm64/src/sync/waitgroup.go:258"}
{"L":"DEBUG","T":"2026-09-06T14:11:32.449+0300","C":"worker/pool.go:71","M":"broker queue is closed","worker id":4}
{"L":"ERROR","T":"2026-09-06T14:11:32.451+0300","C":"worker/pool.go:33","M":"worker failed","error":"broker queue is closed","S":"github.com/artni96/GophProfile/internal/worker.(*Pool).Launch.func1\n\t/Users/artni/Documents/Dev/GophProfile/internal/worker/pool.go:33\nsync.(*WaitGroup).Go.func1\n\t/Users/artni/go/pkg/mod/golang.org/toolchain@v0.0.1-go1.27.0.darwin-arm64/src/sync/waitgroup.go:258"}
{"L":"DEBUG","T":"2026-09-06T14:11:32.449+0300","C":"worker/pool.go:71","M":"broker queue is closed","worker id":9}
{"L":"ERROR","T":"2026-09-06T14:11:32.451+0300","C":"worker/pool.go:33","M":"worker failed","error":"broker queue is closed","S":"github.com/artni96/GophProfile/internal/worker.(*Pool).Launch.func1\n\t/Users/artni/Documents/Dev/GophProfile/internal/worker/pool.go:33\nsync.(*WaitGroup).Go.func1\n\t/Users/artni/go/pkg/mod/golang.org/toolchain@v0.0.1-go1.27.0.darwin-arm64/src/sync/waitgroup.go:258"}
{"L":"DEBUG","T":"2026-09-06T14:11:32.449+0300","C":"worker/pool.go:71","M":"broker queue is closed","worker id":3}
{"L":"ERROR","T":"2026-09-06T14:11:32.451+0300","C":"worker/pool.go:33","M":"worker failed","error":"broker queue is closed","S":"github.com/artni96/GophProfile/internal/worker.(*Pool).Launch.func1\n\t/Users/artni/Documents/Dev/GophProfile/internal/worker/pool.go:33\nsync.(*WaitGroup).Go.func1\n\t/Users/artni/go/pkg/mod/golang.org/toolchain@v0.0.1-go1.27.0.darwin-arm64/src/sync/waitgroup.go:258"}
{"L":"DEBUG","T":"2026-09-06T14:11:32.449+0300","C":"worker/pool.go:71","M":"broker queue is closed","worker id":1}
{"L":"ERROR","T":"2026-09-06T14:11:32.451+0300","C":"worker/pool.go:33","M":"worker failed","error":"broker queue is closed","S":"github.com/artni96/GophProfile/internal/worker.(*Pool).Launch.func1\n\t/Users/artni/Documents/Dev/GophProfile/internal/worker/pool.go:33\nsync.(*WaitGroup).Go.func1\n\t/Users/artni/go/pkg/mod/golang.org/toolchain@v0.0.1-go1.27.0.darwin-arm64/src/sync/waitgroup.go:258"}
{"L":"ERROR","T":"2026-09-06T14:11:32.451+0300","C":"worker/pool.go:33","M":"worker failed","error":"broker queue is closed","S":"github.com/artni96/GophProfile/internal/worker.(*Pool).Launch.func1\n\t/Users/artni/Documents/Dev/GophProfile/internal/worker/pool.go:33\nsync.(*WaitGroup).Go.func1\n\t/Users/artni/go/pkg/mod/golang.org/toolchain@v0.0.1-go1.27.0.darwin-arm64/src/sync/waitgroup.go:258"}
{"L":"DEBUG","T":"2026-09-06T14:11:32.449+0300","C":"worker/pool.go:71","M":"broker queue is closed","worker id":8}
{"L":"ERROR","T":"2026-09-06T14:11:32.452+0300","C":"worker/pool.go:33","M":"worker failed","error":"broker queue is closed","S":"github.com/artni96/GophProfile/internal/worker.(*Pool).Launch.func1\n\t/Users/artni/Documents/Dev/GophProfile/internal/worker/pool.go:33\nsync.(*WaitGroup).Go.func1\n\t/Users/artni/go/pkg/mod/golang.org/toolchain@v0.0.1-go1.27.0.darwin-arm64/src/sync/waitgroup.go:258"}
{"L":"INFO","T":"2026-09-06T14:11:32.451+0300","C":"server/app.go:44","M":"shutting the app down"}
{"L":"DEBUG","T":"2026-09-06T14:11:32.449+0300","C":"worker/pool.go:71","M":"broker queue is closed","worker id":11}
{"L":"ERROR","T":"2026-09-06T14:11:32.452+0300","C":"worker/pool.go:33","M":"worker failed","error":"broker queue is closed","S":"github.com/artni96/GophProfile/internal/worker.(*Pool).Launch.func1\n\t/Users/artni/Documents/Dev/GophProfile/internal/worker/pool.go:33\nsync.(*WaitGroup).Go.func1\n\t/Users/artni/go/pkg/mod/golang.org/toolchain@v0.0.1-go1.27.0.darwin-arm64/src/sync/waitgroup.go:258"}
{"L":"DEBUG","T":"2026-09-06T14:11:32.449+0300","C":"worker/pool.go:71","M":"broker queue is closed","worker id":0}
{"L":"ERROR","T":"2026-09-06T14:11:32.452+0300","C":"worker/pool.go:33","M":"worker failed","error":"broker queue is closed","S":"github.com/artni96/GophProfile/internal/worker.(*Pool).Launch.func1\n\t/Users/artni/Documents/Dev/GophProfile/internal/worker/pool.go:33\nsync.(*WaitGroup).Go.func1\n\t/Users/artni/go/pkg/mod/golang.org/toolchain@v0.0.1-go1.27.0.darwin-arm64/src/sync/waitgroup.go:258"}
{"L":"INFO","T":"2026-09-06T14:11:32.452+0300","C":"server/app.go:55","M":"app closed gracefully"}
{"L":"INFO","T":"2026-09-06T14:11:34.708+0300","C":"app/app.go:67","M":"database connection initialized successfully"}
{"L":"DEBUG","T":"2026-09-06T14:11:34.722+0300","C":"worker/pool.go:45","M":"worker started","worker number":11}
{"L":"DEBUG","T":"2026-09-06T14:11:34.722+0300","C":"worker/pool.go:45","M":"worker started","worker number":5}
{"L":"DEBUG","T":"2026-09-06T14:11:34.722+0300","C":"worker/pool.go:45","M":"worker started","worker number":3}
{"L":"DEBUG","T":"2026-09-06T14:11:34.722+0300","C":"worker/pool.go:45","M":"worker started","worker number":2}
{"L":"DEBUG","T":"2026-09-06T14:11:34.722+0300","C":"worker/pool.go:45","M":"worker started","worker number":4}
{"L":"DEBUG","T":"2026-09-06T14:11:34.723+0300","C":"worker/pool.go:45","M":"worker started","worker number":8}
{"L":"DEBUG","T":"2026-09-06T14:11:34.723+0300","C":"worker/pool.go:45","M":"worker started","worker number":1}
{"L":"DEBUG","T":"2026-09-06T14:11:34.723+0300","C":"worker/pool.go:45","M":"worker started","worker number":6}
{"L":"DEBUG","T":"2026-09-06T14:11:34.723+0300","C":"worker/pool.go:45","M":"worker started","worker number":7}
{"L":"DEBUG","T":"2026-09-06T14:11:34.723+0300","C":"worker/pool.go:45","M":"worker started","worker number":10}
{"L":"DEBUG","T":"2026-09-06T14:11:34.723+0300","C":"worker/pool.go:45","M":"worker started","worker number":0}
{"L":"DEBUG","T":"2026-09-06T14:11:34.723+0300","C":"worker/pool.go:45","M":"worker started","worker number":9}
{"L":"DEBUG","T":"2026-09-06T14:11:39.368+0300","C":"storage/interface.go:26","M":"Successfully uploaded to gophprofile//originals/user1/test_image.png"}
{"L":"DEBUG","T":"2026-09-06T14:11:39.376+0300","C":"worker/rabbitmq.go:142","M":"message has been delivered to broker successfully"}
{"L":"INFO","T":"2026-09-06T14:12:09.990+0300","C":"server/app.go:44","M":"shutting the app down"}
{"L":"INFO","T":"2026-09-06T14:12:09.991+0300","C":"server/app.go:55","M":"app closed gracefully"}
{"L":"INFO","T":"2026-09-06T14:12:11.035+0300","C":"app/app.go:67","M":"database connection initialized successfully"}
{"L":"DEBUG","T":"2026-09-06T14:12:11.048+0300","C":"worker/pool.go:45","M":"worker started","worker number":11}
{"L":"DEBUG","T":"2026-09-06T14:12:11.048+0300","C":"worker/pool.go:45","M":"worker started","worker number":0}
{"L":"DEBUG","T":"2026-09-06T14:12:11.048+0300","C":"worker/pool.go:45","M":"worker started","worker number":6}
{"L":"DEBUG","T":"2026-09-06T14:12:11.048+0300","C":"worker/pool.go:45","M":"worker started","worker number":7}
{"L":"DEBUG","T":"2026-09-06T14:12:11.048+0300","C":"worker/pool.go:45","M":"worker started","worker number":8}
{"L":"DEBUG","T":"2026-09-06T14:12:11.049+0300","C":"worker/pool.go:45","M":"worker started","worker number":3}
{"L":"DEBUG","T":"2026-09-06T14:12:11.049+0300","C":"worker/pool.go:45","M":"worker started","worker number":5}
{"L":"DEBUG","T":"2026-09-06T14:12:11.049+0300","C":"worker/pool.go:45","M":"worker started","worker number":2}
{"L":"DEBUG","T":"2026-09-06T14:12:11.049+0300","C":"worker/pool.go:45","M":"worker started","worker number":9}
{"L":"DEBUG","T":"2026-09-06T14:12:11.049+0300","C":"worker/pool.go:45","M":"worker started","worker number":1}
{"L":"DEBUG","T":"2026-09-06T14:12:11.050+0300","C":"worker/pool.go:45","M":"worker started","worker number":10}
{"L":"DEBUG","T":"2026-09-06T14:12:11.050+0300","C":"worker/pool.go:45","M":"worker started","worker number":4}
{"L":"DEBUG","T":"2026-09-06T14:12:13.791+0300","C":"storage/interface.go:26","M":"Successfully uploaded to gophprofile//originals/user1/test_image.png"}
{"L":"DEBUG","T":"2026-09-06T14:12:13.799+0300","C":"worker/rabbitmq.go:142","M":"message has been delivered to broker successfully"}
{"L":"INFO","T":"2026-09-06T14:19:37.759+0300","C":"server/app.go:44","M":"shutting the app down"}
{"L":"INFO","T":"2026-09-06T14:19:37.760+0300","C":"server/app.go:55","M":"app closed gracefully"}
{"L":"INFO","T":"2026-09-06T14:19:39.718+0300","C":"app/app.go:67","M":"database connection initialized successfully"}
{"L":"DEBUG","T":"2026-09-06T14:19:39.735+0300","C":"worker/pool.go:45","M":"worker started","worker number":11}
{"L":"DEBUG","T":"2026-09-06T14:19:39.735+0300","C":"worker/pool.go:45","M":"worker started","worker number":5}
{"L":"DEBUG","T":"2026-09-06T14:19:39.735+0300","C":"worker/pool.go:45","M":"worker started","worker number":0}
{"L":"DEBUG","T":"2026-09-06T14:19:39.736+0300","C":"worker/pool.go:45","M":"worker started","worker number":1}
{"L":"DEBUG","T":"2026-09-06T14:19:39.736+0300","C":"worker/pool.go:45","M":"worker started","worker number":2}
{"L":"DEBUG","T":"2026-09-06T14:19:39.736+0300","C":"worker/pool.go:45","M":"worker started","worker number":3}
{"L":"DEBUG","T":"2026-09-06T14:19:39.736+0300","C":"worker/pool.go:45","M":"worker started","worker number":4}
{"L":"DEBUG","T":"2026-09-06T14:19:39.737+0300","C":"worker/pool.go:45","M":"worker started","worker number":8}
{"L":"DEBUG","T":"2026-09-06T14:19:39.737+0300","C":"worker/pool.go:45","M":"worker started","worker number":6}
{"L":"DEBUG","T":"2026-09-06T14:19:39.737+0300","C":"worker/pool.go:45","M":"worker started","worker number":9}
{"L":"DEBUG","T":"2026-09-06T14:19:39.737+0300","C":"worker/pool.go:45","M":"worker started","worker number":7}
{"L":"DEBUG","T":"2026-09-06T14:19:39.737+0300","C":"worker/pool.go:45","M":"worker started","worker number":10}
{"L":"DEBUG","T":"2026-09-06T14:19:44.455+0300","C":"storage/interface.go:26","M":"Successfully uploaded to gophprofile//originals/user1/test_image.png"}
{"L":"DEBUG","T":"2026-09-06T14:19:44.464+0300","C":"worker/pool.go:71","M":"broker queue is closed","worker id":5}
{"L":"ERROR","T":"2026-09-06T14:19:44.464+0300","C":"worker/pool.go:33","M":"worker failed","error":"broker queue is closed","S":"github.com/artni96/GophProfile/internal/worker.(*Pool).Launch.func1\n\t/Users/artni/Documents/Dev/GophProfile/internal/worker/pool.go:33\nsync.(*WaitGroup).Go.func1\n\t/Users/artni/go/pkg/mod/golang.org/toolchain@v0.0.1-go1.27.0.darwin-arm64/src/sync/waitgroup.go:258"}
{"L":"DEBUG","T":"2026-09-06T14:19:44.464+0300","C":"worker/rabbitmq.go:142","M":"message has been delivered to broker successfully"}
{"L":"INFO","T":"2026-09-06T14:20:03.546+0300","C":"server/app.go:44","M":"shutting the app down"}
{"L":"INFO","T":"2026-09-06T14:20:03.547+0300","C":"server/app.go:55","M":"app closed gracefully"}
{"L":"INFO","T":"2026-09-06T14:20:04.648+0300","C":"app/app.go:67","M":"database connection initialized successfully"}
{"L":"DEBUG","T":"2026-09-06T14:20:04.663+0300","C":"worker/pool.go:45","M":"worker started","worker number":11}
{"L":"DEBUG","T":"2026-09-06T14:20:04.663+0300","C":"worker/pool.go:45","M":"worker started","worker number":5}
{"L":"DEBUG","T":"2026-09-06T14:20:04.664+0300","C":"worker/pool.go:45","M":"worker started","worker number":8}
{"L":"DEBUG","T":"2026-09-06T14:20:04.664+0300","C":"worker/pool.go:45","M":"worker started","worker number":3}
{"L":"DEBUG","T":"2026-09-06T14:20:04.664+0300","C":"worker/pool.go:45","M":"worker started","worker number":0}
{"L":"DEBUG","T":"2026-09-06T14:20:04.664+0300","C":"worker/pool.go:45","M":"worker started","worker number":4}
{"L":"DEBUG","T":"2026-09-06T14:20:04.664+0300","C":"worker/pool.go:45","M":"worker started","worker number":1}
{"L":"DEBUG","T":"2026-09-06T14:20:04.664+0300","C":"worker/pool.go:45","M":"worker started","worker number":6}
{"L":"DEBUG","T":"2026-09-06T14:20:04.664+0300","C":"worker/pool.go:45","M":"worker started","worker number":7}
{"L":"DEBUG","T":"2026-09-06T14:20:04.665+0300","C":"worker/pool.go:45","M":"worker started","worker number":9}
{"L":"DEBUG","T":"2026-09-06T14:20:04.665+0300","C":"worker/pool.go:45","M":"worker started","worker number":10}
{"L":"DEBUG","T":"2026-09-06T14:20:04.665+0300","C":"worker/pool.go:45","M":"worker started","worker number":2}
{"L":"DEBUG","T":"2026-09-06T14:20:08.132+0300","C":"storage/interface.go:26","M":"Successfully uploaded to gophprofile//originals/user1/test_image.png"}
{"L":"DEBUG","T":"2026-09-06T14:20:08.138+0300","C":"worker/rabbitmq.go:142","M":"message has been delivered to broker successfully"}
{"L":"DEBUG","T":"2026-09-06T14:20:08.139+0300","C":"worker/pool.go:71","M":"broker queue is closed","worker id":4}
{"L":"ERROR","T":"2026-09-06T14:20:08.139+0300","C":"worker/pool.go:33","M":"worker failed","error":"broker queue is closed","S":"github.com/artni96/GophProfile/internal/worker.(*Pool).Launch.func1\n\t/Users/artni/Documents/Dev/GophProfile/internal/worker/pool.go:33\nsync.(*WaitGroup).Go.func1\n\t/Users/artni/go/pkg/mod/golang.org/toolchain@v0.0.1-go1.27.0.darwin-arm64/src/sync/waitgroup.go:258"}
{"L":"INFO","T":"2026-09-06T14:20:23.992+0300","C":"server/app.go:44","M":"shutting the app down"}
{"L":"INFO","T":"2026-09-06T14:20:23.992+0300","C":"server/app.go:55","M":"app closed gracefully"}
{"L":"INFO","T":"2026-09-06T14:20:25.155+0300","C":"app/app.go:67","M":"database connection initialized successfully"}
{"L":"DEBUG","T":"2026-09-06T14:20:25.170+0300","C":"worker/pool.go:45","M":"worker started","worker number":11}
{"L":"DEBUG","T":"2026-09-06T14:20:25.170+0300","C":"worker/pool.go:45","M":"worker started","worker number":5}
{"L":"DEBUG","T":"2026-09-06T14:20:25.170+0300","C":"worker/pool.go:45","M":"worker started","worker number":0}
{"L":"DEBUG","T":"2026-09-06T14:20:25.170+0300","C":"worker/pool.go:45","M":"worker started","worker number":1}
{"L":"DEBUG","T":"2026-09-06T14:20:25.171+0300","C":"worker/pool.go:45","M":"worker started","worker number":2}
{"L":"DEBUG","T":"2026-09-06T14:20:25.171+0300","C":"worker/pool.go:45","M":"worker started","worker number":4}
{"L":"DEBUG","T":"2026-09-06T14:20:25.171+0300","C":"worker/pool.go:45","M":"worker started","worker number":8}
{"L":"DEBUG","T":"2026-09-06T14:20:25.171+0300","C":"worker/pool.go:45","M":"worker started","worker number":6}
{"L":"DEBUG","T":"2026-09-06T14:20:25.171+0300","C":"worker/pool.go:45","M":"worker started","worker number":3}
{"L":"DEBUG","T":"2026-09-06T14:20:25.171+0300","C":"worker/pool.go:45","M":"worker started","worker number":7}
{"L":"DEBUG","T":"2026-09-06T14:20:25.172+0300","C":"worker/pool.go:45","M":"worker started","worker number":9}
{"L":"DEBUG","T":"2026-09-06T14:20:25.172+0300","C":"worker/pool.go:45","M":"worker started","worker number":10}
{"L":"DEBUG","T":"2026-09-06T14:20:25.868+0300","C":"storage/interface.go:26","M":"Successfully uploaded to gophprofile//originals/user1/test_image.png"}
{"L":"DEBUG","T":"2026-09-06T14:20:25.875+0300","C":"worker/rabbitmq.go:142","M":"message has been delivered to broker successfully"}
{"L":"INFO","T":"2026-09-06T14:20:31.541+0300","C":"server/app.go:44","M":"shutting the app down"}
{"L":"INFO","T":"2026-09-06T14:20:31.542+0300","C":"server/app.go:55","M":"app closed gracefully"}
{"L":"INFO","T":"2026-09-06T14:20:33.219+0300","C":"app/app.go:67","M":"database connection initialized successfully"}
{"L":"DEBUG","T":"2026-09-06T14:20:33.231+0300","C":"worker/pool.go:45","M":"worker started","worker number":11}
{"L":"DEBUG","T":"2026-09-06T14:20:33.231+0300","C":"worker/pool.go:45","M":"worker started","worker number":2}
{"L":"DEBUG","T":"2026-09-06T14:20:33.231+0300","C":"worker/pool.go:45","M":"worker started","worker number":5}
{"L":"DEBUG","T":"2026-09-06T14:20:33.232+0300","C":"worker/pool.go:45","M":"worker started","worker number":9}
{"L":"DEBUG","T":"2026-09-06T14:20:33.232+0300","C":"worker/pool.go:45","M":"worker started","worker number":8}
{"L":"DEBUG","T":"2026-09-06T14:20:33.232+0300","C":"worker/pool.go:45","M":"worker started","worker number":6}
{"L":"DEBUG","T":"2026-09-06T14:20:33.232+0300","C":"worker/pool.go:45","M":"worker started","worker number":7}
{"L":"DEBUG","T":"2026-09-06T14:20:33.232+0300","C":"worker/pool.go:45","M":"worker started","worker number":3}
{"L":"DEBUG","T":"2026-09-06T14:20:33.233+0300","C":"worker/pool.go:45","M":"worker started","worker number":10}
{"L":"DEBUG","T":"2026-09-06T14:20:33.233+0300","C":"worker/pool.go:45","M":"worker started","worker number":4}
{"L":"DEBUG","T":"2026-09-06T14:20:33.233+0300","C":"worker/pool.go:45","M":"worker started","worker number":1}
{"L":"DEBUG","T":"2026-09-06T14:20:33.233+0300","C":"worker/pool.go:45","M":"worker started","worker number":0}
{"L":"DEBUG","T":"2026-09-06T14:20:35.766+0300","C":"storage/interface.go:26","M":"Successfully uploaded to gophprofile//originals/user1/test_image.png"}
{"L":"DEBUG","T":"2026-09-06T14:21:25.379+0300","C":"worker/pool.go:71","M":"broker queue is closed","worker id":3}
{"L":"DEBUG","T":"2026-09-06T14:21:22.697+0300","C":"worker/rabbitmq.go:142","M":"message has been delivered to broker successfully"}
{"L":"DEBUG","T":"2026-09-06T14:21:29.029+0300","C":"worker/pool.go:71","M":"broker queue is closed","worker id":11}
{"L":"ERROR","T":"2026-09-06T14:21:29.051+0300","C":"worker/pool.go:33","M":"worker failed","error":"broker queue is closed","S":"github.com/artni96/GophProfile/internal/worker.(*Pool).Launch.func1\n\t/Users/artni/Documents/Dev/GophProfile/internal/worker/pool.go:33\nsync.(*WaitGroup).Go.func1\n\t/Users/artni/go/pkg/mod/golang.org/toolchain@v0.0.1-go1.27.0.darwin-arm64/src/sync/waitgroup.go:258"}
{"L":"DEBUG","T":"2026-09-06T14:21:29.051+0300","C":"worker/pool.go:71","M":"broker queue is closed","worker id":2}
{"L":"ERROR","T":"2026-09-06T14:21:29.112+0300","C":"worker/pool.go:33","M":"worker failed","error":"broker queue is closed","S":"github.com/artni96/GophProfile/internal/worker.(*Pool).Launch.func1\n\t/Users/artni/Documents/Dev/GophProfile/internal/worker/pool.go:33\nsync.(*WaitGroup).Go.func1\n\t/Users/artni/go/pkg/mod/golang.org/toolchain@v0.0.1-go1.27.0.darwin-arm64/src/sync/waitgroup.go:258"}
{"L":"DEBUG","T":"2026-09-06T14:21:29.112+0300","C":"worker/pool.go:71","M":"broker queue is closed","worker id":0}
{"L":"DEBUG","T":"2026-09-06T14:21:29.112+0300","C":"worker/pool.go:71","M":"broker queue is closed","worker id":6}
{"L":"DEBUG","T":"2026-09-06T14:21:29.174+0300","C":"worker/pool.go:71","M":"broker queue is closed","worker id":5}
{"L":"ERROR","T":"2026-09-06T14:21:29.181+0300","C":"worker/pool.go:33","M":"worker failed","error":"broker queue is closed","S":"github.com/artni96/GophProfile/internal/worker.(*Pool).Launch.func1\n\t/Users/artni/Documents/Dev/GophProfile/internal/worker/pool.go:33\nsync.(*WaitGroup).Go.func1\n\t/Users/artni/go/pkg/mod/golang.org/toolchain@v0.0.1-go1.27.0.darwin-arm64/src/sync/waitgroup.go:258"}
{"L":"DEBUG","T":"2026-09-06T14:26:59.255+0300","C":"worker/pool.go:71","M":"broker queue is closed","worker id":9}
{"L":"ERROR","T":"2026-09-06T14:26:59.255+0300","C":"worker/pool.go:33","M":"worker failed","error":"broker queue is closed","S":"github.com/artni96/GophProfile/internal/worker.(*Pool).Launch.func1\n\t/Users/artni/Documents/Dev/GophProfile/internal/worker/pool.go:33\nsync.(*WaitGroup).Go.func1\n\t/Users/artni/go/pkg/mod/golang.org/toolchain@v0.0.1-go1.27.0.darwin-arm64/src/sync/waitgroup.go:258"}
{"L":"DEBUG","T":"2026-09-06T14:26:59.258+0300","C":"worker/pool.go:71","M":"broker queue is closed","worker id":10}
{"L":"ERROR","T":"2026-09-06T14:21:29.160+0300","C":"worker/pool.go:33","M":"worker failed","error":"broker queue is closed","S":"github.com/artni96/GophProfile/internal/worker.(*Pool).Launch.func1\n\t/Users/artni/Documents/Dev/GophProfile/internal/worker/pool.go:33\nsync.(*WaitGroup).Go.func1\n\t/Users/artni/go/pkg/mod/golang.org/toolchain@v0.0.1-go1.27.0.darwin-arm64/src/sync/waitgroup.go:258"}
{"L":"ERROR","T":"2026-09-06T14:26:59.258+0300","C":"worker/pool.go:33","M":"worker failed","error":"broker queue is closed","S":"github.com/artni96/GophProfile/internal/worker.(*Pool).Launch.func1\n\t/Users/artni/Documents/Dev/GophProfile/internal/worker/pool.go:33\nsync.(*WaitGroup).Go.func1\n\t/Users/artni/go/pkg/mod/golang.org/toolchain@v0.0.1-go1.27.0.darwin-arm64/src/sync/waitgroup.go:258"}
{"L":"DEBUG","T":"2026-09-06T14:26:59.258+0300","C":"worker/pool.go:71","M":"broker queue is closed","worker id":7}
{"L":"ERROR","T":"2026-09-06T14:26:59.258+0300","C":"worker/pool.go:33","M":"worker failed","error":"broker queue is closed","S":"github.com/artni96/GophProfile/internal/worker.(*Pool).Launch.func1\n\t/Users/artni/Documents/Dev/GophProfile/internal/worker/pool.go:33\nsync.(*WaitGroup).Go.func1\n\t/Users/artni/go/pkg/mod/golang.org/toolchain@v0.0.1-go1.27.0.darwin-arm64/src/sync/waitgroup.go:258"}
{"L":"INFO","T":"2026-09-06T14:26:59.258+0300","C":"server/app.go:44","M":"shutting the app down"}
{"L":"ERROR","T":"2026-09-06T14:26:59.258+0300","C":"worker/pool.go:33","M":"worker failed","error":"broker queue is closed","S":"github.com/artni96/GophProfile/internal/worker.(*Pool).Launch.func1\n\t/Users/artni/Documents/Dev/GophProfile/internal/worker/pool.go:33\nsync.(*WaitGroup).Go.func1\n\t/Users/artni/go/pkg/mod/golang.org/toolchain@v0.0.1-go1.27.0.darwin-arm64/src/sync/waitgroup.go:258"}
{"L":"ERROR","T":"2026-09-06T14:26:59.258+0300","C":"worker/pool.go:33","M":"worker failed","error":"broker queue is closed","S":"github.com/artni96/GophProfile/internal/worker.(*Pool).Launch.func1\n\t/Users/artni/Documents/Dev/GophProfile/internal/worker/pool.go:33\nsync.(*WaitGroup).Go.func1\n\t/Users/artni/go/pkg/mod/golang.org/toolchain@v0.0.1-go1.27.0.darwin-arm64/src/sync/waitgroup.go:258"}
{"L":"DEBUG","T":"2026-09-06T14:26:59.258+0300","C":"worker/pool.go:71","M":"broker queue is closed","worker id":1}
{"L":"ERROR","T":"2026-09-06T14:26:59.258+0300","C":"worker/pool.go:33","M":"worker failed","error":"broker queue is closed","S":"github.com/artni96/GophProfile/internal/worker.(*Pool).Launch.func1\n\t/Users/artni/Documents/Dev/GophProfile/internal/worker/pool.go:33\nsync.(*WaitGroup).Go.func1\n\t/Users/artni/go/pkg/mod/golang.org/toolchain@v0.0.1-go1.27.0.darwin-arm64/src/sync/waitgroup.go:258"}
{"L":"DEBUG","T":"2026-09-06T14:26:59.255+0300","C":"worker/pool.go:71","M":"broker queue is closed","worker id":8}
{"L":"ERROR","T":"2026-09-06T14:26:59.258+0300","C":"worker/pool.go:33","M":"worker failed","error":"broker queue is closed","S":"github.com/artni96/GophProfile/internal/worker.(*Pool).Launch.func1\n\t/Users/artni/Documents/Dev/GophProfile/internal/worker/pool.go:33\nsync.(*WaitGroup).Go.func1\n\t/Users/artni/go/pkg/mod/golang.org/toolchain@v0.0.1-go1.27.0.darwin-arm64/src/sync/waitgroup.go:258"}
{"L":"DEBUG","T":"2026-09-06T14:26:59.258+0300","C":"worker/pool.go:71","M":"broker queue is closed","worker id":4}
{"L":"ERROR","T":"2026-09-06T14:26:59.258+0300","C":"worker/pool.go:33","M":"worker failed","error":"broker queue is closed","S":"github.com/artni96/GophProfile/internal/worker.(*Pool).Launch.func1\n\t/Users/artni/Documents/Dev/GophProfile/internal/worker/pool.go:33\nsync.(*WaitGroup).Go.func1\n\t/Users/artni/go/pkg/mod/golang.org/toolchain@v0.0.1-go1.27.0.darwin-arm64/src/sync/waitgroup.go:258"}
{"L":"INFO","T":"2026-09-06T14:26:59.258+0300","C":"server/app.go:55","M":"app closed gracefully"}
{"L":"INFO","T":"2026-09-06T14:27:01.743+0300","C":"app/app.go:67","M":"database connection initialized successfully"}
{"L":"DEBUG","T":"2026-09-06T14:27:01.756+0300","C":"worker/pool.go:45","M":"worker started","worker number":11}
{"L":"DEBUG","T":"2026-09-06T14:27:01.756+0300","C":"worker/pool.go:45","M":"worker started","worker number":2}
{"L":"DEBUG","T":"2026-09-06T14:27:01.756+0300","C":"worker/pool.go:45","M":"worker started","worker number":5}
{"L":"DEBUG","T":"2026-09-06T14:27:01.756+0300","C":"worker/pool.go:45","M":"worker started","worker number":3}
{"L":"DEBUG","T":"2026-09-06T14:27:01.756+0300","C":"worker/pool.go:45","M":"worker started","worker number":4}
{"L":"DEBUG","T":"2026-09-06T14:27:01.756+0300","C":"worker/pool.go:45","M":"worker started","worker number":1}
{"L":"DEBUG","T":"2026-09-06T14:27:01.756+0300","C":"worker/pool.go:45","M":"worker started","worker number":0}
{"L":"DEBUG","T":"2026-09-06T14:27:01.756+0300","C":"worker/pool.go:45","M":"worker started","worker number":8}
{"L":"DEBUG","T":"2026-09-06T14:27:01.756+0300","C":"worker/pool.go:45","M":"worker started","worker number":9}
{"L":"DEBUG","T":"2026-09-06T14:27:01.757+0300","C":"worker/pool.go:45","M":"worker started","worker number":6}
{"L":"DEBUG","T":"2026-09-06T14:27:01.757+0300","C":"worker/pool.go:45","M":"worker started","worker number":7}
{"L":"DEBUG","T":"2026-09-06T14:27:01.757+0300","C":"worker/pool.go:45","M":"worker started","worker number":10}
{"L":"DEBUG","T":"2026-09-06T14:27:05.007+0300","C":"storage/interface.go:26","M":"Successfully uploaded to gophprofile//originals/user1/test_image.png"}
{"L":"DEBUG","T":"2026-09-06T14:27:05.016+0300","C":"worker/rabbitmq.go:142","M":"message has been delivered to broker successfully"}
{"L":"DEBUG","T":"2026-09-06T14:27:06.004+0300","C":"storage/interface.go:26","M":"Successfully uploaded to gophprofile//originals/user1/test_image.png"}
{"L":"DEBUG","T":"2026-09-06T14:27:06.009+0300","C":"worker/rabbitmq.go:142","M":"message has been delivered to broker successfully"}
{"L":"DEBUG","T":"2026-09-06T14:27:06.192+0300","C":"storage/interface.go:26","M":"Successfully uploaded to gophprofile//originals/user1/test_image.png"}
{"L":"DEBUG","T":"2026-09-06T14:27:06.200+0300","C":"worker/rabbitmq.go:142","M":"message has been delivered to broker successfully"}
{"L":"DEBUG","T":"2026-09-06T14:27:06.402+0300","C":"storage/interface.go:26","M":"Successfully uploaded to gophprofile//originals/user1/test_image.png"}
{"L":"DEBUG","T":"2026-09-06T14:27:06.407+0300","C":"worker/rabbitmq.go:142","M":"message has been delivered to broker successfully"}
{"L":"DEBUG","T":"2026-09-06T14:27:06.567+0300","C":"storage/interface.go:26","M":"Successfully uploaded to gophprofile//originals/user1/test_image.png"}
{"L":"DEBUG","T":"2026-09-06T14:27:06.571+0300","C":"worker/rabbitmq.go:142","M":"message has been delivered to broker successfully"}
{"L":"DEBUG","T":"2026-09-06T14:27:06.828+0300","C":"storage/interface.go:26","M":"Successfully uploaded to gophprofile//originals/user1/test_image.png"}
{"L":"DEBUG","T":"2026-09-06T14:27:06.832+0300","C":"worker/rabbitmq.go:142","M":"message has been delivered to broker successfully"}
{"L":"INFO","T":"2026-09-06T14:28:13.616+0300","C":"server/app.go:44","M":"shutting the app down"}
{"L":"INFO","T":"2026-09-06T14:28:13.617+0300","C":"server/app.go:55","M":"app closed gracefully"}
{"L":"INFO","T":"2026-09-06T14:28:14.866+0300","C":"app/app.go:67","M":"database connection initialized successfully"}
{"L":"DEBUG","T":"2026-09-06T14:28:14.881+0300","C":"worker/pool.go:45","M":"worker started","worker number":11}
{"L":"DEBUG","T":"2026-09-06T14:28:14.881+0300","C":"worker/pool.go:45","M":"worker started","worker number":7}
{"L":"DEBUG","T":"2026-09-06T14:28:14.881+0300","C":"worker/pool.go:45","M":"worker started","worker number":6}
{"L":"DEBUG","T":"2026-09-06T14:28:14.882+0300","C":"worker/pool.go:45","M":"worker started","worker number":3}
{"L":"DEBUG","T":"2026-09-06T14:28:14.882+0300","C":"worker/pool.go:45","M":"worker started","worker number":2}
{"L":"DEBUG","T":"2026-09-06T14:28:14.882+0300","C":"worker/pool.go:45","M":"worker started","worker number":5}
{"L":"DEBUG","T":"2026-09-06T14:28:14.882+0300","C":"worker/pool.go:45","M":"worker started","worker number":9}
{"L":"DEBUG","T":"2026-09-06T14:28:14.882+0300","C":"worker/pool.go:45","M":"worker started","worker number":4}
{"L":"DEBUG","T":"2026-09-06T14:28:14.882+0300","C":"worker/pool.go:45","M":"worker started","worker number":1}
{"L":"DEBUG","T":"2026-09-06T14:28:14.882+0300","C":"worker/pool.go:45","M":"worker started","worker number":8}
{"L":"DEBUG","T":"2026-09-06T14:28:14.882+0300","C":"worker/pool.go:45","M":"worker started","worker number":10}
{"L":"DEBUG","T":"2026-09-06T14:28:14.883+0300","C":"worker/pool.go:45","M":"worker started","worker number":0}
{"L":"DEBUG","T":"2026-09-06T14:28:15.895+0300","C":"storage/interface.go:26","M":"Successfully uploaded to gophprofile//originals/user1/test_image.png"}
{"L":"DEBUG","T":"2026-09-06T14:28:15.901+0300","C":"worker/rabbitmq.go:142","M":"message has been delivered to broker successfully"}
{"L":"DEBUG","T":"2026-09-06T14:28:43.771+0300","C":"storage/interface.go:26","M":"Successfully uploaded to gophprofile//originals/user1/test_image.png"}
{"L":"DEBUG","T":"2026-09-06T14:28:43.778+0300","C":"worker/rabbitmq.go:142","M":"message has been delivered to broker successfully"}
{"L":"DEBUG","T":"2026-09-06T14:28:46.403+0300","C":"storage/interface.go:26","M":"Successfully uploaded to gophprofile//originals/user1/test_image.png"}
{"L":"DEBUG","T":"2026-09-06T14:28:46.408+0300","C":"worker/rabbitmq.go:142","M":"message has been delivered to broker successfully"}
{"L":"INFO","T":"2026-09-06T14:29:20.524+0300","C":"server/app.go:44","M":"shutting the app down"}
{"L":"INFO","T":"2026-09-06T14:29:20.524+0300","C":"server/app.go:55","M":"app closed gracefully"}
{"L":"INFO","T":"2026-09-06T14:29:21.813+0300","C":"app/app.go:67","M":"database connection initialized successfully"}
{"L":"DEBUG","T":"2026-09-06T14:29:21.827+0300","C":"worker/pool.go:45","M":"worker started","worker number":11}
{"L":"DEBUG","T":"2026-09-06T14:29:21.828+0300","C":"worker/pool.go:45","M":"worker started","worker number":10}
{"L":"DEBUG","T":"2026-09-06T14:29:21.828+0300","C":"worker/pool.go:45","M":"worker started","worker number":5}
{"L":"DEBUG","T":"2026-09-06T14:29:21.828+0300","C":"worker/pool.go:45","M":"worker started","worker number":7}
{"L":"DEBUG","T":"2026-09-06T14:29:21.828+0300","C":"worker/pool.go:45","M":"worker started","worker number":0}
{"L":"DEBUG","T":"2026-09-06T14:29:21.829+0300","C":"worker/pool.go:45","M":"worker started","worker number":1}
{"L":"DEBUG","T":"2026-09-06T14:29:21.829+0300","C":"worker/pool.go:45","M":"worker started","worker number":6}
{"L":"DEBUG","T":"2026-09-06T14:29:21.829+0300","C":"worker/pool.go:45","M":"worker started","worker number":2}
{"L":"DEBUG","T":"2026-09-06T14:29:21.829+0300","C":"worker/pool.go:45","M":"worker started","worker number":9}
{"L":"DEBUG","T":"2026-09-06T14:29:21.829+0300","C":"worker/pool.go:45","M":"worker started","worker number":4}
{"L":"DEBUG","T":"2026-09-06T14:29:21.830+0300","C":"worker/pool.go:45","M":"worker started","worker number":8}
{"L":"DEBUG","T":"2026-09-06T14:29:21.830+0300","C":"worker/pool.go:45","M":"worker started","worker number":3}
{"L":"DEBUG","T":"2026-09-06T14:29:22.397+0300","C":"storage/interface.go:26","M":"Successfully uploaded to gophprofile//originals/user1/test_image.png"}
{"L":"DEBUG","T":"2026-09-06T14:29:22.402+0300","C":"worker/pool.go:90","M":"worker process ack done","worker id":2,"message id":"82d85947-852d-4960-b5e7-764f1142a5ca"}
{"L":"DEBUG","T":"2026-09-06T14:29:22.404+0300","C":"worker/rabbitmq.go:142","M":"message has been delivered to broker successfully"}
{"L":"DEBUG","T":"2026-09-06T14:29:23.142+0300","C":"storage/interface.go:26","M":"Successfully uploaded to gophprofile//originals/user1/test_image.png"}
{"L":"DEBUG","T":"2026-09-06T14:29:23.146+0300","C":"worker/pool.go:90","M":"worker process ack done","worker id":11,"message id":"8362c47a-afb5-4b70-9274-1c06b0146931"}
{"L":"DEBUG","T":"2026-09-06T14:29:23.148+0300","C":"worker/rabbitmq.go:142","M":"message has been delivered to broker successfully"}
{"L":"DEBUG","T":"2026-09-06T14:30:09.509+0300","C":"storage/interface.go:26","M":"Successfully uploaded to gophprofile//originals/user1/test_image.png"}
{"L":"DEBUG","T":"2026-09-06T14:30:09.514+0300","C":"worker/pool.go:90","M":"worker process ack done","worker id":5,"message id":"8e6e5606-9df6-43ce-afe6-0f60c2bae12d"}
{"L":"DEBUG","T":"2026-09-06T14:30:09.516+0300","C":"worker/rabbitmq.go:142","M":"message has been delivered to broker successfully"}
{"L":"DEBUG","T":"2026-09-06T14:30:22.437+0300","C":"storage/interface.go:26","M":"Successfully uploaded to gophprofile//originals/user1/test_image.png"}
{"L":"DEBUG","T":"2026-09-06T14:30:22.440+0300","C":"worker/pool.go:90","M":"worker process ack done","worker id":0,"message id":"e61b5684-3bff-4aca-8e5b-7b5fb473f08c"}
{"L":"DEBUG","T":"2026-09-06T14:30:22.441+0300","C":"worker/rabbitmq.go:142","M":"message has been delivered to broker successfully"}
{"L":"DEBUG","T":"2026-09-06T14:30:22.605+0300","C":"storage/interface.go:26","M":"Successfully uploaded to gophprofile//originals/user1/test_image.png"}
{"L":"DEBUG","T":"2026-09-06T14:30:22.608+0300","C":"worker/pool.go:90","M":"worker process ack done","worker id":10,"message id":"1d0c7a5e-fd53-4dd3-ba5d-b08b2c666d77"}
{"L":"DEBUG","T":"2026-09-06T14:30:22.610+0300","C":"worker/rabbitmq.go:142","M":"message has been delivered to broker successfully"}
{"L":"DEBUG","T":"2026-09-06T14:30:22.776+0300","C":"storage/interface.go:26","M":"Successfully uploaded to gophprofile//originals/user1/test_image.png"}
{"L":"DEBUG","T":"2026-09-06T14:30:22.779+0300","C":"worker/pool.go:90","M":"worker process ack done","worker id":7,"message id":"e91a11b4-d6fc-4d89-a2df-d68d49898e1d"}
{"L":"DEBUG","T":"2026-09-06T14:30:22.782+0300","C":"worker/rabbitmq.go:142","M":"message has been delivered to broker successfully"}
{"L":"DEBUG","T":"2026-09-06T14:30:22.923+0300","C":"storage/interface.go:26","M":"Successfully uploaded to gophprofile//originals/user1/test_image.png"}
{"L":"DEBUG","T":"2026-09-06T14:30:22.926+0300","C":"worker/pool.go:90","M":"worker process ack done","worker id":6,"message id":"0e6d7a4f-c7b7-46a3-9b48-f8db7f7ff64e"}
{"L":"DEBUG","T":"2026-09-06T14:30:22.927+0300","C":"worker/rabbitmq.go:142","M":"message has been delivered to broker successfully"}
{"L":"DEBUG","T":"2026-09-06T14:30:23.090+0300","C":"storage/interface.go:26","M":"Successfully uploaded to gophprofile//originals/user1/test_image.png"}
{"L":"DEBUG","T":"2026-09-06T14:30:23.092+0300","C":"worker/pool.go:90","M":"worker process ack done","worker id":1,"message id":"ae2888f3-5d9f-43ea-9e5d-8c694c836be2"}
{"L":"DEBUG","T":"2026-09-06T14:30:23.095+0300","C":"worker/rabbitmq.go:142","M":"message has been delivered to broker successfully"}
{"L":"DEBUG","T":"2026-09-06T14:30:23.241+0300","C":"storage/interface.go:26","M":"Successfully uploaded to gophprofile//originals/user1/test_image.png"}
{"L":"DEBUG","T":"2026-09-06T14:30:23.243+0300","C":"worker/pool.go:90","M":"worker process ack done","worker id":9,"message id":"5d8831f8-04d6-40e3-a491-245b98df6ecc"}
{"L":"DEBUG","T":"2026-09-06T14:30:23.247+0300","C":"worker/rabbitmq.go:142","M":"message has been delivered to broker successfully"}
{"L":"DEBUG","T":"2026-09-06T14:30:23.398+0300","C":"storage/interface.go:26","M":"Successfully uploaded to gophprofile//originals/user1/test_image.png"}
{"L":"DEBUG","T":"2026-09-06T14:30:23.401+0300","C":"worker/pool.go:90","M":"worker process ack done","worker id":8,"message id":"89e4337c-224b-4a15-96c7-0041d6abcc65"}
{"L":"DEBUG","T":"2026-09-06T14:30:23.404+0300","C":"worker/rabbitmq.go:142","M":"message has been delivered to broker successfully"}
{"L":"DEBUG","T":"2026-09-06T14:30:23.531+0300","C":"storage/interface.go:26","M":"Successfully uploaded to gophprofile//originals/user1/test_image.png"}
{"L":"DEBUG","T":"2026-09-06T14:30:23.534+0300","C":"worker/pool.go:90","M":"worker process ack done","worker id":4,"message id":"38ae0cbe-6b2a-4988-951b-d67c84db3b91"}
{"L":"DEBUG","T":"2026-09-06T14:30:23.536+0300","C":"worker/rabbitmq.go:142","M":"message has been delivered to broker successfully"}
{"L":"DEBUG","T":"2026-09-06T14:30:23.693+0300","C":"storage/interface.go:26","M":"Successfully uploaded to gophprofile//originals/user1/test_image.png"}
{"L":"DEBUG","T":"2026-09-06T14:30:23.696+0300","C":"worker/pool.go:90","M":"worker process ack done","worker id":3,"message id":"055c0a5b-0cf5-443a-ad2e-e53bd6b06640"}
{"L":"DEBUG","T":"2026-09-06T14:30:23.698+0300","C":"worker/rabbitmq.go:142","M":"message has been delivered to broker successfully"}
{"L":"DEBUG","T":"2026-09-06T14:30:23.844+0300","C":"storage/interface.go:26","M":"Successfully uploaded to gophprofile//originals/user1/test_image.png"}
{"L":"DEBUG","T":"2026-09-06T14:30:23.846+0300","C":"worker/pool.go:90","M":"worker process ack done","worker id":2,"message id":"9fd03511-7313-4ea0-ae0b-a6f088945111"}
{"L":"DEBUG","T":"2026-09-06T14:30:23.849+0300","C":"worker/rabbitmq.go:142","M":"message has been delivered to broker successfully"}
{"L":"DEBUG","T":"2026-09-06T14:30:24.006+0300","C":"storage/interface.go:26","M":"Successfully uploaded to gophprofile//originals/user1/test_image.png"}
{"L":"DEBUG","T":"2026-09-06T14:30:24.008+0300","C":"worker/pool.go:90","M":"worker process ack done","worker id":11,"message id":"07431c4e-fb25-4bba-92d2-f4c38a5f7485"}
{"L":"DEBUG","T":"2026-09-06T14:30:24.010+0300","C":"worker/rabbitmq.go:142","M":"message has been delivered to broker successfully"}
{"L":"DEBUG","T":"2026-09-06T14:30:24.170+0300","C":"storage/interface.go:26","M":"Successfully uploaded to gophprofile//originals/user1/test_image.png"}
{"L":"DEBUG","T":"2026-09-06T14:30:24.172+0300","C":"worker/pool.go:90","M":"worker process ack done","worker id":5,"message id":"2546b0c3-fd8d-4cd6-9e61-4b24419e4d28"}
{"L":"DEBUG","T":"2026-09-06T14:30:24.175+0300","C":"worker/rabbitmq.go:142","M":"message has been delivered to broker successfully"}
{"L":"DEBUG","T":"2026-09-06T14:30:24.328+0300","C":"storage/interface.go:26","M":"Successfully uploaded to gophprofile//originals/user1/test_image.png"}
{"L":"DEBUG","T":"2026-09-06T14:30:24.331+0300","C":"worker/pool.go:90","M":"worker process ack done","worker id":0,"message id":"88378bbb-7d4e-4218-a6a3-27baf88104d7"}
{"L":"DEBUG","T":"2026-09-06T14:30:24.333+0300","C":"worker/rabbitmq.go:142","M":"message has been delivered to broker successfully"}
{"L":"DEBUG","T":"2026-09-06T14:30:24.495+0300","C":"storage/interface.go:26","M":"Successfully uploaded to gophprofile//originals/user1/test_image.png"}
{"L":"DEBUG","T":"2026-09-06T14:30:24.497+0300","C":"worker/pool.go:90","M":"worker process ack done","worker id":10,"message id":"5f632149-38e9-46e2-ace0-36f5f2cbf417"}
{"L":"DEBUG","T":"2026-09-06T14:30:24.499+0300","C":"worker/rabbitmq.go:142","M":"message has been delivered to broker successfully"}
{"L":"DEBUG","T":"2026-09-06T14:30:24.646+0300","C":"storage/interface.go:26","M":"Successfully uploaded to gophprofile//originals/user1/test_image.png"}
{"L":"DEBUG","T":"2026-09-06T14:30:24.649+0300","C":"worker/pool.go:90","M":"worker process ack done","worker id":7,"message id":"48993733-3cc1-4d7a-ab0f-85aaeee455d1"}
{"L":"DEBUG","T":"2026-09-06T14:30:24.652+0300","C":"worker/rabbitmq.go:142","M":"message has been delivered to broker successfully"}
{"L":"DEBUG","T":"2026-09-06T14:30:24.794+0300","C":"storage/interface.go:26","M":"Successfully uploaded to gophprofile//originals/user1/test_image.png"}
{"L":"DEBUG","T":"2026-09-06T14:30:24.797+0300","C":"worker/pool.go:90","M":"worker process ack done","worker id":6,"message id":"351024b9-f4d4-4bc2-96e2-d1f9521e23dd"}
{"L":"DEBUG","T":"2026-09-06T14:30:24.798+0300","C":"worker/rabbitmq.go:142","M":"message has been delivered to broker successfully"}
{"L":"DEBUG","T":"2026-09-06T14:30:24.952+0300","C":"storage/interface.go:26","M":"Successfully uploaded to gophprofile//originals/user1/test_image.png"}
{"L":"DEBUG","T":"2026-09-06T14:30:24.954+0300","C":"worker/pool.go:90","M":"worker process ack done","worker id":1,"message id":"7784643a-b3bc-42f8-ab6f-69a2f1cfcd73"}
{"L":"DEBUG","T":"2026-09-06T14:30:24.957+0300","C":"worker/rabbitmq.go:142","M":"message has been delivered to broker successfully"}
{"L":"DEBUG","T":"2026-09-06T14:30:25.106+0300","C":"storage/interface.go:26","M":"Successfully uploaded to gophprofile//originals/user1/test_image.png"}
{"L":"DEBUG","T":"2026-09-06T14:30:25.108+0300","C":"worker/pool.go:90","M":"worker process ack done","worker id":9,"message id":"755777b9-3f46-4dff-a202-e0116019df75"}
{"L":"DEBUG","T":"2026-09-06T14:30:25.109+0300","C":"worker/rabbitmq.go:142","M":"message has been delivered to broker successfully"}
{"L":"DEBUG","T":"2026-09-06T14:30:25.273+0300","C":"storage/interface.go:26","M":"Successfully uploaded to gophprofile//originals/user1/test_image.png"}
{"L":"DEBUG","T":"2026-09-06T14:30:25.275+0300","C":"worker/pool.go:90","M":"worker process ack done","worker id":8,"message id":"c341d4e1-b128-4adc-a507-b70f68e667cf"}
{"L":"DEBUG","T":"2026-09-06T14:30:25.276+0300","C":"worker/rabbitmq.go:142","M":"message has been delivered to broker successfully"}
{"L":"DEBUG","T":"2026-09-06T14:30:25.575+0300","C":"storage/interface.go:26","M":"Successfully uploaded to gophprofile//originals/user1/test_image.png"}
{"L":"DEBUG","T":"2026-09-06T14:30:25.576+0300","C":"worker/pool.go:90","M":"worker process ack done","worker id":4,"message id":"f4238804-618d-4c84-b2c8-612cbb2bf2e4"}
{"L":"DEBUG","T":"2026-09-06T14:30:25.578+0300","C":"worker/rabbitmq.go:142","M":"message has been delivered to broker successfully"}
{"L":"DEBUG","T":"2026-09-06T14:30:25.763+0300","C":"storage/interface.go:26","M":"Successfully uploaded to gophprofile//originals/user1/test_image.png"}
{"L":"DEBUG","T":"2026-09-06T14:30:25.765+0300","C":"worker/pool.go:90","M":"worker process ack done","worker id":3,"message id":"5b467674-813b-43ab-834d-7d3df962c986"}
{"L":"DEBUG","T":"2026-09-06T14:30:25.767+0300","C":"worker/rabbitmq.go:142","M":"message has been delivered to broker successfully"}
{"L":"DEBUG","T":"2026-09-06T14:30:25.918+0300","C":"storage/interface.go:26","M":"Successfully uploaded to gophprofile//originals/user1/test_image.png"}
{"L":"DEBUG","T":"2026-09-06T14:30:25.920+0300","C":"worker/pool.go:90","M":"worker process ack done","worker id":2,"message id":"b73f352f-7a57-4577-bca1-acbcda94647c"}
{"L":"DEBUG","T":"2026-09-06T14:30:25.923+0300","C":"worker/rabbitmq.go:142","M":"message has been delivered to broker successfully"}
{"L":"DEBUG","T":"2026-09-06T14:30:26.079+0300","C":"storage/interface.go:26","M":"Successfully uploaded to gophprofile//originals/user1/test_image.png"}
{"L":"DEBUG","T":"2026-09-06T14:30:26.082+0300","C":"worker/pool.go:90","M":"worker process ack done","worker id":11,"message id":"6cb59812-9e97-4101-8694-0e706d2bb017"}
{"L":"DEBUG","T":"2026-09-06T14:30:26.085+0300","C":"worker/rabbitmq.go:142","M":"message has been delivered to broker successfully"}
{"L":"DEBUG","T":"2026-09-06T14:30:26.246+0300","C":"storage/interface.go:26","M":"Successfully uploaded to gophprofile//originals/user1/test_image.png"}
{"L":"DEBUG","T":"2026-09-06T14:30:26.249+0300","C":"worker/pool.go:90","M":"worker process ack done","worker id":5,"message id":"69fe1bd9-4203-4c06-99de-f79c64d9f548"}
{"L":"DEBUG","T":"2026-09-06T14:30:26.251+0300","C":"worker/rabbitmq.go:142","M":"message has been delivered to broker successfully"}
{"L":"DEBUG","T":"2026-09-06T14:30:26.419+0300","C":"storage/interface.go:26","M":"Successfully uploaded to gophprofile//originals/user1/test_image.png"}
{"L":"DEBUG","T":"2026-09-06T14:30:26.421+0300","C":"worker/pool.go:90","M":"worker process ack done","worker id":0,"message id":"14ec15ae-4b34-4087-b2ed-6cf92009ce20"}
{"L":"DEBUG","T":"2026-09-06T14:30:26.423+0300","C":"worker/rabbitmq.go:142","M":"message has been delivered to broker successfully"}
{"L":"DEBUG","T":"2026-09-06T14:30:26.572+0300","C":"storage/interface.go:26","M":"Successfully uploaded to gophprofile//originals/user1/test_image.png"}
{"L":"DEBUG","T":"2026-09-06T14:30:26.576+0300","C":"worker/pool.go:90","M":"worker process ack done","worker id":10,"message id":"36d9c283-11ac-406f-b7f5-7e0746e73240"}
{"L":"DEBUG","T":"2026-09-06T14:30:26.578+0300","C":"worker/rabbitmq.go:142","M":"message has been delivered to broker successfully"}
{"L":"DEBUG","T":"2026-09-06T14:30:26.719+0300","C":"storage/interface.go:26","M":"Successfully uploaded to gophprofile//originals/user1/test_image.png"}
{"L":"DEBUG","T":"2026-09-06T14:30:26.722+0300","C":"worker/pool.go:90","M":"worker process ack done","worker id":7,"message id":"c54d7792-b05d-4fc8-8e9a-41528382b184"}
{"L":"DEBUG","T":"2026-09-06T14:30:26.724+0300","C":"worker/rabbitmq.go:142","M":"message has been delivered to broker successfully"}
{"L":"DEBUG","T":"2026-09-06T14:30:26.869+0300","C":"storage/interface.go:26","M":"Successfully uploaded to gophprofile//originals/user1/test_image.png"}
{"L":"DEBUG","T":"2026-09-06T14:30:26.872+0300","C":"worker/pool.go:90","M":"worker process ack done","worker id":6,"message id":"fb09930e-4363-4046-9acb-7f6a230acc9b"}
{"L":"DEBUG","T":"2026-09-06T14:30:26.873+0300","C":"worker/rabbitmq.go:142","M":"message has been delivered to broker successfully"}
{"L":"DEBUG","T":"2026-09-06T14:30:27.044+0300","C":"storage/interface.go:26","M":"Successfully uploaded to gophprofile//originals/user1/test_image.png"}
{"L":"DEBUG","T":"2026-09-06T14:30:27.047+0300","C":"worker/pool.go:90","M":"worker process ack done","worker id":1,"message id":"ef10395b-f394-4fd4-a042-0b348319421a"}
{"L":"DEBUG","T":"2026-09-06T14:30:27.049+0300","C":"worker/rabbitmq.go:142","M":"message has been delivered to broker successfully"}
{"L":"DEBUG","T":"2026-09-06T14:30:27.201+0300","C":"storage/interface.go:26","M":"Successfully uploaded to gophprofile//originals/user1/test_image.png"}
{"L":"DEBUG","T":"2026-09-06T14:30:27.204+0300","C":"worker/pool.go:90","M":"worker process ack done","worker id":9,"message id":"51e314e4-db6e-4266-9f01-698cd0455146"}
{"L":"DEBUG","T":"2026-09-06T14:30:27.206+0300","C":"worker/rabbitmq.go:142","M":"message has been delivered to broker successfully"}
{"L":"DEBUG","T":"2026-09-06T14:30:27.360+0300","C":"storage/interface.go:26","M":"Successfully uploaded to gophprofile//originals/user1/test_image.png"}
{"L":"DEBUG","T":"2026-09-06T14:30:27.363+0300","C":"worker/pool.go:90","M":"worker process ack done","worker id":8,"message id":"0c003f24-9d3d-438c-bf42-5bdee05b264e"}
{"L":"DEBUG","T":"2026-09-06T14:30:27.366+0300","C":"worker/rabbitmq.go:142","M":"message has been delivered to broker successfully"}
{"L":"DEBUG","T":"2026-09-06T14:30:27.512+0300","C":"storage/interface.go:26","M":"Successfully uploaded to gophprofile//originals/user1/test_image.png"}
{"L":"DEBUG","T":"2026-09-06T14:30:27.515+0300","C":"worker/pool.go:90","M":"worker process ack done","worker id":4,"message id":"de804947-b6ea-42bd-a50b-8b4407bac6ab"}
{"L":"DEBUG","T":"2026-09-06T14:30:27.517+0300","C":"worker/rabbitmq.go:142","M":"message has been delivered to broker successfully"}
{"L":"DEBUG","T":"2026-09-06T14:30:27.686+0300","C":"storage/interface.go:26","M":"Successfully uploaded to gophprofile//originals/user1/test_image.png"}
{"L":"DEBUG","T":"2026-09-06T14:30:27.689+0300","C":"worker/pool.go:90","M":"worker process ack done","worker id":3,"message id":"17edfb40-cc38-41e2-b633-0f14f71e9243"}
{"L":"DEBUG","T":"2026-09-06T14:30:27.692+0300","C":"worker/rabbitmq.go:142","M":"message has been delivered to broker successfully"}
{"L":"INFO","T":"2026-09-06T14:40:05.822+0300","C":"server/app.go:44","M":"shutting the app down"}
{"L":"INFO","T":"2026-09-06T14:40:05.822+0300","C":"server/app.go:55","M":"app closed gracefully"}
{"L":"INFO","T":"2026-09-06T14:40:07.938+0300","C":"app/app.go:67","M":"database connection initialized successfully"}
{"L":"ERROR","T":"2026-09-06T14:40:07.950+0300","C":"worker/rabbitmq.go:106","M":"failed to declare queue","error":"Exception (406) Reason: \"PRECONDITION_FAILED - inequivalent arg 'x-dead-letter-exchange' for queue 'images.upload' in vhost '/': received none but current is the value 'orders.dlx' of type 'longstr'\"","S":"github.com/artni96/GophProfile/internal/worker.(*Broker).Init\n\t/Users/artni/Documents/Dev/GophProfile/internal/worker/rabbitmq.go:106\ngithub.com/artni96/GophProfile/internal/worker.NewBroker\n\t/Users/artni/Documents/Dev/GophProfile/internal/worker/rabbitmq.go:50\ngithub.com/artni96/GophProfile/internal/app.(*App).initBroker\n\t/Users/artni/Documents/Dev/GophProfile/internal/app/app.go:161\ngithub.com/artni96/GophProfile/internal/app.NewApp\n\t/Users/artni/Documents/Dev/GophProfile/internal/app/app.go:183\nmain.run\n\t/Users/artni/Documents/Dev/GophProfile/cmd/server/app.go:25\nmain.main\n\t/Users/artni/Documents/Dev/GophProfile/cmd/server/main.go:14\nruntime.main\n\t/Users/artni/go/pkg/mod/golang.org/toolchain@v0.0.1-go1.27.0.darwin-arm64/src/runtime/proc.go:302"}
{"L":"INFO","T":"2026-09-06T14:41:06.220+0300","C":"app/app.go:67","M":"database connection initialized successfully"}
{"L":"ERROR","T":"2026-09-06T14:41:06.231+0300","C":"worker/rabbitmq.go:106","M":"failed to declare queue","error":"Exception (406) Reason: \"PRECONDITION_FAILED - inequivalent arg 'x-dead-letter-exchange' for queue 'images.upload' in vhost '/': received none but current is the value 'orders.dlx' of type 'longstr'\"","S":"github.com/artni96/GophProfile/internal/worker.(*Broker).Init\n\t/Users/artni/Documents/Dev/GophProfile/internal/worker/rabbitmq.go:106\ngithub.com/artni96/GophProfile/internal/worker.NewBroker\n\t/Users/artni/Documents/Dev/GophProfile/internal/worker/rabbitmq.go:50\ngithub.com/artni96/GophProfile/internal/app.(*App).initBroker\n\t/Users/artni/Documents/Dev/GophProfile/internal/app/app.go:161\ngithub.com/artni96/GophProfile/internal/app.NewApp\n\t/Users/artni/Documents/Dev/GophProfile/internal/app/app.go:183\nmain.run\n\t/Users/artni/Documents/Dev/GophProfile/cmd/server/app.go:25\nmain.main\n\t/Users/artni/Documents/Dev/GophProfile/cmd/server/main.go:14\nruntime.main\n\t/Users/artni/go/pkg/mod/golang.org/toolchain@v0.0.1-go1.27.0.darwin-arm64/src/runtime/proc.go:302"}
{"L":"INFO","T":"2026-09-06T14:42:13.185+0300","C":"app/app.go:67","M":"database connection initialized successfully"}
{"L":"INFO","T":"2026-09-06T14:42:44.485+0300","C":"app/app.go:67","M":"database connection initialized successfully"}
{"L":"DEBUG","T":"2026-09-06T14:42:44.509+0300","C":"worker/pool.go:45","M":"worker started","worker number":2}
{"L":"DEBUG","T":"2026-09-06T14:42:44.509+0300","C":"worker/pool.go:45","M":"worker started","worker number":0}
{"L":"DEBUG","T":"2026-09-06T14:42:44.509+0300","C":"worker/pool.go:45","M":"worker started","worker number":8}
{"L":"DEBUG","T":"2026-09-06T14:42:44.510+0300","C":"worker/pool.go:45","M":"worker started","worker number":1}
{"L":"DEBUG","T":"2026-09-06T14:42:44.510+0300","C":"worker/pool.go:45","M":"worker started","worker number":6}
{"L":"DEBUG","T":"2026-09-06T14:42:44.510+0300","C":"worker/pool.go:45","M":"worker started","worker number":9}
{"L":"DEBUG","T":"2026-09-06T14:42:44.510+0300","C":"worker/pool.go:45","M":"worker started","worker number":3}
{"L":"DEBUG","T":"2026-09-06T14:42:44.511+0300","C":"worker/pool.go:45","M":"worker started","worker number":11}
{"L":"DEBUG","T":"2026-09-06T14:42:44.511+0300","C":"worker/pool.go:45","M":"worker started","worker number":7}
{"L":"DEBUG","T":"2026-09-06T14:42:44.511+0300","C":"worker/pool.go:45","M":"worker started","worker number":4}
{"L":"DEBUG","T":"2026-09-06T14:42:44.511+0300","C":"worker/pool.go:45","M":"worker started","worker number":5}
{"L":"DEBUG","T":"2026-09-06T14:42:44.512+0300","C":"worker/pool.go:45","M":"worker started","worker number":10}
{"L":"INFO","T":"2026-09-06T14:42:48.247+0300","C":"server/app.go:44","M":"shutting the app down"}
{"L":"INFO","T":"2026-09-06T14:42:48.247+0300","C":"server/app.go:55","M":"app closed gracefully"}
{"L":"INFO","T":"2026-09-06T14:42:50.648+0300","C":"app/app.go:67","M":"database connection initialized successfully"}
{"L":"DEBUG","T":"2026-09-06T14:42:50.661+0300","C":"worker/pool.go:45","M":"worker started","worker number":11}
{"L":"DEBUG","T":"2026-09-06T14:42:50.661+0300","C":"worker/pool.go:45","M":"worker started","worker number":3}
{"L":"DEBUG","T":"2026-09-06T14:42:50.661+0300","C":"worker/pool.go:45","M":"worker started","worker number":2}
{"L":"DEBUG","T":"2026-09-06T14:42:50.661+0300","C":"worker/pool.go:45","M":"worker started","worker number":7}
{"L":"DEBUG","T":"2026-09-06T14:42:50.661+0300","C":"worker/pool.go:45","M":"worker started","worker number":4}
{"L":"DEBUG","T":"2026-09-06T14:42:50.661+0300","C":"worker/pool.go:45","M":"worker started","worker number":5}
{"L":"DEBUG","T":"2026-09-06T14:42:50.661+0300","C":"worker/pool.go:45","M":"worker started","worker number":6}
{"L":"DEBUG","T":"2026-09-06T14:42:50.661+0300","C":"worker/pool.go:45","M":"worker started","worker number":9}
{"L":"DEBUG","T":"2026-09-06T14:42:50.662+0300","C":"worker/pool.go:45","M":"worker started","worker number":8}
{"L":"DEBUG","T":"2026-09-06T14:42:50.662+0300","C":"worker/pool.go:45","M":"worker started","worker number":1}
{"L":"DEBUG","T":"2026-09-06T14:42:50.662+0300","C":"worker/pool.go:45","M":"worker started","worker number":10}
{"L":"DEBUG","T":"2026-09-06T14:42:50.662+0300","C":"worker/pool.go:45","M":"worker started","worker number":0}
{"L":"DEBUG","T":"2026-09-06T14:43:03.936+0300","C":"storage/interface.go:26","M":"Successfully uploaded to gophprofile//originals/user1/test_image.png"}
{"L":"DEBUG","T":"2026-09-06T14:43:03.945+0300","C":"worker/pool.go:90","M":"worker process ack done","worker id":8,"message id":"b1b0736e-b225-46b0-bff8-9b20bc960cb5"}
{"L":"DEBUG","T":"2026-09-06T14:43:03.946+0300","C":"worker/rabbitmq.go:142","M":"message has been delivered to broker successfully"}
{"L":"INFO","T":"2026-09-06T14:45:32.185+0300","C":"server/app.go:44","M":"shutting the app down"}
{"L":"INFO","T":"2026-09-06T14:45:32.185+0300","C":"server/app.go:55","M":"app closed gracefully"}
{"L":"INFO","T":"2026-09-06T14:45:34.813+0300","C":"app/app.go:67","M":"database connection initialized successfully"}
{"L":"ERROR","T":"2026-09-06T14:45:34.826+0300","C":"worker/rabbitmq.go:106","M":"failed to declare queue","error":"Exception (406) Reason: \"PRECONDITION_FAILED - inequivalent arg 'x-dead-letter-exchange' for queue 'images.upload' in vhost '/': received the value 'orders.dlx' of type 'longstr' but current is none\"","S":"github.com/artni96/GophProfile/internal/worker.(*Broker).Init\n\t/Users/artni/Documents/Dev/GophProfile/internal/worker/rabbitmq.go:106\ngithub.com/artni96/GophProfile/internal/worker.NewBroker\n\t/Users/artni/Documents/Dev/GophProfile/internal/worker/rabbitmq.go:50\ngithub.com/artni96/GophProfile/internal/app.(*App).initBroker\n\t/Users/artni/Documents/Dev/GophProfile/internal/app/app.go:161\ngithub.com/artni96/GophProfile/internal/app.NewApp\n\t/Users/artni/Documents/Dev/GophProfile/internal/app/app.go:183\nmain.run\n\t/Users/artni/Documents/Dev/GophProfile/cmd/server/app.go:25\nmain.main\n\t/Users/artni/Documents/Dev/GophProfile/cmd/server/main.go:14\nruntime.main\n\t/Users/artni/go/pkg/mod/golang.org/toolchain@v0.0.1-go1.27.0.darwin-arm64/src/runtime/proc.go:302"}
{"L":"INFO","T":"2026-09-06T14:45:57.808+0300","C":"app/app.go:67","M":"database connection initialized successfully"}
{"L":"INFO","T":"2026-09-06T14:45:59.156+0300","C":"app/app.go:67","M":"database connection initialized successfully"}
{"L":"DEBUG","T":"2026-09-06T14:45:59.176+0300","C":"worker/pool.go:45","M":"worker started","worker number":3}
{"L":"DEBUG","T":"2026-09-06T14:45:59.176+0300","C":"worker/pool.go:45","M":"worker started","worker number":7}
{"L":"DEBUG","T":"2026-09-06T14:45:59.177+0300","C":"worker/pool.go:45","M":"worker started","worker number":9}
{"L":"DEBUG","T":"2026-09-06T14:45:59.177+0300","C":"worker/pool.go:45","M":"worker started","worker number":2}
{"L":"DEBUG","T":"2026-09-06T14:45:59.177+0300","C":"worker/pool.go:45","M":"worker started","worker number":6}
{"L":"DEBUG","T":"2026-09-06T14:45:59.177+0300","C":"worker/pool.go:45","M":"worker started","worker number":10}
{"L":"DEBUG","T":"2026-09-06T14:45:59.177+0300","C":"worker/pool.go:45","M":"worker started","worker number":11}
{"L":"DEBUG","T":"2026-09-06T14:45:59.178+0300","C":"worker/pool.go:45","M":"worker started","worker number":4}
{"L":"DEBUG","T":"2026-09-06T14:45:59.178+0300","C":"worker/pool.go:45","M":"worker started","worker number":1}
{"L":"DEBUG","T":"2026-09-06T14:45:59.178+0300","C":"worker/pool.go:45","M":"worker started","worker number":8}
{"L":"DEBUG","T":"2026-09-06T14:45:59.178+0300","C":"worker/pool.go:45","M":"worker started","worker number":5}
{"L":"DEBUG","T":"2026-09-06T14:45:59.178+0300","C":"worker/pool.go:45","M":"worker started","worker number":0}
{"L":"DEBUG","T":"2026-09-06T14:46:15.732+0300","C":"storage/interface.go:26","M":"Successfully uploaded to gophprofile//originals/user1/test_image.png"}
{"L":"DEBUG","T":"2026-09-06T14:46:15.742+0300","C":"worker/pool.go:90","M":"worker process ack done","worker id":3,"message id":"bbad6ae0-dc26-492a-94c9-72c057e09cde"}
{"L":"DEBUG","T":"2026-09-06T14:46:15.743+0300","C":"worker/rabbitmq.go:142","M":"message has been delivered to broker successfully"}
{"L":"INFO","T":"2026-09-06T14:46:57.137+0300","C":"server/app.go:44","M":"shutting the app down"}
{"L":"INFO","T":"2026-09-06T14:46:57.137+0300","C":"server/app.go:55","M":"app closed gracefully"}
{"L":"INFO","T":"2026-09-06T14:46:59.461+0300","C":"app/app.go:67","M":"database connection initialized successfully"}
{"L":"DEBUG","T":"2026-09-06T14:46:59.475+0300","C":"worker/pool.go:45","M":"worker started","worker number":11}
{"L":"DEBUG","T":"2026-09-06T14:46:59.475+0300","C":"worker/pool.go:45","M":"worker started","worker number":5}
{"L":"DEBUG","T":"2026-09-06T14:46:59.476+0300","C":"worker/pool.go:45","M":"worker started","worker number":0}
{"L":"DEBUG","T":"2026-09-06T14:46:59.476+0300","C":"worker/pool.go:45","M":"worker started","worker number":1}
{"L":"DEBUG","T":"2026-09-06T14:46:59.476+0300","C":"worker/pool.go:45","M":"worker started","worker number":2}
{"L":"DEBUG","T":"2026-09-06T14:46:59.476+0300","C":"worker/pool.go:45","M":"worker started","worker number":3}
{"L":"DEBUG","T":"2026-09-06T14:46:59.477+0300","C":"worker/pool.go:45","M":"worker started","worker number":4}
{"L":"DEBUG","T":"2026-09-06T14:46:59.477+0300","C":"worker/pool.go:45","M":"worker started","worker number":9}
{"L":"DEBUG","T":"2026-09-06T14:46:59.477+0300","C":"worker/pool.go:45","M":"worker started","worker number":7}
{"L":"DEBUG","T":"2026-09-06T14:46:59.477+0300","C":"worker/pool.go:45","M":"worker started","worker number":8}
{"L":"DEBUG","T":"2026-09-06T14:46:59.477+0300","C":"worker/pool.go:45","M":"worker started","worker number":6}
{"L":"DEBUG","T":"2026-09-06T14:46:59.477+0300","C":"worker/pool.go:45","M":"worker started","worker number":10}
{"L":"DEBUG","T":"2026-09-06T14:47:02.742+0300","C":"storage/interface.go:26","M":"Successfully uploaded to gophprofile//originals/user1/test_image.png"}
{"L":"DEBUG","T":"2026-09-06T14:47:02.749+0300","C":"worker/pool.go:90","M":"worker process ack done","worker id":9,"message id":"4f7bf8ff-0689-473e-a77e-60b005bd1326"}
{"L":"DEBUG","T":"2026-09-06T14:47:02.750+0300","C":"worker/rabbitmq.go:142","M":"message has been delivered to broker successfully"}
{"L":"INFO","T":"2026-09-06T14:47:31.379+0300","C":"server/app.go:44","M":"shutting the app down"}
{"L":"INFO","T":"2026-09-06T14:47:31.380+0300","C":"server/app.go:55","M":"app closed gracefully"}
{"L":"INFO","T":"2026-09-06T14:47:33.120+0300","C":"app/app.go:67","M":"database connection initialized successfully"}
{"L":"DEBUG","T":"2026-09-06T14:47:33.135+0300","C":"worker/pool.go:45","M":"worker started","worker number":0}
{"L":"DEBUG","T":"2026-09-06T14:47:33.135+0300","C":"worker/pool.go:45","M":"worker started","worker number":11}
{"L":"DEBUG","T":"2026-09-06T14:47:33.135+0300","C":"worker/pool.go:45","M":"worker started","worker number":6}
{"L":"DEBUG","T":"2026-09-06T14:47:33.135+0300","C":"worker/pool.go:45","M":"worker started","worker number":7}
{"L":"DEBUG","T":"2026-09-06T14:47:33.136+0300","C":"worker/pool.go:45","M":"worker started","worker number":8}
{"L":"DEBUG","T":"2026-09-06T14:47:33.136+0300","C":"worker/pool.go:45","M":"worker started","worker number":5}
{"L":"DEBUG","T":"2026-09-06T14:47:33.136+0300","C":"worker/pool.go:45","M":"worker started","worker number":9}
{"L":"DEBUG","T":"2026-09-06T14:47:33.136+0300","C":"worker/pool.go:45","M":"worker started","worker number":2}
{"L":"DEBUG","T":"2026-09-06T14:47:33.136+0300","C":"worker/pool.go:45","M":"worker started","worker number":1}
{"L":"DEBUG","T":"2026-09-06T14:47:33.137+0300","C":"worker/pool.go:45","M":"worker started","worker number":3}
{"L":"DEBUG","T":"2026-09-06T14:47:33.137+0300","C":"worker/pool.go:45","M":"worker started","worker number":10}
{"L":"DEBUG","T":"2026-09-06T14:47:33.137+0300","C":"worker/pool.go:45","M":"worker started","worker number":4}
{"L":"DEBUG","T":"2026-09-06T14:47:33.138+0300","C":"worker/pool.go:90","M":"worker process ack done","worker id":8,"message id":"4f7bf8ff-0689-473e-a77e-60b005bd1326"}
{"L":"DEBUG","T":"2026-09-06T14:47:43.509+0300","C":"storage/interface.go:26","M":"Successfully uploaded to gophprofile//originals/user1/test_image.png"}
{"L":"DEBUG","T":"2026-09-06T14:47:43.516+0300","C":"worker/pool.go:90","M":"worker process ack done","worker id":8,"message id":"ea446995-2b8a-4e67-9a4d-5a6d76902fed"}
{"L":"DEBUG","T":"2026-09-06T14:47:43.518+0300","C":"worker/rabbitmq.go:142","M":"message has been delivered to broker successfully"}
{"L":"INFO","T":"2026-09-06T16:37:30.529+0300","C":"server/app.go:44","M":"shutting the app down"}
{"L":"INFO","T":"2026-09-06T16:37:30.530+0300","C":"server/app.go:55","M":"app closed gracefully"}
{"L":"INFO","T":"2026-09-06T16:38:06.754+0300","C":"app/app.go:67","M":"database connection initialized successfully"}
{"L":"DEBUG","T":"2026-09-06T16:38:06.777+0300","C":"worker/pool.go:45","M":"worker started","worker number":7}
{"L":"DEBUG","T":"2026-09-06T16:38:06.777+0300","C":"worker/pool.go:45","M":"worker started","worker number":3}
{"L":"DEBUG","T":"2026-09-06T16:38:06.778+0300","C":"worker/pool.go:45","M":"worker started","worker number":4}
{"L":"DEBUG","T":"2026-09-06T16:38:06.778+0300","C":"worker/pool.go:45","M":"worker started","worker number":11}
{"L":"DEBUG","T":"2026-09-06T16:38:06.778+0300","C":"worker/pool.go:45","M":"worker started","worker number":8}
{"L":"DEBUG","T":"2026-09-06T16:38:06.778+0300","C":"worker/pool.go:45","M":"worker started","worker number":9}
{"L":"DEBUG","T":"2026-09-06T16:38:06.778+0300","C":"worker/pool.go:45","M":"worker started","worker number":10}
{"L":"DEBUG","T":"2026-09-06T16:38:06.779+0300","C":"worker/pool.go:45","M":"worker started","worker number":0}
{"L":"DEBUG","T":"2026-09-06T16:38:06.779+0300","C":"worker/pool.go:45","M":"worker started","worker number":1}
{"L":"DEBUG","T":"2026-09-06T16:38:06.779+0300","C":"worker/pool.go:45","M":"worker started","worker number":2}
{"L":"DEBUG","T":"2026-09-06T16:38:06.779+0300","C":"worker/pool.go:45","M":"worker started","worker number":6}
{"L":"DEBUG","T":"2026-09-06T16:38:06.779+0300","C":"worker/pool.go:45","M":"worker started","worker number":5}
{"L":"DEBUG","T":"2026-09-06T16:38:12.735+0300","C":"storage/interface.go:26","M":"Successfully uploaded to gophprofile//originals/user1/test_image.png"}
{"L":"DEBUG","T":"2026-09-06T16:38:12.742+0300","C":"worker/rabbitmq.go:153","M":"message has been delivered to broker successfully"}
{"L":"INFO","T":"2026-09-06T16:38:49.442+0300","C":"server/app.go:44","M":"shutting the app down"}
{"L":"INFO","T":"2026-09-06T16:38:49.442+0300","C":"server/app.go:55","M":"app closed gracefully"}
{"L":"INFO","T":"2026-09-06T16:38:54.967+0300","C":"app/app.go:67","M":"database connection initialized successfully"}
{"L":"DEBUG","T":"2026-09-06T16:38:54.980+0300","C":"worker/pool.go:45","M":"worker started","worker number":11}
{"L":"DEBUG","T":"2026-09-06T16:38:54.980+0300","C":"worker/pool.go:45","M":"worker started","worker number":5}
{"L":"DEBUG","T":"2026-09-06T16:38:54.980+0300","C":"worker/pool.go:45","M":"worker started","worker number":8}
{"L":"DEBUG","T":"2026-09-06T16:38:54.980+0300","C":"worker/pool.go:45","M":"worker started","worker number":7}
{"L":"DEBUG","T":"2026-09-06T16:38:54.981+0300","C":"worker/pool.go:45","M":"worker started","worker number":6}
{"L":"DEBUG","T":"2026-09-06T16:38:54.981+0300","C":"worker/pool.go:45","M":"worker started","worker number":2}
{"L":"DEBUG","T":"2026-09-06T16:38:54.981+0300","C":"worker/pool.go:45","M":"worker started","worker number":0}
{"L":"DEBUG","T":"2026-09-06T16:38:54.982+0300","C":"worker/pool.go:45","M":"worker started","worker number":3}
{"L":"DEBUG","T":"2026-09-06T16:38:54.982+0300","C":"worker/pool.go:45","M":"worker started","worker number":4}
{"L":"DEBUG","T":"2026-09-06T16:38:54.982+0300","C":"worker/pool.go:45","M":"worker started","worker number":9}
{"L":"DEBUG","T":"2026-09-06T16:38:54.982+0300","C":"worker/pool.go:45","M":"worker started","worker number":1}
{"L":"DEBUG","T":"2026-09-06T16:38:54.982+0300","C":"worker/pool.go:45","M":"worker started","worker number":10}
{"L":"DEBUG","T":"2026-09-06T16:38:57.581+0300","C":"storage/interface.go:26","M":"Successfully uploaded to gophprofile//originals/user1/test_image.png"}
{"L":"DEBUG","T":"2026-09-06T16:38:57.588+0300","C":"worker/rabbitmq.go:153","M":"message has been delivered to broker successfully"}
{"L":"DEBUG","T":"2026-09-06T16:39:19.262+0300","C":"storage/interface.go:26","M":"Successfully uploaded to gophprofile//originals/user1/test_image.png"}
{"L":"DEBUG","T":"2026-09-06T16:39:19.267+0300","C":"worker/rabbitmq.go:153","M":"message has been delivered to broker successfully"}
{"L":"INFO","T":"2026-09-06T16:39:25.524+0300","C":"server/app.go:44","M":"shutting the app down"}
{"L":"INFO","T":"2026-09-06T16:39:25.524+0300","C":"server/app.go:55","M":"app closed gracefully"}
{"L":"INFO","T":"2026-09-06T16:39:39.966+0300","C":"app/app.go:67","M":"database connection initialized successfully"}
{"L":"INFO","T":"2026-09-06T16:39:44.213+0300","C":"app/app.go:67","M":"database connection initialized successfully"}
{"L":"DEBUG","T":"2026-09-06T16:39:44.236+0300","C":"worker/pool.go:45","M":"worker started","worker number":7}
{"L":"DEBUG","T":"2026-09-06T16:39:44.237+0300","C":"worker/pool.go:45","M":"worker started","worker number":4}
{"L":"DEBUG","T":"2026-09-06T16:39:44.237+0300","C":"worker/pool.go:45","M":"worker started","worker number":0}
{"L":"DEBUG","T":"2026-09-06T16:39:44.237+0300","C":"worker/pool.go:45","M":"worker started","worker number":3}
{"L":"DEBUG","T":"2026-09-06T16:39:44.237+0300","C":"worker/pool.go:45","M":"worker started","worker number":9}
{"L":"DEBUG","T":"2026-09-06T16:39:44.237+0300","C":"worker/pool.go:45","M":"worker started","worker number":11}
{"L":"DEBUG","T":"2026-09-06T16:39:44.238+0300","C":"worker/pool.go:45","M":"worker started","worker number":1}
{"L":"DEBUG","T":"2026-09-06T16:39:44.238+0300","C":"worker/pool.go:45","M":"worker started","worker number":6}
{"L":"DEBUG","T":"2026-09-06T16:39:44.238+0300","C":"worker/pool.go:45","M":"worker started","worker number":8}
{"L":"DEBUG","T":"2026-09-06T16:39:44.238+0300","C":"worker/pool.go:45","M":"worker started","worker number":10}
{"L":"DEBUG","T":"2026-09-06T16:39:44.238+0300","C":"worker/pool.go:45","M":"worker started","worker number":5}
{"L":"DEBUG","T":"2026-09-06T16:39:44.238+0300","C":"worker/pool.go:45","M":"worker started","worker number":2}
{"L":"DEBUG","T":"2026-09-06T16:39:46.769+0300","C":"storage/interface.go:26","M":"Successfully uploaded to gophprofile//originals/user1/test_image.png"}
{"L":"DEBUG","T":"2026-09-06T16:39:46.774+0300","C":"worker/rabbitmq.go:153","M":"message has been delivered to broker successfully"}
{"L":"INFO","T":"2026-09-06T16:40:12.763+0300","C":"server/app.go:44","M":"shutting the app down"}
{"L":"INFO","T":"2026-09-06T16:40:12.764+0300","C":"server/app.go:55","M":"app closed gracefully"}
{"L":"INFO","T":"2026-09-06T16:40:13.308+0300","C":"app/app.go:67","M":"database connection initialized successfully"}
{"L":"DEBUG","T":"2026-09-06T16:40:13.321+0300","C":"worker/pool.go:45","M":"worker started","worker number":0}
{"L":"DEBUG","T":"2026-09-06T16:40:13.321+0300","C":"worker/pool.go:45","M":"worker started","worker number":11}
{"L":"DEBUG","T":"2026-09-06T16:40:13.321+0300","C":"worker/pool.go:45","M":"worker started","worker number":6}
{"L":"DEBUG","T":"2026-09-06T16:40:13.321+0300","C":"worker/pool.go:45","M":"worker started","worker number":5}
{"L":"DEBUG","T":"2026-09-06T16:40:13.322+0300","C":"worker/pool.go:45","M":"worker started","worker number":7}
{"L":"DEBUG","T":"2026-09-06T16:40:13.322+0300","C":"worker/pool.go:45","M":"worker started","worker number":8}
{"L":"DEBUG","T":"2026-09-06T16:40:13.322+0300","C":"worker/pool.go:45","M":"worker started","worker number":9}
{"L":"DEBUG","T":"2026-09-06T16:40:13.322+0300","C":"worker/pool.go:45","M":"worker started","worker number":3}
{"L":"DEBUG","T":"2026-09-06T16:40:13.322+0300","C":"worker/pool.go:45","M":"worker started","worker number":1}
{"L":"DEBUG","T":"2026-09-06T16:40:13.322+0300","C":"worker/pool.go:45","M":"worker started","worker number":4}
{"L":"DEBUG","T":"2026-09-06T16:40:13.323+0300","C":"worker/pool.go:45","M":"worker started","worker number":10}
{"L":"DEBUG","T":"2026-09-06T16:40:13.323+0300","C":"worker/pool.go:45","M":"worker started","worker number":2}
{"L":"DEBUG","T":"2026-09-06T16:40:18.081+0300","C":"storage/interface.go:26","M":"Successfully uploaded to gophprofile//originals/user1/test_image.png"}
{"L":"DEBUG","T":"2026-09-06T16:40:18.087+0300","C":"worker/rabbitmq.go:153","M":"message has been delivered to broker successfully"}
{"L":"DEBUG","T":"2026-09-06T16:40:28.439+0300","C":"storage/interface.go:26","M":"Successfully uploaded to gophprofile//originals/user1/test_image.png"}
{"L":"DEBUG","T":"2026-09-06T16:40:28.445+0300","C":"worker/rabbitmq.go:153","M":"message has been delivered to broker successfully"}
{"L":"INFO","T":"2026-09-06T16:41:21.395+0300","C":"server/app.go:44","M":"shutting the app down"}
{"L":"INFO","T":"2026-09-06T16:41:21.396+0300","C":"server/app.go:55","M":"app closed gracefully"}
{"L":"INFO","T":"2026-09-06T16:41:32.124+0300","C":"app/app.go:67","M":"database connection initialized successfully"}
{"L":"DEBUG","T":"2026-09-06T16:41:32.143+0300","C":"worker/pool.go:45","M":"worker started","worker number":11}
{"L":"DEBUG","T":"2026-09-06T16:41:32.143+0300","C":"worker/pool.go:45","M":"worker started","worker number":2}
{"L":"DEBUG","T":"2026-09-06T16:41:32.143+0300","C":"worker/pool.go:45","M":"worker started","worker number":0}
{"L":"DEBUG","T":"2026-09-06T16:41:32.144+0300","C":"worker/pool.go:45","M":"worker started","worker number":1}
{"L":"DEBUG","T":"2026-09-06T16:41:32.144+0300","C":"worker/pool.go:45","M":"worker started","worker number":5}
{"L":"DEBUG","T":"2026-09-06T16:41:32.144+0300","C":"worker/pool.go:45","M":"worker started","worker number":6}
{"L":"DEBUG","T":"2026-09-06T16:41:32.144+0300","C":"worker/pool.go:45","M":"worker started","worker number":3}
{"L":"DEBUG","T":"2026-09-06T16:41:32.144+0300","C":"worker/pool.go:45","M":"worker started","worker number":7}
{"L":"DEBUG","T":"2026-09-06T16:41:32.144+0300","C":"worker/pool.go:45","M":"worker started","worker number":8}
{"L":"DEBUG","T":"2026-09-06T16:41:32.144+0300","C":"worker/pool.go:45","M":"worker started","worker number":9}
{"L":"DEBUG","T":"2026-09-06T16:41:32.145+0300","C":"worker/pool.go:45","M":"worker started","worker number":10}
{"L":"DEBUG","T":"2026-09-06T16:41:32.145+0300","C":"worker/pool.go:45","M":"worker started","worker number":4}
{"L":"DEBUG","T":"2026-09-06T16:41:34.983+0300","C":"storage/interface.go:26","M":"Successfully uploaded to gophprofile//originals/user1/test_image.png"}
{"L":"DEBUG","T":"2026-09-06T16:41:34.987+0300","C":"worker/rabbitmq.go:153","M":"message has been delivered to broker successfully"}
{"L":"INFO","T":"2026-09-06T16:41:47.527+0300","C":"server/app.go:44","M":"shutting the app down"}
{"L":"INFO","T":"2026-09-06T16:41:47.527+0300","C":"server/app.go:55","M":"app closed gracefully"}
{"L":"INFO","T":"2026-09-06T16:41:49.303+0300","C":"app/app.go:67","M":"database connection initialized successfully"}
{"L":"DEBUG","T":"2026-09-06T16:41:49.316+0300","C":"worker/pool.go:45","M":"worker started","worker number":11}
{"L":"DEBUG","T":"2026-09-06T16:41:49.316+0300","C":"worker/pool.go:45","M":"worker started","worker number":0}
{"L":"DEBUG","T":"2026-09-06T16:41:49.317+0300","C":"worker/pool.go:45","M":"worker started","worker number":7}
{"L":"DEBUG","T":"2026-09-06T16:41:49.317+0300","C":"worker/pool.go:45","M":"worker started","worker number":10}
{"L":"DEBUG","T":"2026-09-06T16:41:49.317+0300","C":"worker/pool.go:45","M":"worker started","worker number":1}
{"L":"DEBUG","T":"2026-09-06T16:41:49.318+0300","C":"worker/pool.go:45","M":"worker started","worker number":3}
{"L":"DEBUG","T":"2026-09-06T16:41:49.318+0300","C":"worker/pool.go:45","M":"worker started","worker number":2}
{"L":"DEBUG","T":"2026-09-06T16:41:49.318+0300","C":"worker/pool.go:45","M":"worker started","worker number":4}
{"L":"DEBUG","T":"2026-09-06T16:41:49.318+0300","C":"worker/pool.go:45","M":"worker started","worker number":8}
{"L":"DEBUG","T":"2026-09-06T16:41:49.318+0300","C":"worker/pool.go:45","M":"worker started","worker number":9}
{"L":"DEBUG","T":"2026-09-06T16:41:49.318+0300","C":"worker/pool.go:45","M":"worker started","worker number":5}
{"L":"DEBUG","T":"2026-09-06T16:41:49.319+0300","C":"worker/pool.go:45","M":"worker started","worker number":6}
{"L":"DEBUG","T":"2026-09-06T16:41:52.642+0300","C":"storage/interface.go:26","M":"Successfully uploaded to gophprofile//originals/user1/test_image.png"}
{"L":"DEBUG","T":"2026-09-06T16:41:52.648+0300","C":"worker/rabbitmq.go:153","M":"message has been delivered to broker successfully"}
{"L":"INFO","T":"2026-09-06T16:42:46.442+0300","C":"server/app.go:44","M":"shutting the app down"}
{"L":"INFO","T":"2026-09-06T16:42:46.443+0300","C":"server/app.go:55","M":"app closed gracefully"}
{"L":"INFO","T":"2026-09-06T16:42:48.885+0300","C":"app/app.go:67","M":"database connection initialized successfully"}
{"L":"DEBUG","T":"2026-09-06T16:42:48.900+0300","C":"worker/pool.go:45","M":"worker started","worker number":11}
{"L":"DEBUG","T":"2026-09-06T16:42:48.900+0300","C":"worker/pool.go:45","M":"worker started","worker number":5}
{"L":"DEBUG","T":"2026-09-06T16:42:48.900+0300","C":"worker/pool.go:45","M":"worker started","worker number":3}
{"L":"DEBUG","T":"2026-09-06T16:42:48.900+0300","C":"worker/pool.go:45","M":"worker started","worker number":4}
{"L":"DEBUG","T":"2026-09-06T16:42:48.900+0300","C":"worker/pool.go:45","M":"worker started","worker number":2}
{"L":"DEBUG","T":"2026-09-06T16:42:48.900+0300","C":"worker/pool.go:45","M":"worker started","worker number":9}
{"L":"DEBUG","T":"2026-09-06T16:42:48.901+0300","C":"worker/pool.go:45","M":"worker started","worker number":10}
{"L":"DEBUG","T":"2026-09-06T16:42:48.901+0300","C":"worker/pool.go:45","M":"worker started","worker number":6}
{"L":"DEBUG","T":"2026-09-06T16:42:48.901+0300","C":"worker/pool.go:45","M":"worker started","worker number":0}
{"L":"DEBUG","T":"2026-09-06T16:42:48.901+0300","C":"worker/pool.go:45","M":"worker started","worker number":8}
{"L":"DEBUG","T":"2026-09-06T16:42:48.901+0300","C":"worker/pool.go:45","M":"worker started","worker number":7}
{"L":"DEBUG","T":"2026-09-06T16:42:48.901+0300","C":"worker/pool.go:45","M":"worker started","worker number":1}
{"L":"DEBUG","T":"2026-09-06T16:42:52.220+0300","C":"storage/interface.go:26","M":"Successfully uploaded to gophprofile//originals/user1/test_image.png"}
{"L":"DEBUG","T":"2026-09-06T16:42:52.225+0300","C":"worker/rabbitmq.go:153","M":"message has been delivered to broker successfully"}
{"L":"INFO","T":"2026-09-06T16:43:31.382+0300","C":"server/app.go:44","M":"shutting the app down"}
{"L":"INFO","T":"2026-09-06T16:43:31.383+0300","C":"server/app.go:55","M":"app closed gracefully"}
{"L":"INFO","T":"2026-09-06T16:43:32.527+0300","C":"app/app.go:67","M":"database connection initialized successfully"}
{"L":"DEBUG","T":"2026-09-06T16:43:32.541+0300","C":"worker/pool.go:45","M":"worker started","worker number":11}
{"L":"DEBUG","T":"2026-09-06T16:43:32.541+0300","C":"worker/pool.go:45","M":"worker started","worker number":0}
{"L":"DEBUG","T":"2026-09-06T16:43:32.541+0300","C":"worker/pool.go:45","M":"worker started","worker number":4}
{"L":"DEBUG","T":"2026-09-06T16:43:32.541+0300","C":"worker/pool.go:45","M":"worker started","worker number":9}
{"L":"DEBUG","T":"2026-09-06T16:43:32.541+0300","C":"worker/pool.go:45","M":"worker started","worker number":7}
{"L":"DEBUG","T":"2026-09-06T16:43:32.541+0300","C":"worker/pool.go:45","M":"worker started","worker number":5}
{"L":"DEBUG","T":"2026-09-06T16:43:32.541+0300","C":"worker/pool.go:45","M":"worker started","worker number":2}
{"L":"DEBUG","T":"2026-09-06T16:43:32.542+0300","C":"worker/pool.go:45","M":"worker started","worker number":6}
{"L":"DEBUG","T":"2026-09-06T16:43:32.542+0300","C":"worker/pool.go:45","M":"worker started","worker number":3}
{"L":"DEBUG","T":"2026-09-06T16:43:32.542+0300","C":"worker/pool.go:45","M":"worker started","worker number":8}
{"L":"DEBUG","T":"2026-09-06T16:43:32.542+0300","C":"worker/pool.go:45","M":"worker started","worker number":10}
{"L":"DEBUG","T":"2026-09-06T16:43:32.542+0300","C":"worker/pool.go:45","M":"worker started","worker number":1}
{"L":"DEBUG","T":"2026-09-06T16:43:36.717+0300","C":"storage/interface.go:26","M":"Successfully uploaded to gophprofile//originals/user1/test_image.png"}
{"L":"DEBUG","T":"2026-09-06T16:43:36.723+0300","C":"worker/pool.go:90","M":"worker process ack done","worker id":4,"message id":"4e9c29f0-7f52-4fdd-8be1-127f8db88cb3"}
{"L":"DEBUG","T":"2026-09-06T16:43:36.724+0300","C":"worker/rabbitmq.go:153","M":"message has been delivered to broker successfully"}
{"L":"INFO","T":"2026-09-06T16:44:23.659+0300","C":"server/app.go:44","M":"shutting the app down"}
{"L":"INFO","T":"2026-09-06T16:44:23.660+0300","C":"server/app.go:55","M":"app closed gracefully"}
{"L":"INFO","T":"2026-09-06T16:44:25.595+0300","C":"app/app.go:67","M":"database connection initialized successfully"}
{"L":"DEBUG","T":"2026-09-06T16:44:25.608+0300","C":"worker/pool.go:45","M":"worker started","worker number":11}
{"L":"DEBUG","T":"2026-09-06T16:44:25.608+0300","C":"worker/pool.go:45","M":"worker started","worker number":3}
{"L":"DEBUG","T":"2026-09-06T16:44:25.609+0300","C":"worker/pool.go:45","M":"worker started","worker number":7}
{"L":"DEBUG","T":"2026-09-06T16:44:25.609+0300","C":"worker/pool.go:45","M":"worker started","worker number":10}
{"L":"DEBUG","T":"2026-09-06T16:44:25.609+0300","C":"worker/pool.go:45","M":"worker started","worker number":8}
{"L":"DEBUG","T":"2026-09-06T16:44:25.609+0300","C":"worker/pool.go:45","M":"worker started","worker number":4}
{"L":"DEBUG","T":"2026-09-06T16:44:25.609+0300","C":"worker/pool.go:45","M":"worker started","worker number":6}
{"L":"DEBUG","T":"2026-09-06T16:44:25.609+0300","C":"worker/pool.go:45","M":"worker started","worker number":5}
{"L":"DEBUG","T":"2026-09-06T16:44:25.610+0300","C":"worker/pool.go:45","M":"worker started","worker number":0}
{"L":"DEBUG","T":"2026-09-06T16:44:25.610+0300","C":"worker/pool.go:45","M":"worker started","worker number":2}
{"L":"DEBUG","T":"2026-09-06T16:44:25.610+0300","C":"worker/pool.go:45","M":"worker started","worker number":1}
{"L":"DEBUG","T":"2026-09-06T16:44:25.610+0300","C":"worker/pool.go:45","M":"worker started","worker number":9}
{"L":"DEBUG","T":"2026-09-06T16:44:35.065+0300","C":"worker/pool.go:90","M":"worker process ack done","worker id":8,"message id":"4e9c29f0-7f52-4fdd-8be1-127f8db88cb3"}
{"L":"INFO","T":"2026-09-06T16:44:35.067+0300","C":"server/app.go:44","M":"shutting the app down"}
{"L":"DEBUG","T":"2026-09-06T16:44:35.070+0300","C":"storage/interface.go:26","M":"Successfully uploaded to gophprofile//originals/user1/test_image.png"}
{"L":"DEBUG","T":"2026-09-06T16:44:35.075+0300","C":"worker/pool.go:90","M":"worker process ack done","worker id":4,"message id":"93832323-1204-4529-8d50-a395ff45ff3f"}
{"L":"DEBUG","T":"2026-09-06T16:44:35.076+0300","C":"worker/rabbitmq.go:153","M":"message has been delivered to broker successfully"}
{"L":"INFO","T":"2026-09-06T16:44:35.084+0300","C":"server/app.go:55","M":"app closed gracefully"}
{"L":"INFO","T":"2026-09-06T16:44:44.660+0300","C":"app/app.go:67","M":"database connection initialized successfully"}
{"L":"DEBUG","T":"2026-09-06T16:44:44.676+0300","C":"worker/pool.go:45","M":"worker started","worker number":2}
{"L":"DEBUG","T":"2026-09-06T16:44:44.676+0300","C":"worker/pool.go:45","M":"worker started","worker number":7}
{"L":"DEBUG","T":"2026-09-06T16:44:44.676+0300","C":"worker/pool.go:45","M":"worker started","worker number":6}
{"L":"DEBUG","T":"2026-09-06T16:44:44.676+0300","C":"worker/pool.go:45","M":"worker started","worker number":8}
{"L":"DEBUG","T":"2026-09-06T16:44:44.677+0300","C":"worker/pool.go:45","M":"worker started","worker number":3}
{"L":"DEBUG","T":"2026-09-06T16:44:44.677+0300","C":"worker/pool.go:45","M":"worker started","worker number":9}
{"L":"DEBUG","T":"2026-09-06T16:44:44.677+0300","C":"worker/pool.go:45","M":"worker started","worker number":5}
{"L":"DEBUG","T":"2026-09-06T16:44:44.677+0300","C":"worker/pool.go:45","M":"worker started","worker number":0}
{"L":"DEBUG","T":"2026-09-06T16:44:44.677+0300","C":"worker/pool.go:45","M":"worker started","worker number":1}
{"L":"DEBUG","T":"2026-09-06T16:44:44.677+0300","C":"worker/pool.go:45","M":"worker started","worker number":4}
{"L":"DEBUG","T":"2026-09-06T16:44:44.678+0300","C":"worker/pool.go:45","M":"worker started","worker number":10}
{"L":"DEBUG","T":"2026-09-06T16:44:44.678+0300","C":"worker/pool.go:45","M":"worker started","worker number":11}
{"L":"DEBUG","T":"2026-09-06T16:44:44.679+0300","C":"worker/pool.go:90","M":"worker process ack done","worker id":6,"message id":"93832323-1204-4529-8d50-a395ff45ff3f"}
{"L":"DEBUG","T":"2026-09-06T16:44:44.679+0300","C":"worker/pool.go:90","M":"worker process ack done","worker id":8,"message id":"4e9c29f0-7f52-4fdd-8be1-127f8db88cb3"}
{"L":"INFO","T":"2026-09-06T16:56:42.259+0300","C":"server/app.go:44","M":"shutting the app down"}
{"L":"DEBUG","T":"2026-09-06T16:56:42.259+0300","C":"worker/pool.go:71","M":"broker queue is closed","worker id":0}
{"L":"DEBUG","T":"2026-09-06T16:56:42.260+0300","C":"worker/pool.go:71","M":"broker queue is closed","worker id":10}
{"L":"DEBUG","T":"2026-09-06T16:56:42.260+0300","C":"worker/pool.go:71","M":"broker queue is closed","worker id":9}
{"L":"ERROR","T":"2026-09-06T16:56:42.260+0300","C":"worker/pool.go:33","M":"worker failed","error":"broker queue is closed","S":"github.com/artni96/GophProfile/internal/worker.(*Pool).Launch.func1\n\t/Users/artni/Documents/Dev/GophProfile/internal/worker/pool.go:33\nsync.(*WaitGroup).Go.func1\n\t/Users/artni/go/pkg/mod/golang.org/toolchain@v0.0.1-go1.27.0.darwin-arm64/src/sync/waitgroup.go:258"}
{"L":"ERROR","T":"2026-09-06T16:56:42.260+0300","C":"worker/pool.go:33","M":"worker failed","error":"broker queue is closed","S":"github.com/artni96/GophProfile/internal/worker.(*Pool).Launch.func1\n\t/Users/artni/Documents/Dev/GophProfile/internal/worker/pool.go:33\nsync.(*WaitGroup).Go.func1\n\t/Users/artni/go/pkg/mod/golang.org/toolchain@v0.0.1-go1.27.0.darwin-arm64/src/sync/waitgroup.go:258"}
{"L":"DEBUG","T":"2026-09-06T16:56:42.260+0300","C":"worker/pool.go:71","M":"broker queue is closed","worker id":5}
{"L":"DEBUG","T":"2026-09-06T16:56:42.260+0300","C":"worker/pool.go:71","M":"broker queue is closed","worker id":4}
{"L":"ERROR","T":"2026-09-06T16:56:42.260+0300","C":"worker/pool.go:33","M":"worker failed","error":"broker queue is closed","S":"github.com/artni96/GophProfile/internal/worker.(*Pool).Launch.func1\n\t/Users/artni/Documents/Dev/GophProfile/internal/worker/pool.go:33\nsync.(*WaitGroup).Go.func1\n\t/Users/artni/go/pkg/mod/golang.org/toolchain@v0.0.1-go1.27.0.darwin-arm64/src/sync/waitgroup.go:258"}
{"L":"DEBUG","T":"2026-09-06T16:56:42.260+0300","C":"worker/pool.go:71","M":"broker queue is closed","worker id":2}
{"L":"ERROR","T":"2026-09-06T16:56:42.260+0300","C":"worker/pool.go:33","M":"worker failed","error":"broker queue is closed","S":"github.com/artni96/GophProfile/internal/worker.(*Pool).Launch.func1\n\t/Users/artni/Documents/Dev/GophProfile/internal/worker/pool.go:33\nsync.(*WaitGroup).Go.func1\n\t/Users/artni/go/pkg/mod/golang.org/toolchain@v0.0.1-go1.27.0.darwin-arm64/src/sync/waitgroup.go:258"}
{"L":"ERROR","T":"2026-09-06T16:56:42.260+0300","C":"worker/pool.go:33","M":"worker failed","error":"broker queue is closed","S":"github.com/artni96/GophProfile/internal/worker.(*Pool).Launch.func1\n\t/Users/artni/Documents/Dev/GophProfile/internal/worker/pool.go:33\nsync.(*WaitGroup).Go.func1\n\t/Users/artni/go/pkg/mod/golang.org/toolchain@v0.0.1-go1.27.0.darwin-arm64/src/sync/waitgroup.go:258"}
{"L":"ERROR","T":"2026-09-06T16:56:42.260+0300","C":"worker/pool.go:33","M":"worker failed","error":"broker queue is closed","S":"github.com/artni96/GophProfile/internal/worker.(*Pool).Launch.func1\n\t/Users/artni/Documents/Dev/GophProfile/internal/worker/pool.go:33\nsync.(*WaitGroup).Go.func1\n\t/Users/artni/go/pkg/mod/golang.org/toolchain@v0.0.1-go1.27.0.darwin-arm64/src/sync/waitgroup.go:258"}
{"L":"DEBUG","T":"2026-09-06T16:56:42.260+0300","C":"worker/pool.go:71","M":"broker queue is closed","worker id":1}
{"L":"DEBUG","T":"2026-09-06T16:56:42.260+0300","C":"worker/pool.go:71","M":"broker queue is closed","worker id":11}
{"L":"ERROR","T":"2026-09-06T16:56:42.260+0300","C":"worker/pool.go:33","M":"worker failed","error":"broker queue is closed","S":"github.com/artni96/GophProfile/internal/worker.(*Pool).Launch.func1\n\t/Users/artni/Documents/Dev/GophProfile/internal/worker/pool.go:33\nsync.(*WaitGroup).Go.func1\n\t/Users/artni/go/pkg/mod/golang.org/toolchain@v0.0.1-go1.27.0.darwin-arm64/src/sync/waitgroup.go:258"}
{"L":"DEBUG","T":"2026-09-06T16:56:42.260+0300","C":"worker/pool.go:71","M":"broker queue is closed","worker id":3}
{"L":"ERROR","T":"2026-09-06T16:56:42.260+0300","C":"worker/pool.go:33","M":"worker failed","error":"broker queue is closed","S":"github.com/artni96/GophProfile/internal/worker.(*Pool).Launch.func1\n\t/Users/artni/Documents/Dev/GophProfile/internal/worker/pool.go:33\nsync.(*WaitGroup).Go.func1\n\t/Users/artni/go/pkg/mod/golang.org/toolchain@v0.0.1-go1.27.0.darwin-arm64/src/sync/waitgroup.go:258"}
{"L":"DEBUG","T":"2026-09-06T16:56:42.260+0300","C":"worker/pool.go:71","M":"broker queue is closed","worker id":7}
{"L":"ERROR","T":"2026-09-06T16:56:42.260+0300","C":"worker/pool.go:33","M":"worker failed","error":"broker queue is closed","S":"github.com/artni96/GophProfile/internal/worker.(*Pool).Launch.func1\n\t/Users/artni/Documents/Dev/GophProfile/internal/worker/pool.go:33\nsync.(*WaitGroup).Go.func1\n\t/Users/artni/go/pkg/mod/golang.org/toolchain@v0.0.1-go1.27.0.darwin-arm64/src/sync/waitgroup.go:258"}
{"L":"ERROR","T":"2026-09-06T16:56:42.261+0300","C":"worker/pool.go:33","M":"worker failed","error":"broker queue is closed","S":"github.com/artni96/GophProfile/internal/worker.(*Pool).Launch.func1\n\t/Users/artni/Documents/Dev/GophProfile/internal/worker/pool.go:33\nsync.(*WaitGroup).Go.func1\n\t/Users/artni/go/pkg/mod/golang.org/toolchain@v0.0.1-go1.27.0.darwin-arm64/src/sync/waitgroup.go:258"}
{"L":"DEBUG","T":"2026-09-06T16:56:42.266+0300","C":"worker/pool.go:71","M":"broker queue is closed","worker id":6}
{"L":"DEBUG","T":"2026-09-06T16:56:42.267+0300","C":"storage/interface.go:26","M":"Successfully uploaded to gophprofile//originals/user1/test_image.png"}
{"L":"DEBUG","T":"2026-09-06T16:56:42.267+0300","C":"worker/pool.go:71","M":"broker queue is closed","worker id":8}
{"L":"ERROR","T":"2026-09-06T16:56:42.267+0300","C":"worker/pool.go:33","M":"worker failed","error":"broker queue is closed","S":"github.com/artni96/GophProfile/internal/worker.(*Pool).Launch.func1\n\t/Users/artni/Documents/Dev/GophProfile/internal/worker/pool.go:33\nsync.(*WaitGroup).Go.func1\n\t/Users/artni/go/pkg/mod/golang.org/toolchain@v0.0.1-go1.27.0.darwin-arm64/src/sync/waitgroup.go:258"}
{"L":"ERROR","T":"2026-09-06T16:56:42.267+0300","C":"worker/pool.go:33","M":"worker failed","error":"broker queue is closed","S":"github.com/artni96/GophProfile/internal/worker.(*Pool).Launch.func1\n\t/Users/artni/Documents/Dev/GophProfile/internal/worker/pool.go:33\nsync.(*WaitGroup).Go.func1\n\t/Users/artni/go/pkg/mod/golang.org/toolchain@v0.0.1-go1.27.0.darwin-arm64/src/sync/waitgroup.go:258"}
{"L":"ERROR","T":"2026-09-06T16:56:42.270+0300","C":"worker/rabbitmq.go:146","M":"failed to publish message","error":"Exception (504) Reason: \"channel/connection is not open\"","S":"github.com/artni96/GophProfile/internal/worker.(*Broker).Produce\n\t/Users/artni/Documents/Dev/GophProfile/internal/worker/rabbitmq.go:146\ngithub.com/artni96/GophProfile/internal/services/avatars.(*Service).Save\n\t/Users/artni/Documents/Dev/GophProfile/internal/services/avatars/avatars.go:115\ngithub.com/artni96/GophProfile/internal/handlers/avatars.(*AvatarHandler).Upload\n\t/Users/artni/Documents/Dev/GophProfile/internal/handlers/avatars/avatars.go:63\nnet/http.HandlerFunc.ServeHTTP\n\t/Users/artni/go/pkg/mod/golang.org/toolchain@v0.0.1-go1.27.0.darwin-arm64/src/net/http/server.go:2338\ngithub.com/go-chi/chi/v5.(*Mux).routeHTTP\n\t/Users/artni/go/pkg/mod/github.com/go-chi/chi/v5@v5.3.2/mux.go:483\nnet/http.HandlerFunc.ServeHTTP\n\t/Users/artni/go/pkg/mod/golang.org/toolchain@v0.0.1-go1.27.0.darwin-arm64/src/net/http/server.go:2338\ngithub.com/go-chi/chi/v5.(*Mux).ServeHTTP\n\t/Users/artni/go/pkg/mod/github.com/go-chi/chi/v5@v5.3.2/mux.go:73\ngithub.com/go-chi/chi/v5.(*Mux).Mount.func1\n\t/Users/artni/go/pkg/mod/github.com/go-chi/chi/v5@v5.3.2/mux.go:327\nnet/http.HandlerFunc.ServeHTTP\n\t/Users/artni/go/pkg/mod/golang.org/toolchain@v0.0.1-go1.27.0.darwin-arm64/src/net/http/server.go:2338\ngithub.com/go-chi/chi/v5.(*Mux).routeHTTP\n\t/Users/artni/go/pkg/mod/github.com/go-chi/chi/v5@v5.3.2/mux.go:483\nnet/http.HandlerFunc.ServeHTTP\n\t/Users/artni/go/pkg/mod/golang.org/toolchain@v0.0.1-go1.27.0.darwin-arm64/src/net/http/server.go:2338\ngithub.com/go-chi/chi/v5/middleware.Recoverer.func1\n\t/Users/artni/go/pkg/mod/github.com/go-chi/chi/v5@v5.3.2/middleware/recoverer.go:45\nnet/http.HandlerFunc.ServeHTTP\n\t/Users/artni/go/pkg/mod/golang.org/toolchain@v0.0.1-go1.27.0.darwin-arm64/src/net/http/server.go:2338\ngithub.com/go-chi/chi/v5/middleware.RequestID.func1\n\t/Users/artni/go/pkg/mod/github.com/go-chi/chi/v5@v5.3.2/middleware/request_id.go:76\nnet/http.HandlerFunc.ServeHTTP\n\t/Users/artni/go/pkg/mod/golang.org/toolchain@v0.0.1-go1.27.0.darwin-arm64/src/net/http/server.go:2338\ngithub.com/go-chi/chi/v5.(*Mux).ServeHTTP\n\t/Users/artni/go/pkg/mod/github.com/go-chi/chi/v5@v5.3.2/mux.go:73\ngithub.com/go-chi/chi/v5.(*Mux).Mount.func1\n\t/Users/artni/go/pkg/mod/github.com/go-chi/chi/v5@v5.3.2/mux.go:327\nnet/http.HandlerFunc.ServeHTTP\n\t/Users/artni/go/pkg/mod/golang.org/toolchain@v0.0.1-go1.27.0.darwin-arm64/src/net/http/server.go:2338\ngithub.com/go-chi/chi/v5.(*Mux).routeHTTP\n\t/Users/artni/go/pkg/mod/github.com/go-chi/chi/v5@v5.3.2/mux.go:483\nnet/http.HandlerFunc.ServeHTTP\n\t/Users/artni/go/pkg/mod/golang.org/toolchain@v0.0.1-go1.27.0.darwin-arm64/src/net/http/server.go:2338\ngithub.com/go-chi/chi/v5.(*Mux).ServeHTTP\n\t/Users/artni/go/pkg/mod/github.com/go-chi/chi/v5@v5.3.2/mux.go:90\nnet/http.serverHandler.ServeHTTP\n\t/Users/artni/go/pkg/mod/golang.org/toolchain@v0.0.1-go1.27.0.darwin-arm64/src/net/http/server.go:3413\nnet/http.(*conn).serve\n\t/Users/artni/go/pkg/mod/golang.org/toolchain@v0.0.1-go1.27.0.darwin-arm64/src/net/http/server.go:2137"}
{"L":"INFO","T":"2026-09-06T16:56:42.277+0300","C":"server/app.go:55","M":"app closed gracefully"}
{"L":"INFO","T":"2026-09-06T16:56:46.536+0300","C":"app/app.go:67","M":"database connection initialized successfully"}
{"L":"DEBUG","T":"2026-09-06T16:56:46.552+0300","C":"worker/pool.go:82","M":"worker started","worker number":0}
{"L":"DEBUG","T":"2026-09-06T16:56:46.552+0300","C":"worker/pool.go:82","M":"worker started","worker number":10}
{"L":"DEBUG","T":"2026-09-06T16:56:46.552+0300","C":"worker/pool.go:82","M":"worker started","worker number":3}
{"L":"DEBUG","T":"2026-09-06T16:56:46.553+0300","C":"worker/pool.go:82","M":"worker started","worker number":2}
{"L":"DEBUG","T":"2026-09-06T16:56:46.553+0300","C":"worker/pool.go:82","M":"worker started","worker number":4}
{"L":"DEBUG","T":"2026-09-06T16:56:46.553+0300","C":"worker/pool.go:82","M":"worker started","worker number":1}
{"L":"DEBUG","T":"2026-09-06T16:56:46.553+0300","C":"worker/pool.go:82","M":"worker started","worker number":6}
{"L":"DEBUG","T":"2026-09-06T16:56:46.553+0300","C":"worker/pool.go:82","M":"worker started","worker number":7}
{"L":"DEBUG","T":"2026-09-06T16:56:46.553+0300","C":"worker/pool.go:82","M":"worker started","worker number":8}
{"L":"DEBUG","T":"2026-09-06T16:56:46.553+0300","C":"worker/pool.go:82","M":"worker started","worker number":9}
{"L":"DEBUG","T":"2026-09-06T16:56:46.554+0300","C":"worker/pool.go:82","M":"worker started","worker number":5}
{"L":"DEBUG","T":"2026-09-06T16:56:50.401+0300","C":"storage/interface.go:26","M":"Successfully uploaded to gophprofile//originals/user1/test_image.png"}
{"L":"DEBUG","T":"2026-09-06T16:56:50.407+0300","C":"worker/pool.go:129","M":"worker process ack done","worker id":6,"message id":"c0e33f7f-0f73-4f78-81c9-eef5872dfe3c"}
{"L":"INFO","T":"2026-09-06T16:57:35.733+0300","C":"app/app.go:67","M":"database connection initialized successfully"}
{"L":"DEBUG","T":"2026-09-06T16:57:35.749+0300","C":"worker/pool.go:82","M":"worker started","worker number":4}
{"L":"DEBUG","T":"2026-09-06T16:57:35.749+0300","C":"worker/pool.go:82","M":"worker started","worker number":2}
{"L":"DEBUG","T":"2026-09-06T16:57:35.749+0300","C":"worker/pool.go:82","M":"worker started","worker number":0}
{"L":"DEBUG","T":"2026-09-06T16:57:35.750+0300","C":"worker/pool.go:82","M":"worker started","worker number":3}
{"L":"DEBUG","T":"2026-09-06T16:57:35.750+0300","C":"worker/pool.go:82","M":"worker started","worker number":7}
{"L":"DEBUG","T":"2026-09-06T16:57:35.750+0300","C":"worker/pool.go:82","M":"worker started","worker number":9}
{"L":"DEBUG","T":"2026-09-06T16:57:35.750+0300","C":"worker/pool.go:82","M":"worker started","worker number":5}
{"L":"DEBUG","T":"2026-09-06T16:57:35.751+0300","C":"worker/pool.go:82","M":"worker started","worker number":10}
{"L":"DEBUG","T":"2026-09-06T16:57:35.751+0300","C":"worker/pool.go:82","M":"worker started","worker number":6}
{"L":"DEBUG","T":"2026-09-06T16:57:35.751+0300","C":"worker/pool.go:82","M":"worker started","worker number":1}
{"L":"DEBUG","T":"2026-09-06T16:57:35.751+0300","C":"worker/pool.go:82","M":"worker started","worker number":8}
{"L":"DEBUG","T":"2026-09-06T16:57:37.198+0300","C":"storage/interface.go:26","M":"Successfully uploaded to gophprofile//originals/user1/test_image.png"}
{"L":"DEBUG","T":"2026-09-06T16:57:37.205+0300","C":"worker/rabbitmq.go:153","M":"message has been delivered to broker successfully"}
{"L":"INFO","T":"2026-09-06T16:58:14.157+0300","C":"server/app.go:44","M":"shutting the app down"}
{"L":"INFO","T":"2026-09-06T16:58:14.157+0300","C":"server/app.go:55","M":"app closed gracefully"}
{"L":"INFO","T":"2026-09-06T16:58:15.357+0300","C":"app/app.go:67","M":"database connection initialized successfully"}
{"L":"DEBUG","T":"2026-09-06T16:58:15.371+0300","C":"worker/pool.go:82","M":"worker started","worker number":6}
{"L":"DEBUG","T":"2026-09-06T16:58:15.371+0300","C":"worker/pool.go:82","M":"worker started","worker number":3}
{"L":"DEBUG","T":"2026-09-06T16:58:15.371+0300","C":"worker/pool.go:82","M":"worker started","worker number":2}
{"L":"DEBUG","T":"2026-09-06T16:58:15.372+0300","C":"worker/pool.go:82","M":"worker started","worker number":7}
{"L":"DEBUG","T":"2026-09-06T16:58:15.372+0300","C":"worker/pool.go:82","M":"worker started","worker number":0}
{"L":"DEBUG","T":"2026-09-06T16:58:15.372+0300","C":"worker/pool.go:82","M":"worker started","worker number":4}
{"L":"DEBUG","T":"2026-09-06T16:58:15.372+0300","C":"worker/pool.go:82","M":"worker started","worker number":8}
{"L":"DEBUG","T":"2026-09-06T16:58:15.372+0300","C":"worker/pool.go:82","M":"worker started","worker number":1}
{"L":"DEBUG","T":"2026-09-06T16:58:15.372+0300","C":"worker/pool.go:82","M":"worker started","worker number":5}
{"L":"DEBUG","T":"2026-09-06T16:58:15.373+0300","C":"worker/pool.go:82","M":"worker started","worker number":9}
{"L":"DEBUG","T":"2026-09-06T16:58:15.373+0300","C":"worker/pool.go:82","M":"worker started","worker number":10}
{"L":"DEBUG","T":"2026-09-06T16:58:16.502+0300","C":"storage/interface.go:26","M":"Successfully uploaded to gophprofile//originals/user1/test_image.png"}
{"L":"DEBUG","T":"2026-09-06T16:58:16.508+0300","C":"worker/rabbitmq.go:153","M":"message has been delivered to broker successfully"}
{"L":"INFO","T":"2026-09-06T16:59:11.825+0300","C":"server/app.go:44","M":"shutting the app down"}
{"L":"INFO","T":"2026-09-06T16:59:11.826+0300","C":"server/app.go:55","M":"app closed gracefully"}
{"L":"INFO","T":"2026-09-06T16:59:13.850+0300","C":"app/app.go:67","M":"database connection initialized successfully"}
{"L":"DEBUG","T":"2026-09-06T16:59:13.865+0300","C":"worker/pool.go:83","M":"worker started","worker number":0}
{"L":"DEBUG","T":"2026-09-06T16:59:13.865+0300","C":"worker/pool.go:83","M":"worker started","worker number":6}
{"L":"DEBUG","T":"2026-09-06T16:59:13.865+0300","C":"worker/pool.go:83","M":"worker started","worker number":4}
{"L":"DEBUG","T":"2026-09-06T16:59:13.865+0300","C":"worker/pool.go:83","M":"worker started","worker number":1}
{"L":"DEBUG","T":"2026-09-06T16:59:13.865+0300","C":"worker/pool.go:83","M":"worker started","worker number":5}
{"L":"DEBUG","T":"2026-09-06T16:59:13.865+0300","C":"worker/pool.go:83","M":"worker started","worker number":9}
{"L":"DEBUG","T":"2026-09-06T16:59:13.865+0300","C":"worker/pool.go:83","M":"worker started","worker number":2}
{"L":"DEBUG","T":"2026-09-06T16:59:13.865+0300","C":"worker/pool.go:51","M":"worker for dlq started","worker number":0}
{"L":"DEBUG","T":"2026-09-06T16:59:13.865+0300","C":"worker/pool.go:83","M":"worker started","worker number":7}
{"L":"DEBUG","T":"2026-09-06T16:59:13.865+0300","C":"worker/pool.go:83","M":"worker started","worker number":3}
{"L":"DEBUG","T":"2026-09-06T16:59:13.865+0300","C":"worker/pool.go:83","M":"worker started","worker number":10}
{"L":"DEBUG","T":"2026-09-06T16:59:13.865+0300","C":"worker/pool.go:83","M":"worker started","worker number":8}
{"L":"DEBUG","T":"2026-09-06T16:59:31.548+0300","C":"storage/interface.go:26","M":"Successfully uploaded to gophprofile//originals/user1/test_image.png"}
{"L":"INFO","T":"2026-09-06T17:00:10.856+0300","C":"app/app.go:67","M":"database connection initialized successfully"}
{"L":"DEBUG","T":"2026-09-06T17:00:10.866+0300","C":"worker/pool.go:51","M":"worker for dlq started","worker number":0}
{"L":"DEBUG","T":"2026-09-06T17:00:10.866+0300","C":"worker/pool.go:83","M":"worker started","worker number":1}
{"L":"DEBUG","T":"2026-09-06T17:00:10.866+0300","C":"worker/pool.go:83","M":"worker started","worker number":8}
{"L":"DEBUG","T":"2026-09-06T17:00:10.866+0300","C":"worker/pool.go:83","M":"worker started","worker number":6}
{"L":"DEBUG","T":"2026-09-06T17:00:10.866+0300","C":"worker/pool.go:83","M":"worker started","worker number":10}
{"L":"DEBUG","T":"2026-09-06T17:00:10.866+0300","C":"worker/pool.go:83","M":"worker started","worker number":7}
{"L":"DEBUG","T":"2026-09-06T17:00:10.866+0300","C":"worker/pool.go:83","M":"worker started","worker number":3}
{"L":"DEBUG","T":"2026-09-06T17:00:10.866+0300","C":"worker/pool.go:83","M":"worker started","worker number":2}
{"L":"DEBUG","T":"2026-09-06T17:00:10.866+0300","C":"worker/pool.go:83","M":"worker started","worker number":4}
{"L":"DEBUG","T":"2026-09-06T17:00:10.866+0300","C":"worker/pool.go:83","M":"worker started","worker number":9}
{"L":"DEBUG","T":"2026-09-06T17:00:10.866+0300","C":"worker/pool.go:83","M":"worker started","worker number":5}
{"L":"DEBUG","T":"2026-09-06T17:00:10.866+0300","C":"worker/pool.go:83","M":"worker started","worker number":0}
{"L":"DEBUG","T":"2026-09-06T17:00:25.817+0300","C":"storage/interface.go:26","M":"Successfully uploaded to gophprofile//originals/user1/test_image.png"}
{"L":"DEBUG","T":"2026-09-06T17:00:25.824+0300","C":"worker/pool.go:146","M":"сообщение не попало в DLQ"}
{"L":"DEBUG","T":"2026-09-06T17:00:25.825+0300","C":"worker/rabbitmq.go:153","M":"message has been delivered to broker successfully"}
{"L":"DEBUG","T":"2026-09-06T17:00:28.778+0300","C":"storage/interface.go:26","M":"Successfully uploaded to gophprofile//originals/user1/test_image.png"}
{"L":"DEBUG","T":"2026-09-06T17:00:28.782+0300","C":"worker/pool.go:146","M":"сообщение не попало в DLQ"}
{"L":"DEBUG","T":"2026-09-06T17:00:28.783+0300","C":"worker/rabbitmq.go:153","M":"message has been delivered to broker successfully"}
{"L":"INFO","T":"2026-09-06T17:02:44.627+0300","C":"server/app.go:44","M":"shutting the app down"}
{"L":"INFO","T":"2026-09-06T17:02:44.627+0300","C":"server/app.go:55","M":"app closed gracefully"}
{"L":"INFO","T":"2026-09-06T17:05:27.461+0300","C":"app/app.go:67","M":"database connection initialized successfully"}
{"L":"DEBUG","T":"2026-09-06T17:05:27.476+0300","C":"worker/pool.go:82","M":"worker started","worker number":9}
{"L":"DEBUG","T":"2026-09-06T17:05:27.476+0300","C":"worker/pool.go:82","M":"worker started","worker number":7}
{"L":"DEBUG","T":"2026-09-06T17:05:27.476+0300","C":"worker/pool.go:82","M":"worker started","worker number":3}
{"L":"DEBUG","T":"2026-09-06T17:05:27.476+0300","C":"worker/pool.go:82","M":"worker started","worker number":5}
{"L":"DEBUG","T":"2026-09-06T17:05:27.476+0300","C":"worker/pool.go:82","M":"worker started","worker number":10}
{"L":"DEBUG","T":"2026-09-06T17:05:27.476+0300","C":"worker/pool.go:82","M":"worker started","worker number":8}
{"L":"DEBUG","T":"2026-09-06T17:05:27.476+0300","C":"worker/pool.go:50","M":"worker for dlq started","worker number":0}
{"L":"DEBUG","T":"2026-09-06T17:05:27.476+0300","C":"worker/pool.go:82","M":"worker started","worker number":1}
{"L":"DEBUG","T":"2026-09-06T17:05:27.476+0300","C":"worker/pool.go:82","M":"worker started","worker number":4}
{"L":"DEBUG","T":"2026-09-06T17:05:27.476+0300","C":"worker/pool.go:82","M":"worker started","worker number":0}
{"L":"DEBUG","T":"2026-09-06T17:05:27.476+0300","C":"worker/pool.go:82","M":"worker started","worker number":2}
{"L":"DEBUG","T":"2026-09-06T17:05:27.476+0300","C":"worker/pool.go:82","M":"worker started","worker number":6}
{"L":"INFO","T":"2026-09-06T17:12:12.218+0300","C":"server/app.go:44","M":"shutting the app down"}
{"L":"INFO","T":"2026-09-06T17:12:12.218+0300","C":"server/app.go:55","M":"app closed gracefully"}
{"L":"INFO","T":"2026-09-06T17:12:14.311+0300","C":"app/app.go:67","M":"database connection initialized successfully"}
{"L":"DEBUG","T":"2026-09-06T17:12:14.326+0300","C":"worker/pool.go:84","M":"worker started","worker number":4}
{"L":"DEBUG","T":"2026-09-06T17:12:14.326+0300","C":"worker/pool.go:84","M":"worker started","worker number":8}
{"L":"DEBUG","T":"2026-09-06T17:12:14.327+0300","C":"worker/pool.go:84","M":"worker started","worker number":6}
{"L":"DEBUG","T":"2026-09-06T17:12:14.326+0300","C":"worker/pool.go:84","M":"worker started","worker number":9}
{"L":"DEBUG","T":"2026-09-06T17:12:14.326+0300","C":"worker/pool.go:84","M":"worker started","worker number":10}
{"L":"DEBUG","T":"2026-09-06T17:12:14.326+0300","C":"worker/pool.go:84","M":"worker started","worker number":1}
{"L":"DEBUG","T":"2026-09-06T17:12:14.327+0300","C":"worker/pool.go:84","M":"worker started","worker number":7}
{"L":"DEBUG","T":"2026-09-06T17:12:14.326+0300","C":"worker/pool.go:84","M":"worker started","worker number":5}
{"L":"DEBUG","T":"2026-09-06T17:12:14.326+0300","C":"worker/pool.go:50","M":"worker for dlq started","worker number":0}
{"L":"DEBUG","T":"2026-09-06T17:12:14.326+0300","C":"worker/pool.go:84","M":"worker started","worker number":3}
{"L":"DEBUG","T":"2026-09-06T17:12:14.326+0300","C":"worker/pool.go:84","M":"worker started","worker number":2}
{"L":"DEBUG","T":"2026-09-06T17:12:14.327+0300","C":"worker/pool.go:84","M":"worker started","worker number":0}
{"L":"DEBUG","T":"2026-09-06T17:12:15.259+0300","C":"storage/interface.go:26","M":"Successfully uploaded to gophprofile//originals/user1/test_image.png"}
{"L":"DEBUG","T":"2026-09-06T17:12:15.265+0300","C":"worker/pool.go:145","M":"worker process ack done","worker id":2,"message id":"38d3d00c-7267-462f-a5f1-8cffe655a367"}
{"L":"DEBUG","T":"2026-09-06T17:12:15.267+0300","C":"worker/rabbitmq.go:156","M":"message has been delivered to broker successfully"}
{"L":"INFO","T":"2026-09-06T17:13:44.755+0300","C":"server/app.go:44","M":"shutting the app down"}
{"L":"INFO","T":"2026-09-06T17:13:44.756+0300","C":"server/app.go:55","M":"app closed gracefully"}
{"L":"INFO","T":"2026-09-06T17:13:46.816+0300","C":"app/app.go:67","M":"database connection initialized successfully"}
{"L":"DEBUG","T":"2026-09-06T17:13:46.832+0300","C":"worker/pool.go:50","M":"worker for dlq started","worker number":0}
{"L":"DEBUG","T":"2026-09-06T17:13:46.832+0300","C":"worker/pool.go:84","M":"worker started","worker number":3}
{"L":"DEBUG","T":"2026-09-06T17:13:46.832+0300","C":"worker/pool.go:84","M":"worker started","worker number":6}
{"L":"DEBUG","T":"2026-09-06T17:13:46.832+0300","C":"worker/pool.go:84","M":"worker started","worker number":10}
{"L":"DEBUG","T":"2026-09-06T17:13:46.832+0300","C":"worker/pool.go:84","M":"worker started","worker number":8}
{"L":"DEBUG","T":"2026-09-06T17:13:46.832+0300","C":"worker/pool.go:84","M":"worker started","worker number":0}
{"L":"DEBUG","T":"2026-09-06T17:13:46.832+0300","C":"worker/pool.go:84","M":"worker started","worker number":5}
{"L":"DEBUG","T":"2026-09-06T17:13:46.832+0300","C":"worker/pool.go:84","M":"worker started","worker number":1}
{"L":"DEBUG","T":"2026-09-06T17:13:46.832+0300","C":"worker/pool.go:84","M":"worker started","worker number":9}
{"L":"DEBUG","T":"2026-09-06T17:13:46.832+0300","C":"worker/pool.go:84","M":"worker started","worker number":7}
{"L":"DEBUG","T":"2026-09-06T17:13:46.832+0300","C":"worker/pool.go:84","M":"worker started","worker number":4}
{"L":"DEBUG","T":"2026-09-06T17:13:46.832+0300","C":"worker/pool.go:84","M":"worker started","worker number":2}
{"L":"DEBUG","T":"2026-09-06T17:13:48.156+0300","C":"storage/interface.go:26","M":"Successfully uploaded to gophprofile//originals/user1/test_image.png"}
{"L":"INFO","T":"2026-09-06T17:21:55.419+0300","C":"app/app.go:67","M":"database connection initialized successfully"}
{"L":"DEBUG","T":"2026-09-06T17:21:55.429+0300","C":"worker/pool.go:87","M":"worker started","worker number":5}
{"L":"DEBUG","T":"2026-09-06T17:21:55.429+0300","C":"worker/pool.go:87","M":"worker started","worker number":8}
{"L":"DEBUG","T":"2026-09-06T17:21:55.429+0300","C":"worker/pool.go:87","M":"worker started","worker number":4}
{"L":"DEBUG","T":"2026-09-06T17:21:55.429+0300","C":"worker/pool.go:87","M":"worker started","worker number":6}
{"L":"DEBUG","T":"2026-09-06T17:21:55.429+0300","C":"worker/pool.go:87","M":"worker started","worker number":7}
{"L":"DEBUG","T":"2026-09-06T17:21:55.429+0300","C":"worker/pool.go:87","M":"worker started","worker number":10}
{"L":"DEBUG","T":"2026-09-06T17:21:55.429+0300","C":"worker/pool.go:87","M":"worker started","worker number":2}
{"L":"DEBUG","T":"2026-09-06T17:21:55.429+0300","C":"worker/pool.go:53","M":"worker for dlq started","worker number":0}
{"L":"DEBUG","T":"2026-09-06T17:21:55.429+0300","C":"worker/pool.go:87","M":"worker started","worker number":3}
{"L":"DEBUG","T":"2026-09-06T17:21:55.429+0300","C":"worker/pool.go:87","M":"worker started","worker number":0}
{"L":"DEBUG","T":"2026-09-06T17:21:55.429+0300","C":"worker/pool.go:87","M":"worker started","worker number":9}
{"L":"DEBUG","T":"2026-09-06T17:21:55.429+0300","C":"worker/pool.go:87","M":"worker started","worker number":1}
{"L":"DEBUG","T":"2026-09-06T17:21:55.432+0300","C":"worker/pool.go:142","M":"worker process ack done","worker id":2,"message id":"ba4f80ca-8648-4dad-aa3f-aafdf774fc47"}
{"L":"DEBUG","T":"2026-09-06T17:22:18.859+0300","C":"storage/interface.go:26","M":"Successfully uploaded to gophprofile//originals/user1/test_image.png"}
{"L":"DEBUG","T":"2026-09-06T17:22:18.864+0300","C":"worker/pool.go:142","M":"worker process ack done","worker id":2,"message id":"0dfa345c-a3d2-4bd0-8e20-d8049fd504ee"}
{"L":"DEBUG","T":"2026-09-06T17:22:18.866+0300","C":"worker/rabbitmq.go:156","M":"message has been delivered to broker successfully"}
{"L":"DEBUG","T":"2026-09-06T17:22:31.825+0300","C":"storage/interface.go:26","M":"Successfully uploaded to gophprofile//originals/user1/test_image.png"}
{"L":"DEBUG","T":"2026-09-06T17:22:31.828+0300","C":"worker/pool.go:142","M":"worker process ack done","worker id":10,"message id":"e95e66f2-722f-4836-b0f4-ca3da15c1d02"}
{"L":"DEBUG","T":"2026-09-06T17:22:31.830+0300","C":"worker/rabbitmq.go:156","M":"message has been delivered to broker successfully"}
{"L":"DEBUG","T":"2026-09-06T17:22:32.884+0300","C":"storage/interface.go:26","M":"Successfully uploaded to gophprofile//originals/user1/test_image.png"}
{"L":"DEBUG","T":"2026-09-06T17:22:32.886+0300","C":"worker/pool.go:142","M":"worker process ack done","worker id":7,"message id":"2569d3ac-0bb3-4f63-97f5-7bb56a6f9687"}
{"L":"DEBUG","T":"2026-09-06T17:22:32.887+0300","C":"worker/rabbitmq.go:156","M":"message has been delivered to broker successfully"}
{"L":"INFO","T":"2026-09-06T17:32:33.939+0300","C":"server/app.go:44","M":"shutting the app down"}
{"L":"INFO","T":"2026-09-06T17:32:33.940+0300","C":"server/app.go:55","M":"app closed gracefully"}
{"L":"INFO","T":"2026-09-06T17:33:00.817+0300","C":"app/app.go:67","M":"database connection initialized successfully"}
{"L":"DEBUG","T":"2026-09-06T17:33:00.837+0300","C":"worker/pool.go:53","M":"worker for dlq started","worker number":0}
{"L":"DEBUG","T":"2026-09-06T17:33:00.838+0300","C":"worker/pool.go:92","M":"worker started","worker number":3}
{"L":"DEBUG","T":"2026-09-06T17:33:00.838+0300","C":"worker/pool.go:92","M":"worker started","worker number":9}
{"L":"DEBUG","T":"2026-09-06T17:33:00.837+0300","C":"worker/pool.go:92","M":"worker started","worker number":8}
{"L":"DEBUG","T":"2026-09-06T17:33:00.838+0300","C":"worker/pool.go:92","M":"worker started","worker number":6}
{"L":"DEBUG","T":"2026-09-06T17:33:00.838+0300","C":"worker/pool.go:92","M":"worker started","worker number":1}
{"L":"DEBUG","T":"2026-09-06T17:33:00.838+0300","C":"worker/pool.go:92","M":"worker started","worker number":7}
{"L":"DEBUG","T":"2026-09-06T17:33:00.838+0300","C":"worker/pool.go:92","M":"worker started","worker number":10}
{"L":"DEBUG","T":"2026-09-06T17:33:00.838+0300","C":"worker/pool.go:92","M":"worker started","worker number":4}
{"L":"DEBUG","T":"2026-09-06T17:33:00.837+0300","C":"worker/pool.go:92","M":"worker started","worker number":5}
{"L":"DEBUG","T":"2026-09-06T17:33:00.838+0300","C":"worker/pool.go:92","M":"worker started","worker number":2}
{"L":"DEBUG","T":"2026-09-06T17:33:00.838+0300","C":"worker/pool.go:92","M":"worker started","worker number":0}
{"L":"INFO","T":"2026-09-06T17:33:04.323+0300","C":"server/app.go:44","M":"shutting the app down"}
{"L":"INFO","T":"2026-09-06T17:33:04.323+0300","C":"server/app.go:55","M":"app closed gracefully"}
{"L":"INFO","T":"2026-09-06T17:33:22.812+0300","C":"app/app.go:67","M":"database connection initialized successfully"}
{"L":"DEBUG","T":"2026-09-06T17:33:22.834+0300","C":"worker/pool.go:92","M":"worker started","worker number":10}
{"L":"DEBUG","T":"2026-09-06T17:33:22.834+0300","C":"worker/pool.go:92","M":"worker started","worker number":0}
{"L":"DEBUG","T":"2026-09-06T17:33:22.834+0300","C":"worker/pool.go:92","M":"worker started","worker number":4}
{"L":"DEBUG","T":"2026-09-06T17:33:22.834+0300","C":"worker/pool.go:92","M":"worker started","worker number":2}
{"L":"DEBUG","T":"2026-09-06T17:33:22.834+0300","C":"worker/pool.go:92","M":"worker started","worker number":7}
{"L":"DEBUG","T":"2026-09-06T17:33:22.834+0300","C":"worker/pool.go:92","M":"worker started","worker number":6}
{"L":"DEBUG","T":"2026-09-06T17:33:22.834+0300","C":"worker/pool.go:53","M":"worker for dlq started","worker number":0}
{"L":"DEBUG","T":"2026-09-06T17:33:22.834+0300","C":"worker/pool.go:92","M":"worker started","worker number":1}
{"L":"DEBUG","T":"2026-09-06T17:33:22.834+0300","C":"worker/pool.go:92","M":"worker started","worker number":3}
{"L":"DEBUG","T":"2026-09-06T17:33:22.834+0300","C":"worker/pool.go:92","M":"worker started","worker number":5}
{"L":"DEBUG","T":"2026-09-06T17:33:22.834+0300","C":"worker/pool.go:92","M":"worker started","worker number":9}
{"L":"DEBUG","T":"2026-09-06T17:33:22.834+0300","C":"worker/pool.go:92","M":"worker started","worker number":8}
{"L":"INFO","T":"2026-09-06T17:38:18.419+0300","C":"server/app.go:44","M":"shutting the app down"}
{"L":"INFO","T":"2026-09-06T17:38:18.419+0300","C":"server/app.go:55","M":"app closed gracefully"}
{"L":"INFO","T":"2026-09-06T17:38:36.717+0300","C":"app/app.go:67","M":"database connection initialized successfully"}
{"L":"DEBUG","T":"2026-09-06T17:38:36.726+0300","C":"worker/pool.go:95","M":"worker started","worker number":2}
{"L":"DEBUG","T":"2026-09-06T17:38:36.726+0300","C":"worker/pool.go:53","M":"worker for dlq started"}
{"L":"DEBUG","T":"2026-09-06T17:38:36.726+0300","C":"worker/pool.go:95","M":"worker started","worker number":1}
{"L":"DEBUG","T":"2026-09-06T17:38:36.726+0300","C":"worker/pool.go:95","M":"worker started","worker number":5}
{"L":"DEBUG","T":"2026-09-06T17:38:36.726+0300","C":"worker/pool.go:95","M":"worker started","worker number":0}
{"L":"DEBUG","T":"2026-09-06T17:38:36.726+0300","C":"worker/pool.go:95","M":"worker started","worker number":6}
{"L":"DEBUG","T":"2026-09-06T17:38:36.726+0300","C":"worker/pool.go:95","M":"worker started","worker number":10}
{"L":"DEBUG","T":"2026-09-06T17:38:36.726+0300","C":"worker/pool.go:95","M":"worker started","worker number":3}
{"L":"DEBUG","T":"2026-09-06T17:38:36.726+0300","C":"worker/pool.go:95","M":"worker started","worker number":8}
{"L":"DEBUG","T":"2026-09-06T17:38:36.726+0300","C":"worker/pool.go:95","M":"worker started","worker number":9}
{"L":"DEBUG","T":"2026-09-06T17:38:36.726+0300","C":"worker/pool.go:95","M":"worker started","worker number":4}
{"L":"DEBUG","T":"2026-09-06T17:38:36.726+0300","C":"worker/pool.go:95","M":"worker started","worker number":7}
{"L":"DEBUG","T":"2026-09-06T17:38:41.707+0300","C":"worker/pool.go:70","M":"dql worker process done: grace context done"}
{"L":"DEBUG","T":"2026-09-06T17:38:41.707+0300","C":"worker/pool.go:122","M":"worker process done: grace context done","worker id":3}
{"L":"DEBUG","T":"2026-09-06T17:38:41.707+0300","C":"worker/pool.go:122","M":"worker process done: grace context done","worker id":0}
{"L":"DEBUG","T":"2026-09-06T17:38:41.707+0300","C":"worker/pool.go:122","M":"worker process done: grace context done","worker id":6}
{"L":"DEBUG","T":"2026-09-06T17:38:41.707+0300","C":"worker/pool.go:122","M":"worker process done: grace context done","worker id":4}
{"L":"DEBUG","T":"2026-09-06T17:38:41.707+0300","C":"worker/pool.go:122","M":"worker process done: grace context done","worker id":7}
{"L":"DEBUG","T":"2026-09-06T17:38:41.707+0300","C":"worker/pool.go:122","M":"worker process done: grace context done","worker id":8}
{"L":"DEBUG","T":"2026-09-06T17:38:41.707+0300","C":"worker/pool.go:122","M":"worker process done: grace context done","worker id":1}
{"L":"DEBUG","T":"2026-09-06T17:38:41.707+0300","C":"worker/pool.go:122","M":"worker process done: grace context done","worker id":2}
{"L":"DEBUG","T":"2026-09-06T17:38:41.707+0300","C":"worker/pool.go:122","M":"worker process done: grace context done","worker id":10}
{"L":"DEBUG","T":"2026-09-06T17:38:41.707+0300","C":"worker/pool.go:122","M":"worker process done: grace context done","worker id":5}
{"L":"DEBUG","T":"2026-09-06T17:38:41.707+0300","C":"worker/pool.go:122","M":"worker process done: grace context done","worker id":9}
{"L":"INFO","T":"2026-09-06T17:38:54.623+0300","C":"server/app.go:43","M":"shutting the app down"}
{"L":"INFO","T":"2026-09-06T17:38:54.623+0300","C":"server/app.go:51","M":"grace period has been expired - app closed forcefully"}
{"L":"INFO","T":"2026-09-06T17:38:55.985+0300","C":"app/app.go:67","M":"database connection initialized successfully"}
{"L":"DEBUG","T":"2026-09-06T17:38:55.999+0300","C":"worker/pool.go:95","M":"worker started","worker number":0}
{"L":"DEBUG","T":"2026-09-06T17:38:55.999+0300","C":"worker/pool.go:95","M":"worker started","worker number":2}
{"L":"DEBUG","T":"2026-09-06T17:38:55.999+0300","C":"worker/pool.go:53","M":"worker for dlq started"}
{"L":"DEBUG","T":"2026-09-06T17:38:55.999+0300","C":"worker/pool.go:95","M":"worker started","worker number":4}
{"L":"DEBUG","T":"2026-09-06T17:38:55.999+0300","C":"worker/pool.go:95","M":"worker started","worker number":5}
{"L":"DEBUG","T":"2026-09-06T17:38:55.999+0300","C":"worker/pool.go:95","M":"worker started","worker number":6}
{"L":"DEBUG","T":"2026-09-06T17:38:55.999+0300","C":"worker/pool.go:95","M":"worker started","worker number":9}
{"L":"DEBUG","T":"2026-09-06T17:38:55.999+0300","C":"worker/pool.go:95","M":"worker started","worker number":3}
{"L":"DEBUG","T":"2026-09-06T17:38:55.999+0300","C":"worker/pool.go:95","M":"worker started","worker number":7}
{"L":"DEBUG","T":"2026-09-06T17:38:55.999+0300","C":"worker/pool.go:95","M":"worker started","worker number":10}
{"L":"DEBUG","T":"2026-09-06T17:38:55.999+0300","C":"worker/pool.go:95","M":"worker started","worker number":1}
{"L":"DEBUG","T":"2026-09-06T17:38:55.999+0300","C":"worker/pool.go:95","M":"worker started","worker number":8}
{"L":"DEBUG","T":"2026-09-06T17:39:00.971+0300","C":"worker/pool.go:70","M":"dql worker process done: grace context done"}
{"L":"DEBUG","T":"2026-09-06T17:39:00.972+0300","C":"worker/pool.go:122","M":"worker process done: grace context done","worker id":5}
{"L":"DEBUG","T":"2026-09-06T17:39:00.973+0300","C":"worker/pool.go:122","M":"worker process done: grace context done","worker id":7}
{"L":"DEBUG","T":"2026-09-06T17:39:00.973+0300","C":"worker/pool.go:122","M":"worker process done: grace context done","worker id":3}
{"L":"DEBUG","T":"2026-09-06T17:39:00.973+0300","C":"worker/pool.go:122","M":"worker process done: grace context done","worker id":8}
{"L":"DEBUG","T":"2026-09-06T17:39:00.973+0300","C":"worker/pool.go:122","M":"worker process done: grace context done","worker id":1}
{"L":"DEBUG","T":"2026-09-06T17:39:00.973+0300","C":"worker/pool.go:122","M":"worker process done: grace context done","worker id":10}
{"L":"DEBUG","T":"2026-09-06T17:39:00.973+0300","C":"worker/pool.go:122","M":"worker process done: grace context done","worker id":0}
{"L":"DEBUG","T":"2026-09-06T17:39:00.973+0300","C":"worker/pool.go:122","M":"worker process done: grace context done","worker id":2}
{"L":"DEBUG","T":"2026-09-06T17:39:00.973+0300","C":"worker/pool.go:122","M":"worker process done: grace context done","worker id":4}
{"L":"DEBUG","T":"2026-09-06T17:39:00.973+0300","C":"worker/pool.go:122","M":"worker process done: grace context done","worker id":6}
{"L":"DEBUG","T":"2026-09-06T17:39:00.973+0300","C":"worker/pool.go:122","M":"worker process done: grace context done","worker id":9}
{"L":"INFO","T":"2026-09-06T17:44:29.293+0300","C":"server/app.go:43","M":"shutting the app down"}
{"L":"INFO","T":"2026-09-06T17:44:29.294+0300","C":"server/app.go:51","M":"grace period has been expired - app closed forcefully"}
{"L":"INFO","T":"2026-09-06T17:44:32.388+0300","C":"app/app.go:67","M":"database connection initialized successfully"}
{"L":"DEBUG","T":"2026-09-06T17:44:32.405+0300","C":"worker/pool.go:95","M":"worker started","worker number":2}
{"L":"DEBUG","T":"2026-09-06T17:44:32.405+0300","C":"worker/pool.go:95","M":"worker started","worker number":10}
{"L":"DEBUG","T":"2026-09-06T17:44:32.405+0300","C":"worker/pool.go:95","M":"worker started","worker number":6}
{"L":"DEBUG","T":"2026-09-06T17:44:32.405+0300","C":"worker/pool.go:95","M":"worker started","worker number":4}
{"L":"DEBUG","T":"2026-09-06T17:44:32.405+0300","C":"worker/pool.go:95","M":"worker started","worker number":0}
{"L":"DEBUG","T":"2026-09-06T17:44:32.405+0300","C":"worker/pool.go:95","M":"worker started","worker number":3}
{"L":"DEBUG","T":"2026-09-06T17:44:32.405+0300","C":"worker/pool.go:95","M":"worker started","worker number":9}
{"L":"DEBUG","T":"2026-09-06T17:44:32.405+0300","C":"worker/pool.go:95","M":"worker started","worker number":8}
{"L":"DEBUG","T":"2026-09-06T17:44:32.405+0300","C":"worker/pool.go:95","M":"worker started","worker number":7}
{"L":"DEBUG","T":"2026-09-06T17:44:32.405+0300","C":"worker/pool.go:95","M":"worker started","worker number":1}
{"L":"DEBUG","T":"2026-09-06T17:44:32.405+0300","C":"worker/pool.go:95","M":"worker started","worker number":5}
{"L":"DEBUG","T":"2026-09-06T17:44:32.405+0300","C":"worker/pool.go:53","M":"worker for dlq started"}
{"L":"INFO","T":"2026-09-06T20:39:40.601+0300","C":"app/app.go:67","M":"database connection initialized successfully"}
{"L":"DEBUG","T":"2026-09-06T20:39:52.211+0300","C":"worker/pool.go:56","M":"worker for dlq started"}
{"L":"DEBUG","T":"2026-09-06T20:39:52.211+0300","C":"worker/pool.go:98","M":"worker started","worker number":5}
{"L":"DEBUG","T":"2026-09-06T20:39:52.211+0300","C":"worker/pool.go:98","M":"worker started","worker number":9}
{"L":"DEBUG","T":"2026-09-06T20:39:52.211+0300","C":"worker/pool.go:98","M":"worker started","worker number":10}
{"L":"DEBUG","T":"2026-09-06T20:39:52.211+0300","C":"worker/pool.go:98","M":"worker started","worker number":2}
{"L":"DEBUG","T":"2026-09-06T20:39:52.211+0300","C":"worker/pool.go:98","M":"worker started","worker number":4}
{"L":"DEBUG","T":"2026-09-06T20:39:52.212+0300","C":"worker/pool.go:98","M":"worker started","worker number":6}
{"L":"DEBUG","T":"2026-09-06T20:39:52.211+0300","C":"worker/pool.go:98","M":"worker started","worker number":8}
{"L":"DEBUG","T":"2026-09-06T20:39:52.211+0300","C":"worker/pool.go:98","M":"worker started","worker number":1}
{"L":"DEBUG","T":"2026-09-06T20:39:52.211+0300","C":"worker/pool.go:98","M":"worker started","worker number":3}
{"L":"DEBUG","T":"2026-09-06T20:39:52.212+0300","C":"worker/pool.go:98","M":"worker started","worker number":7}
{"L":"DEBUG","T":"2026-09-06T20:39:52.212+0300","C":"worker/pool.go:98","M":"worker started","worker number":0}
{"L":"INFO","T":"2026-09-06T20:39:52.214+0300","C":"server/app.go:43","M":"shutting the app down"}
{"L":"INFO","T":"2026-09-06T20:39:52.214+0300","C":"server/app.go:51","M":"grace period has been expired - app closed forcefully"}
{"L":"INFO","T":"2026-09-06T20:40:29.442+0300","C":"app/app.go:67","M":"database connection initialized successfully"}
{"L":"DEBUG","T":"2026-09-06T20:40:29.461+0300","C":"worker/pool.go:98","M":"worker started","worker number":5}
{"L":"DEBUG","T":"2026-09-06T20:40:29.461+0300","C":"worker/pool.go:98","M":"worker started","worker number":4}
{"L":"DEBUG","T":"2026-09-06T20:40:29.461+0300","C":"worker/pool.go:98","M":"worker started","worker number":9}
{"L":"DEBUG","T":"2026-09-06T20:40:29.461+0300","C":"worker/pool.go:98","M":"worker started","worker number":10}
{"L":"DEBUG","T":"2026-09-06T20:40:29.461+0300","C":"worker/pool.go:98","M":"worker started","worker number":7}
{"L":"DEBUG","T":"2026-09-06T20:40:29.461+0300","C":"worker/pool.go:98","M":"worker started","worker number":6}
{"L":"DEBUG","T":"2026-09-06T20:40:29.461+0300","C":"worker/pool.go:56","M":"worker for dlq started"}
{"L":"DEBUG","T":"2026-09-06T20:40:29.461+0300","C":"worker/pool.go:98","M":"worker started","worker number":8}
{"L":"DEBUG","T":"2026-09-06T20:40:29.461+0300","C":"worker/pool.go:98","M":"worker started","worker number":1}
{"L":"DEBUG","T":"2026-09-06T20:40:29.461+0300","C":"worker/pool.go:98","M":"worker started","worker number":0}
{"L":"DEBUG","T":"2026-09-06T20:40:29.461+0300","C":"worker/pool.go:98","M":"worker started","worker number":3}
{"L":"DEBUG","T":"2026-09-06T20:40:29.461+0300","C":"worker/pool.go:98","M":"worker started","worker number":2}
{"L":"INFO","T":"2026-09-06T20:49:47.487+0300","C":"server/app.go:43","M":"shutting the app down"}
{"L":"INFO","T":"2026-09-06T20:49:47.487+0300","C":"server/app.go:51","M":"grace period has been expired - app closed forcefully"}
{"L":"INFO","T":"2026-09-06T21:37:31.781+0300","C":"app/app.go:67","M":"database connection initialized successfully"}
{"L":"DEBUG","T":"2026-09-06T21:37:31.798+0300","C":"worker/pool.go:106","M":"worker started","worker number":5}
{"L":"DEBUG","T":"2026-09-06T21:37:31.798+0300","C":"worker/pool.go:64","M":"worker for dlq started"}
{"L":"DEBUG","T":"2026-09-06T21:37:31.798+0300","C":"worker/pool.go:106","M":"worker started","worker number":9}
{"L":"DEBUG","T":"2026-09-06T21:37:31.798+0300","C":"worker/pool.go:106","M":"worker started","worker number":10}
{"L":"DEBUG","T":"2026-09-06T21:37:31.798+0300","C":"worker/pool.go:106","M":"worker started","worker number":0}
{"L":"DEBUG","T":"2026-09-06T21:37:31.798+0300","C":"worker/pool.go:106","M":"worker started","worker number":2}
{"L":"DEBUG","T":"2026-09-06T21:37:31.798+0300","C":"worker/pool.go:106","M":"worker started","worker number":1}
{"L":"DEBUG","T":"2026-09-06T21:37:31.798+0300","C":"worker/pool.go:106","M":"worker started","worker number":4}
{"L":"DEBUG","T":"2026-09-06T21:37:31.798+0300","C":"worker/pool.go:106","M":"worker started","worker number":6}
{"L":"DEBUG","T":"2026-09-06T21:37:31.798+0300","C":"worker/pool.go:106","M":"worker started","worker number":7}
{"L":"DEBUG","T":"2026-09-06T21:37:31.798+0300","C":"worker/pool.go:106","M":"worker started","worker number":3}
{"L":"DEBUG","T":"2026-09-06T21:37:31.798+0300","C":"worker/pool.go:106","M":"worker started","worker number":8}
{"L":"INFO","T":"2026-09-06T21:37:34.454+0300","C":"server/app.go:43","M":"shutting the app down"}
{"L":"INFO","T":"2026-09-06T21:37:34.455+0300","C":"server/app.go:54","M":"app closed gracefully"}
{"L":"INFO","T":"2026-09-06T21:40:16.600+0300","C":"app/app.go:67","M":"database connection initialized successfully"}
{"L":"DEBUG","T":"2026-09-06T21:40:16.618+0300","C":"worker/pool.go:106","M":"worker started","worker number":5}
{"L":"DEBUG","T":"2026-09-06T21:40:16.618+0300","C":"worker/pool.go:106","M":"worker started","worker number":6}
{"L":"DEBUG","T":"2026-09-06T21:40:16.618+0300","C":"worker/pool.go:106","M":"worker started","worker number":7}
{"L":"DEBUG","T":"2026-09-06T21:40:16.618+0300","C":"worker/pool.go:106","M":"worker started","worker number":9}
{"L":"DEBUG","T":"2026-09-06T21:40:16.618+0300","C":"worker/pool.go:106","M":"worker started","worker number":0}
{"L":"DEBUG","T":"2026-09-06T21:40:16.618+0300","C":"worker/pool.go:106","M":"worker started","worker number":2}
{"L":"DEBUG","T":"2026-09-06T21:40:16.618+0300","C":"worker/pool.go:106","M":"worker started","worker number":3}
{"L":"DEBUG","T":"2026-09-06T21:40:16.618+0300","C":"worker/pool.go:106","M":"worker started","worker number":4}
{"L":"DEBUG","T":"2026-09-06T21:40:16.618+0300","C":"worker/pool.go:106","M":"worker started","worker number":1}
{"L":"DEBUG","T":"2026-09-06T21:40:16.618+0300","C":"worker/pool.go:106","M":"worker started","worker number":10}
{"L":"DEBUG","T":"2026-09-06T21:40:16.618+0300","C":"worker/pool.go:106","M":"worker started","worker number":8}
{"L":"DEBUG","T":"2026-09-06T21:40:16.618+0300","C":"worker/pool.go:64","M":"worker for dlq started"}
{"L":"DEBUG","T":"2026-09-06T21:40:21.807+0300","C":"storage/interface.go:26","M":"Successfully uploaded to gophprofile//originals/user1/d1d2b8d6-bfb6-45a6-b90d-a8556bc50ce3"}
{"L":"DEBUG","T":"2026-09-06T21:40:21.816+0300","C":"worker/pool.go:163","M":"worker process ack done","worker id":6,"message id":"3baa846a-ee18-411f-84b7-ed9a8872e67e"}
{"L":"DEBUG","T":"2026-09-06T21:40:21.816+0300","C":"worker/rabbitmq.go:156","M":"message has been delivered to broker successfully"}
{"L":"INFO","T":"2026-09-06T22:51:11.020+0300","C":"server/app.go:43","M":"shutting the app down"}
{"L":"INFO","T":"2026-09-06T22:51:11.021+0300","C":"server/app.go:51","M":"grace period has been expired - app closed forcefully"}
{"L":"INFO","T":"2026-09-06T23:08:35.862+0300","C":"app/app.go:67","M":"database connection initialized successfully"}
{"L":"DEBUG","T":"2026-09-06T23:08:35.885+0300","C":"worker/pool.go:65","M":"worker for dlq started"}
{"L":"DEBUG","T":"2026-09-06T23:08:35.885+0300","C":"worker/pool.go:107","M":"worker started","worker number":3}
{"L":"DEBUG","T":"2026-09-06T23:08:35.885+0300","C":"worker/pool.go:107","M":"worker started","worker number":4}
{"L":"DEBUG","T":"2026-09-06T23:08:35.885+0300","C":"worker/pool.go:107","M":"worker started","worker number":1}
{"L":"DEBUG","T":"2026-09-06T23:08:35.885+0300","C":"worker/pool.go:107","M":"worker started","worker number":0}
{"L":"DEBUG","T":"2026-09-06T23:08:35.885+0300","C":"worker/pool.go:107","M":"worker started","worker number":10}
{"L":"DEBUG","T":"2026-09-06T23:08:35.885+0300","C":"worker/pool.go:107","M":"worker started","worker number":6}
{"L":"DEBUG","T":"2026-09-06T23:08:35.885+0300","C":"worker/pool.go:107","M":"worker started","worker number":2}
{"L":"DEBUG","T":"2026-09-06T23:08:35.885+0300","C":"worker/pool.go:107","M":"worker started","worker number":7}
{"L":"DEBUG","T":"2026-09-06T23:08:35.885+0300","C":"worker/pool.go:107","M":"worker started","worker number":5}
{"L":"DEBUG","T":"2026-09-06T23:08:35.885+0300","C":"worker/pool.go:107","M":"worker started","worker number":8}
{"L":"DEBUG","T":"2026-09-06T23:08:35.885+0300","C":"worker/pool.go:107","M":"worker started","worker number":9}
{"L":"DEBUG","T":"2026-09-06T23:08:41.419+0300","C":"storage/interface.go:26","M":"Successfully uploaded to gophprofile//originals/user1/a33da695-967b-4e7e-9d92-c56b76156237"}
{"L":"DEBUG","T":"2026-09-06T23:08:41.426+0300","C":"worker/pool.go:155","M":"failed to upload thumbnails","error":"image: unknown format"}
{"L":"DEBUG","T":"2026-09-06T23:08:41.426+0300","C":"worker/pool.go:155","M":"failed to upload thumbnails","error":"image: unknown format"}
{"L":"DEBUG","T":"2026-09-06T23:08:41.426+0300","C":"worker/pool.go:155","M":"failed to upload thumbnails","error":"image: unknown format"}
{"L":"DEBUG","T":"2026-09-06T23:08:41.426+0300","C":"worker/pool.go:161","M":"failed to upload thumbnails","error":"image: unknown format"}
{"L":"DEBUG","T":"2026-09-06T23:08:41.426+0300","C":"worker/pool.go:165","M":"message goes to images.dlq","message id":"43801f9c-0fb2-4ac0-bfe9-c60362cd8450","worker id":5}
{"L":"DEBUG","T":"2026-09-06T23:08:41.428+0300","C":"worker/rabbitmq.go:156","M":"message has been delivered to broker successfully"}
{"L":"DEBUG","T":"2026-09-06T23:08:41.430+0300","C":"worker/pool.go:101","M":"msg from images.dlq handled"}
{"L":"INFO","T":"2026-09-06T23:09:51.760+0300","C":"server/app.go:43","M":"shutting the app down"}
{"L":"INFO","T":"2026-09-06T23:09:51.761+0300","C":"server/app.go:51","M":"grace period has been expired - app closed forcefully"}
{"L":"INFO","T":"2026-09-06T23:09:54.032+0300","C":"app/app.go:67","M":"database connection initialized successfully"}
{"L":"DEBUG","T":"2026-09-06T23:09:57.162+0300","C":"worker/pool.go:107","M":"worker started","worker number":7}
{"L":"DEBUG","T":"2026-09-06T23:09:57.162+0300","C":"worker/pool.go:65","M":"worker for dlq started"}
{"L":"DEBUG","T":"2026-09-06T23:09:57.162+0300","C":"worker/pool.go:107","M":"worker started","worker number":6}
{"L":"DEBUG","T":"2026-09-06T23:09:57.162+0300","C":"worker/pool.go:107","M":"worker started","worker number":3}
{"L":"DEBUG","T":"2026-09-06T23:09:57.162+0300","C":"worker/pool.go:107","M":"worker started","worker number":5}
{"L":"DEBUG","T":"2026-09-06T23:09:57.162+0300","C":"worker/pool.go:107","M":"worker started","worker number":8}
{"L":"DEBUG","T":"2026-09-06T23:09:57.162+0300","C":"worker/pool.go:107","M":"worker started","worker number":2}
{"L":"DEBUG","T":"2026-09-06T23:09:57.162+0300","C":"worker/pool.go:107","M":"worker started","worker number":0}
{"L":"DEBUG","T":"2026-09-06T23:09:57.162+0300","C":"worker/pool.go:107","M":"worker started","worker number":10}
{"L":"DEBUG","T":"2026-09-06T23:09:57.162+0300","C":"worker/pool.go:107","M":"worker started","worker number":4}
{"L":"DEBUG","T":"2026-09-06T23:09:57.162+0300","C":"worker/pool.go:107","M":"worker started","worker number":9}
{"L":"DEBUG","T":"2026-09-06T23:09:57.162+0300","C":"worker/pool.go:107","M":"worker started","worker number":1}
{"L":"INFO","T":"2026-09-06T23:09:57.165+0300","C":"server/app.go:43","M":"shutting the app down"}
{"L":"INFO","T":"2026-09-06T23:09:57.165+0300","C":"server/app.go:54","M":"app closed gracefully"}
{"L":"INFO","T":"2026-09-06T23:09:57.878+0300","C":"app/app.go:67","M":"database connection initialized successfully"}
{"L":"DEBUG","T":"2026-09-06T23:09:57.888+0300","C":"worker/pool.go:65","M":"worker for dlq started"}
{"L":"DEBUG","T":"2026-09-06T23:09:57.888+0300","C":"worker/pool.go:107","M":"worker started","worker number":8}
{"L":"DEBUG","T":"2026-09-06T23:09:57.888+0300","C":"worker/pool.go:107","M":"worker started","worker number":4}
{"L":"DEBUG","T":"2026-09-06T23:09:57.888+0300","C":"worker/pool.go:107","M":"worker started","worker number":9}
{"L":"DEBUG","T":"2026-09-06T23:09:57.888+0300","C":"worker/pool.go:107","M":"worker started","worker number":10}
{"L":"DEBUG","T":"2026-09-06T23:09:57.888+0300","C":"worker/pool.go:107","M":"worker started","worker number":6}
{"L":"DEBUG","T":"2026-09-06T23:09:57.888+0300","C":"worker/pool.go:107","M":"worker started","worker number":7}
{"L":"DEBUG","T":"2026-09-06T23:09:57.888+0300","C":"worker/pool.go:107","M":"worker started","worker number":1}
{"L":"DEBUG","T":"2026-09-06T23:09:57.888+0300","C":"worker/pool.go:107","M":"worker started","worker number":5}
{"L":"DEBUG","T":"2026-09-06T23:09:57.888+0300","C":"worker/pool.go:107","M":"worker started","worker number":0}
{"L":"DEBUG","T":"2026-09-06T23:09:57.888+0300","C":"worker/pool.go:107","M":"worker started","worker number":3}
{"L":"DEBUG","T":"2026-09-06T23:09:57.888+0300","C":"worker/pool.go:107","M":"worker started","worker number":2}
{"L":"DEBUG","T":"2026-09-06T23:10:03.884+0300","C":"storage/interface.go:26","M":"Successfully uploaded to gophprofile//originals/user1/603eba0d-0522-4b4f-8d12-f372425494d8"}
{"L":"DEBUG","T":"2026-09-06T23:10:03.892+0300","C":"worker/pool.go:155","M":"failed to upload thumbnails","error":"image: unknown format"}
{"L":"DEBUG","T":"2026-09-06T23:10:03.892+0300","C":"worker/pool.go:155","M":"failed to upload thumbnails","error":"image: unknown format"}
{"L":"DEBUG","T":"2026-09-06T23:10:03.892+0300","C":"worker/pool.go:155","M":"failed to upload thumbnails","error":"image: unknown format"}
{"L":"DEBUG","T":"2026-09-06T23:10:03.892+0300","C":"worker/pool.go:161","M":"failed to upload thumbnails","error":"image: unknown format"}
{"L":"DEBUG","T":"2026-09-06T23:10:03.892+0300","C":"worker/pool.go:165","M":"message goes to images.dlq","message id":"755bd5a8-2abb-4131-9e2d-d9cb5c61ad78","worker id":0}
{"L":"DEBUG","T":"2026-09-06T23:10:03.894+0300","C":"worker/rabbitmq.go:156","M":"message has been delivered to broker successfully"}
{"L":"DEBUG","T":"2026-09-06T23:10:03.894+0300","C":"worker/pool.go:101","M":"msg from images.dlq handled"}
{"L":"DEBUG","T":"2026-09-06T23:10:36.896+0300","C":"storage/interface.go:26","M":"Successfully uploaded to gophprofile//originals/user1/0b35fa72-6937-4324-b264-08dcb918ce88"}
{"L":"DEBUG","T":"2026-09-06T23:10:41.002+0300","C":"worker/rabbitmq.go:156","M":"message has been delivered to broker successfully"}
{"L":"DEBUG","T":"2026-09-06T23:11:05.888+0300","C":"worker/pool.go:155","M":"failed to upload thumbnails","error":"image: unknown format"}
{"L":"DEBUG","T":"2026-09-06T23:11:05.888+0300","C":"worker/pool.go:155","M":"failed to upload thumbnails","error":"image: unknown format"}
{"L":"DEBUG","T":"2026-09-06T23:11:05.888+0300","C":"worker/pool.go:155","M":"failed to upload thumbnails","error":"image: unknown format"}
{"L":"DEBUG","T":"2026-09-06T23:11:05.888+0300","C":"worker/pool.go:161","M":"failed to upload thumbnails","error":"image: unknown format"}
{"L":"DEBUG","T":"2026-09-06T23:11:05.888+0300","C":"worker/pool.go:165","M":"message goes to images.dlq","message id":"da115408-0aa2-4a10-85ee-2730b818b125","worker id":10}
{"L":"INFO","T":"2026-09-06T23:11:05.890+0300","C":"server/app.go:43","M":"shutting the app down"}
{"L":"INFO","T":"2026-09-06T23:11:05.890+0300","C":"server/app.go:51","M":"grace period has been expired - app closed forcefully"}
{"L":"DEBUG","T":"2026-09-06T23:11:05.890+0300","C":"worker/pool.go:101","M":"msg from images.dlq handled"}
{"L":"INFO","T":"2026-09-06T23:11:38.812+0300","C":"app/app.go:67","M":"database connection initialized successfully"}
{"L":"DEBUG","T":"2026-09-06T23:11:38.829+0300","C":"worker/pool.go:107","M":"worker started","worker number":8}
{"L":"DEBUG","T":"2026-09-06T23:11:38.829+0300","C":"worker/pool.go:107","M":"worker started","worker number":5}
{"L":"DEBUG","T":"2026-09-06T23:11:38.829+0300","C":"worker/pool.go:107","M":"worker started","worker number":0}
{"L":"DEBUG","T":"2026-09-06T23:11:38.829+0300","C":"worker/pool.go:65","M":"worker for dlq started"}
{"L":"DEBUG","T":"2026-09-06T23:11:38.829+0300","C":"worker/pool.go:107","M":"worker started","worker number":2}
{"L":"DEBUG","T":"2026-09-06T23:11:38.829+0300","C":"worker/pool.go:107","M":"worker started","worker number":10}
{"L":"DEBUG","T":"2026-09-06T23:11:38.829+0300","C":"worker/pool.go:107","M":"worker started","worker number":3}
{"L":"DEBUG","T":"2026-09-06T23:11:38.829+0300","C":"worker/pool.go:107","M":"worker started","worker number":1}
{"L":"DEBUG","T":"2026-09-06T23:11:38.829+0300","C":"worker/pool.go:107","M":"worker started","worker number":4}
{"L":"DEBUG","T":"2026-09-06T23:11:38.829+0300","C":"worker/pool.go:107","M":"worker started","worker number":6}
{"L":"DEBUG","T":"2026-09-06T23:11:38.829+0300","C":"worker/pool.go:107","M":"worker started","worker number":7}
{"L":"DEBUG","T":"2026-09-06T23:11:38.829+0300","C":"worker/pool.go:107","M":"worker started","worker number":9}
{"L":"DEBUG","T":"2026-09-06T23:11:41.641+0300","C":"storage/interface.go:26","M":"Successfully uploaded to gophprofile//originals/user1/56cee289-66d4-4a2f-b44c-191a0f6fc142"}
{"L":"DEBUG","T":"2026-09-06T23:11:41.650+0300","C":"worker/rabbitmq.go:156","M":"message has been delivered to broker successfully"}
{"L":"INFO","T":"2026-09-06T23:11:51.970+0300","C":"app/app.go:67","M":"database connection initialized successfully"}
{"L":"DEBUG","T":"2026-09-06T23:11:51.986+0300","C":"worker/pool.go:65","M":"worker for dlq started"}
{"L":"DEBUG","T":"2026-09-06T23:11:51.986+0300","C":"worker/pool.go:107","M":"worker started","worker number":6}
{"L":"DEBUG","T":"2026-09-06T23:11:51.986+0300","C":"worker/pool.go:107","M":"worker started","worker number":7}
{"L":"DEBUG","T":"2026-09-06T23:11:51.986+0300","C":"worker/pool.go:107","M":"worker started","worker number":0}
{"L":"DEBUG","T":"2026-09-06T23:11:51.986+0300","C":"worker/pool.go:107","M":"worker started","worker number":4}
{"L":"DEBUG","T":"2026-09-06T23:11:51.986+0300","C":"worker/pool.go:107","M":"worker started","worker number":8}
{"L":"DEBUG","T":"2026-09-06T23:11:51.986+0300","C":"worker/pool.go:107","M":"worker started","worker number":9}
{"L":"DEBUG","T":"2026-09-06T23:11:51.986+0300","C":"worker/pool.go:107","M":"worker started","worker number":5}
{"L":"DEBUG","T":"2026-09-06T23:11:51.986+0300","C":"worker/pool.go:107","M":"worker started","worker number":2}
{"L":"DEBUG","T":"2026-09-06T23:11:51.986+0300","C":"worker/pool.go:107","M":"worker started","worker number":10}
{"L":"DEBUG","T":"2026-09-06T23:11:51.986+0300","C":"worker/pool.go:107","M":"worker started","worker number":3}
{"L":"DEBUG","T":"2026-09-06T23:11:51.986+0300","C":"worker/pool.go:107","M":"worker started","worker number":1}
{"L":"INFO","T":"2026-09-06T23:16:03.376+0300","C":"app/app.go:67","M":"database connection initialized successfully"}
{"L":"DEBUG","T":"2026-09-06T23:16:03.392+0300","C":"worker/pool.go:107","M":"worker started","worker number":2}
{"L":"DEBUG","T":"2026-09-06T23:16:03.392+0300","C":"worker/pool.go:107","M":"worker started","worker number":9}
{"L":"DEBUG","T":"2026-09-06T23:16:03.392+0300","C":"worker/pool.go:107","M":"worker started","worker number":0}
{"L":"DEBUG","T":"2026-09-06T23:16:03.392+0300","C":"worker/pool.go:65","M":"worker for dlq started"}
{"L":"DEBUG","T":"2026-09-06T23:16:03.392+0300","C":"worker/pool.go:107","M":"worker started","worker number":10}
{"L":"DEBUG","T":"2026-09-06T23:16:03.392+0300","C":"worker/pool.go:107","M":"worker started","worker number":8}
{"L":"DEBUG","T":"2026-09-06T23:16:03.392+0300","C":"worker/pool.go:107","M":"worker started","worker number":1}
{"L":"DEBUG","T":"2026-09-06T23:16:03.392+0300","C":"worker/pool.go:107","M":"worker started","worker number":6}
{"L":"DEBUG","T":"2026-09-06T23:16:03.392+0300","C":"worker/pool.go:107","M":"worker started","worker number":7}
{"L":"DEBUG","T":"2026-09-06T23:16:03.392+0300","C":"worker/pool.go:107","M":"worker started","worker number":4}
{"L":"DEBUG","T":"2026-09-06T23:16:03.392+0300","C":"worker/pool.go:107","M":"worker started","worker number":3}
{"L":"DEBUG","T":"2026-09-06T23:16:03.392+0300","C":"worker/pool.go:107","M":"worker started","worker number":5}
{"L":"INFO","T":"2026-09-06T23:17:16.718+0300","C":"app/app.go:67","M":"database connection initialized successfully"}
{"L":"DEBUG","T":"2026-09-06T23:17:16.734+0300","C":"worker/pool.go:65","M":"worker for dlq started"}
{"L":"DEBUG","T":"2026-09-06T23:17:16.734+0300","C":"worker/pool.go:107","M":"worker started","worker number":4}
{"L":"DEBUG","T":"2026-09-06T23:17:16.734+0300","C":"worker/pool.go:107","M":"worker started","worker number":10}
{"L":"DEBUG","T":"2026-09-06T23:17:16.734+0300","C":"worker/pool.go:107","M":"worker started","worker number":8}
{"L":"DEBUG","T":"2026-09-06T23:17:16.734+0300","C":"worker/pool.go:107","M":"worker started","worker number":0}
{"L":"DEBUG","T":"2026-09-06T23:17:16.734+0300","C":"worker/pool.go:107","M":"worker started","worker number":1}
{"L":"DEBUG","T":"2026-09-06T23:17:16.734+0300","C":"worker/pool.go:107","M":"worker started","worker number":6}
{"L":"DEBUG","T":"2026-09-06T23:17:16.734+0300","C":"worker/pool.go:107","M":"worker started","worker number":5}
{"L":"DEBUG","T":"2026-09-06T23:17:16.734+0300","C":"worker/pool.go:107","M":"worker started","worker number":9}
{"L":"DEBUG","T":"2026-09-06T23:17:16.734+0300","C":"worker/pool.go:107","M":"worker started","worker number":7}
{"L":"DEBUG","T":"2026-09-06T23:17:16.734+0300","C":"worker/pool.go:107","M":"worker started","worker number":3}
{"L":"DEBUG","T":"2026-09-06T23:17:16.734+0300","C":"worker/pool.go:107","M":"worker started","worker number":2}
{"L":"DEBUG","T":"2026-09-06T23:17:23.702+0300","C":"storage/interface.go:26","M":"Successfully uploaded to gophprofile//originals/user1/fd15bc55-9849-49f6-9ba0-c979f26fa64f"}
{"L":"DEBUG","T":"2026-09-06T23:17:23.710+0300","C":"worker/rabbitmq.go:156","M":"message has been delivered to broker successfully"}
{"L":"INFO","T":"2026-09-06T23:17:35.601+0300","C":"app/app.go:67","M":"database connection initialized successfully"}
{"L":"DEBUG","T":"2026-09-06T23:17:35.615+0300","C":"worker/pool.go:107","M":"worker started","worker number":6}
{"L":"DEBUG","T":"2026-09-06T23:17:35.615+0300","C":"worker/pool.go:107","M":"worker started","worker number":8}
{"L":"DEBUG","T":"2026-09-06T23:17:35.615+0300","C":"worker/pool.go:107","M":"worker started","worker number":7}
{"L":"DEBUG","T":"2026-09-06T23:17:35.615+0300","C":"worker/pool.go:107","M":"worker started","worker number":1}
{"L":"DEBUG","T":"2026-09-06T23:17:35.615+0300","C":"worker/pool.go:107","M":"worker started","worker number":2}
{"L":"DEBUG","T":"2026-09-06T23:17:35.615+0300","C":"worker/pool.go:107","M":"worker started","worker number":0}
{"L":"DEBUG","T":"2026-09-06T23:17:35.615+0300","C":"worker/pool.go:107","M":"worker started","worker number":5}
{"L":"DEBUG","T":"2026-09-06T23:17:35.615+0300","C":"worker/pool.go:107","M":"worker started","worker number":10}
{"L":"DEBUG","T":"2026-09-06T23:17:35.615+0300","C":"worker/pool.go:107","M":"worker started","worker number":3}
{"L":"DEBUG","T":"2026-09-06T23:17:35.615+0300","C":"worker/pool.go:107","M":"worker started","worker number":9}
{"L":"DEBUG","T":"2026-09-06T23:17:35.614+0300","C":"worker/pool.go:65","M":"worker for dlq started"}
{"L":"DEBUG","T":"2026-09-06T23:17:35.615+0300","C":"worker/pool.go:107","M":"worker started","worker number":4}
{"L":"INFO","T":"2026-09-06T23:17:53.089+0300","C":"app/app.go:67","M":"database connection initialized successfully"}
{"L":"DEBUG","T":"2026-09-06T23:17:53.111+0300","C":"worker/pool.go:65","M":"worker for dlq started"}
{"L":"DEBUG","T":"2026-09-06T23:17:53.111+0300","C":"worker/pool.go:107","M":"worker started","worker number":4}
{"L":"DEBUG","T":"2026-09-06T23:17:53.111+0300","C":"worker/pool.go:107","M":"worker started","worker number":2}
{"L":"DEBUG","T":"2026-09-06T23:17:53.111+0300","C":"worker/pool.go:107","M":"worker started","worker number":7}
{"L":"DEBUG","T":"2026-09-06T23:17:53.111+0300","C":"worker/pool.go:107","M":"worker started","worker number":3}
{"L":"DEBUG","T":"2026-09-06T23:17:53.111+0300","C":"worker/pool.go:107","M":"worker started","worker number":8}
{"L":"DEBUG","T":"2026-09-06T23:17:53.111+0300","C":"worker/pool.go:107","M":"worker started","worker number":9}
{"L":"DEBUG","T":"2026-09-06T23:17:53.111+0300","C":"worker/pool.go:107","M":"worker started","worker number":1}
{"L":"DEBUG","T":"2026-09-06T23:17:53.111+0300","C":"worker/pool.go:107","M":"worker started","worker number":6}
{"L":"DEBUG","T":"2026-09-06T23:17:53.111+0300","C":"worker/pool.go:107","M":"worker started","worker number":10}
{"L":"DEBUG","T":"2026-09-06T23:17:53.111+0300","C":"worker/pool.go:107","M":"worker started","worker number":5}
{"L":"DEBUG","T":"2026-09-06T23:17:53.111+0300","C":"worker/pool.go:107","M":"worker started","worker number":0}
{"L":"DEBUG","T":"2026-09-06T23:17:54.974+0300","C":"storage/interface.go:26","M":"Successfully uploaded to gophprofile//originals/user1/178bd000-f089-4d01-b79c-8c70911924ae"}
{"L":"DEBUG","T":"2026-09-06T23:17:58.116+0300","C":"worker/rabbitmq.go:156","M":"message has been delivered to broker successfully"}
{"L":"INFO","T":"2026-09-06T23:19:42.007+0300","C":"app/app.go:67","M":"database connection initialized successfully"}
{"L":"DEBUG","T":"2026-09-06T23:19:42.031+0300","C":"worker/pool.go:108","M":"worker started","worker number":10}
{"L":"DEBUG","T":"2026-09-06T23:19:42.031+0300","C":"worker/pool.go:108","M":"worker started","worker number":3}
{"L":"DEBUG","T":"2026-09-06T23:19:42.031+0300","C":"worker/pool.go:108","M":"worker started","worker number":2}
{"L":"DEBUG","T":"2026-09-06T23:19:42.031+0300","C":"worker/pool.go:108","M":"worker started","worker number":1}
{"L":"DEBUG","T":"2026-09-06T23:19:42.031+0300","C":"worker/pool.go:108","M":"worker started","worker number":9}
{"L":"DEBUG","T":"2026-09-06T23:19:42.031+0300","C":"worker/pool.go:108","M":"worker started","worker number":0}
{"L":"DEBUG","T":"2026-09-06T23:19:42.031+0300","C":"worker/pool.go:66","M":"worker for dlq started"}
{"L":"DEBUG","T":"2026-09-06T23:19:42.031+0300","C":"worker/pool.go:108","M":"worker started","worker number":7}
{"L":"DEBUG","T":"2026-09-06T23:19:42.031+0300","C":"worker/pool.go:108","M":"worker started","worker number":5}
{"L":"DEBUG","T":"2026-09-06T23:19:42.031+0300","C":"worker/pool.go:108","M":"worker started","worker number":4}
{"L":"DEBUG","T":"2026-09-06T23:19:42.031+0300","C":"worker/pool.go:108","M":"worker started","worker number":8}
{"L":"DEBUG","T":"2026-09-06T23:19:42.031+0300","C":"worker/pool.go:108","M":"worker started","worker number":6}
{"L":"DEBUG","T":"2026-09-06T23:19:44.279+0300","C":"storage/interface.go:26","M":"Successfully uploaded to gophprofile//originals/user1/69c6becd-b1b6-4133-8200-c7c7f4ecbad5"}
{"L":"DEBUG","T":"2026-09-06T23:19:44.290+0300","C":"worker/rabbitmq.go:156","M":"message has been delivered to broker successfully"}
{"L":"DEBUG","T":"2026-09-06T23:19:44.298+0300","C":"storage/interface.go:26","M":"Successfully uploaded to gophprofile/gophprofile/100x100/1/69c6becd-b1b6-4133-8200-c7c7f4ecbad5"}
{"L":"DEBUG","T":"2026-09-06T23:19:44.311+0300","C":"storage/interface.go:26","M":"Successfully uploaded to gophprofile/gophprofile/300x300/1/69c6becd-b1b6-4133-8200-c7c7f4ecbad5"}
{"L":"DEBUG","T":"2026-09-06T23:19:44.317+0300","C":"storage/interface.go:26","M":"Successfully uploaded to gophprofile/gophprofile/100x100/1/69c6becd-b1b6-4133-8200-c7c7f4ecbad5"}
{"L":"DEBUG","T":"2026-09-06T23:19:44.328+0300","C":"storage/interface.go:26","M":"Successfully uploaded to gophprofile/gophprofile/300x300/1/69c6becd-b1b6-4133-8200-c7c7f4ecbad5"}
{"L":"DEBUG","T":"2026-09-06T23:19:44.335+0300","C":"storage/interface.go:26","M":"Successfully uploaded to gophprofile/gophprofile/100x100/1/69c6becd-b1b6-4133-8200-c7c7f4ecbad5"}
{"L":"DEBUG","T":"2026-09-06T23:19:44.346+0300","C":"storage/interface.go:26","M":"Successfully uploaded to gophprofile/gophprofile/300x300/1/69c6becd-b1b6-4133-8200-c7c7f4ecbad5"}
{"L":"DEBUG","T":"2026-09-06T23:19:44.346+0300","C":"worker/pool.go:187","M":"worker process ack done","worker id":3,"message id":"c9149234-bd96-4862-ad15-b2279d776aaf"}
{"L":"INFO","T":"2026-09-06T23:20:42.246+0300","C":"server/app.go:43","M":"shutting the app down"}
{"L":"INFO","T":"2026-09-06T23:20:42.246+0300","C":"server/app.go:51","M":"grace period has been expired - app closed forcefully"}
{"L":"INFO","T":"2026-09-06T23:20:44.432+0300","C":"app/app.go:67","M":"database connection initialized successfully"}
{"L":"DEBUG","T":"2026-09-06T23:20:44.451+0300","C":"worker/pool.go:108","M":"worker started","worker number":9}
{"L":"DEBUG","T":"2026-09-06T23:20:44.451+0300","C":"worker/pool.go:108","M":"worker started","worker number":1}
{"L":"DEBUG","T":"2026-09-06T23:20:44.451+0300","C":"worker/pool.go:108","M":"worker started","worker number":8}
{"L":"DEBUG","T":"2026-09-06T23:20:44.451+0300","C":"worker/pool.go:108","M":"worker started","worker number":7}
{"L":"DEBUG","T":"2026-09-06T23:20:44.451+0300","C":"worker/pool.go:108","M":"worker started","worker number":3}
{"L":"DEBUG","T":"2026-09-06T23:20:44.451+0300","C":"worker/pool.go:108","M":"worker started","worker number":0}
{"L":"DEBUG","T":"2026-09-06T23:20:44.451+0300","C":"worker/pool.go:108","M":"worker started","worker number":10}
{"L":"DEBUG","T":"2026-09-06T23:20:44.451+0300","C":"worker/pool.go:108","M":"worker started","worker number":5}
{"L":"DEBUG","T":"2026-09-06T23:20:44.451+0300","C":"worker/pool.go:108","M":"worker started","worker number":6}
{"L":"DEBUG","T":"2026-09-06T23:20:44.451+0300","C":"worker/pool.go:108","M":"worker started","worker number":2}
{"L":"DEBUG","T":"2026-09-06T23:20:44.451+0300","C":"worker/pool.go:66","M":"worker for dlq started"}
{"L":"DEBUG","T":"2026-09-06T23:20:44.451+0300","C":"worker/pool.go:108","M":"worker started","worker number":4}
{"L":"DEBUG","T":"2026-09-06T23:20:58.023+0300","C":"storage/interface.go:26","M":"Successfully uploaded to gophprofile//originals/user1/e148f586-5aed-4166-99d1-1ec10533af2c"}
{"L":"DEBUG","T":"2026-09-06T23:20:58.034+0300","C":"worker/rabbitmq.go:156","M":"message has been delivered to broker successfully"}
{"L":"DEBUG","T":"2026-09-06T23:20:58.040+0300","C":"storage/interface.go:26","M":"Successfully uploaded to gophprofile/100x100/1/e148f586-5aed-4166-99d1-1ec10533af2c"}
{"L":"DEBUG","T":"2026-09-06T23:20:58.053+0300","C":"storage/interface.go:26","M":"Successfully uploaded to gophprofile/300x300/1/e148f586-5aed-4166-99d1-1ec10533af2c"}
{"L":"DEBUG","T":"2026-09-06T23:20:58.061+0300","C":"storage/interface.go:26","M":"Successfully uploaded to gophprofile/100x100/1/e148f586-5aed-4166-99d1-1ec10533af2c"}
{"L":"DEBUG","T":"2026-09-06T23:20:58.074+0300","C":"storage/interface.go:26","M":"Successfully uploaded to gophprofile/300x300/1/e148f586-5aed-4166-99d1-1ec10533af2c"}
{"L":"DEBUG","T":"2026-09-06T23:20:58.082+0300","C":"storage/interface.go:26","M":"Successfully uploaded to gophprofile/100x100/1/e148f586-5aed-4166-99d1-1ec10533af2c"}
{"L":"DEBUG","T":"2026-09-06T23:20:58.093+0300","C":"storage/interface.go:26","M":"Successfully uploaded to gophprofile/300x300/1/e148f586-5aed-4166-99d1-1ec10533af2c"}
{"L":"DEBUG","T":"2026-09-06T23:20:58.093+0300","C":"worker/pool.go:187","M":"worker process ack done","worker id":6,"message id":"555c2064-eb5b-431f-92cf-53c7c0049edf"}
{"L":"INFO","T":"2026-09-06T23:22:50.106+0300","C":"server/app.go:43","M":"shutting the app down"}
{"L":"INFO","T":"2026-09-06T23:22:50.106+0300","C":"server/app.go:51","M":"grace period has been expired - app closed forcefully"}
{"L":"INFO","T":"2026-09-06T23:22:51.746+0300","C":"app/app.go:67","M":"database connection initialized successfully"}
{"L":"DEBUG","T":"2026-09-06T23:22:51.764+0300","C":"worker/pool.go:108","M":"worker started","worker number":9}
{"L":"DEBUG","T":"2026-09-06T23:22:51.764+0300","C":"worker/pool.go:108","M":"worker started","worker number":6}
{"L":"DEBUG","T":"2026-09-06T23:22:51.764+0300","C":"worker/pool.go:108","M":"worker started","worker number":8}
{"L":"DEBUG","T":"2026-09-06T23:22:51.764+0300","C":"worker/pool.go:108","M":"worker started","worker number":10}
{"L":"DEBUG","T":"2026-09-06T23:22:51.764+0300","C":"worker/pool.go:108","M":"worker started","worker number":5}
{"L":"DEBUG","T":"2026-09-06T23:22:51.764+0300","C":"worker/pool.go:108","M":"worker started","worker number":2}
{"L":"DEBUG","T":"2026-09-06T23:22:51.764+0300","C":"worker/pool.go:108","M":"worker started","worker number":7}
{"L":"DEBUG","T":"2026-09-06T23:22:51.764+0300","C":"worker/pool.go:108","M":"worker started","worker number":3}
{"L":"DEBUG","T":"2026-09-06T23:22:51.764+0300","C":"worker/pool.go:108","M":"worker started","worker number":4}
{"L":"DEBUG","T":"2026-09-06T23:22:51.763+0300","C":"worker/pool.go:66","M":"worker for dlq started"}
{"L":"DEBUG","T":"2026-09-06T23:22:51.763+0300","C":"worker/pool.go:108","M":"worker started","worker number":0}
{"L":"DEBUG","T":"2026-09-06T23:22:51.764+0300","C":"worker/pool.go:108","M":"worker started","worker number":1}
{"L":"DEBUG","T":"2026-09-06T23:22:55.488+0300","C":"storage/interface.go:26","M":"Successfully uploaded to gophprofile//user1/originals/c290b35e-2cb7-40c8-88aa-0fdddd0d27f8"}
{"L":"DEBUG","T":"2026-09-06T23:22:55.498+0300","C":"worker/rabbitmq.go:156","M":"message has been delivered to broker successfully"}
{"L":"DEBUG","T":"2026-09-06T23:22:55.506+0300","C":"storage/interface.go:26","M":"Successfully uploaded to gophprofile//user1/100x100/c290b35e-2cb7-40c8-88aa-0fdddd0d27f8"}
{"L":"DEBUG","T":"2026-09-06T23:22:55.518+0300","C":"storage/interface.go:26","M":"Successfully uploaded to gophprofile//user1/300x300/c290b35e-2cb7-40c8-88aa-0fdddd0d27f8"}
{"L":"DEBUG","T":"2026-09-06T23:22:55.522+0300","C":"storage/interface.go:26","M":"Successfully uploaded to gophprofile//user1/100x100/c290b35e-2cb7-40c8-88aa-0fdddd0d27f8"}
{"L":"DEBUG","T":"2026-09-06T23:22:55.531+0300","C":"storage/interface.go:26","M":"Successfully uploaded to gophprofile//user1/300x300/c290b35e-2cb7-40c8-88aa-0fdddd0d27f8"}
{"L":"DEBUG","T":"2026-09-06T23:22:55.536+0300","C":"storage/interface.go:26","M":"Successfully uploaded to gophprofile//user1/100x100/c290b35e-2cb7-40c8-88aa-0fdddd0d27f8"}
{"L":"DEBUG","T":"2026-09-06T23:22:55.542+0300","C":"storage/interface.go:26","M":"Successfully uploaded to gophprofile//user1/300x300/c290b35e-2cb7-40c8-88aa-0fdddd0d27f8"}
{"L":"DEBUG","T":"2026-09-06T23:22:55.542+0300","C":"worker/pool.go:187","M":"worker process ack done","worker id":9,"message id":"8f2c0dd6-72fc-4361-b538-1bce0d55be66"}
{"L":"INFO","T":"2026-09-06T23:32:51.028+0300","C":"server/app.go:43","M":"shutting the app down"}
{"L":"INFO","T":"2026-09-06T23:32:51.029+0300","C":"server/app.go:51","M":"grace period has been expired - app closed forcefully"}
{"L":"INFO","T":"2026-09-06T23:42:47.104+0300","C":"app/app.go:67","M":"database connection initialized successfully"}
{"L":"DEBUG","T":"2026-09-06T23:42:47.120+0300","C":"worker/pool.go:133","M":"worker started","worker number":5}
{"L":"DEBUG","T":"2026-09-06T23:42:47.120+0300","C":"worker/pool.go:133","M":"worker started","worker number":1}
{"L":"DEBUG","T":"2026-09-06T23:42:47.120+0300","C":"worker/pool.go:66","M":"worker for dlq started"}
{"L":"DEBUG","T":"2026-09-06T23:42:47.120+0300","C":"worker/pool.go:133","M":"worker started","worker number":6}
{"L":"DEBUG","T":"2026-09-06T23:42:47.120+0300","C":"worker/pool.go:133","M":"worker started","worker number":10}
{"L":"DEBUG","T":"2026-09-06T23:42:47.120+0300","C":"worker/pool.go:133","M":"worker started","worker number":9}
{"L":"DEBUG","T":"2026-09-06T23:42:47.120+0300","C":"worker/pool.go:133","M":"worker started","worker number":3}
{"L":"DEBUG","T":"2026-09-06T23:42:47.120+0300","C":"worker/pool.go:133","M":"worker started","worker number":4}
{"L":"DEBUG","T":"2026-09-06T23:42:47.120+0300","C":"worker/pool.go:133","M":"worker started","worker number":0}
{"L":"DEBUG","T":"2026-09-06T23:42:47.120+0300","C":"worker/pool.go:133","M":"worker started","worker number":2}
{"L":"DEBUG","T":"2026-09-06T23:42:47.120+0300","C":"worker/pool.go:133","M":"worker started","worker number":8}
{"L":"DEBUG","T":"2026-09-06T23:42:47.120+0300","C":"worker/pool.go:133","M":"worker started","worker number":7}
{"L":"DEBUG","T":"2026-09-06T23:42:51.021+0300","C":"storage/interface.go:26","M":"Successfully uploaded to gophprofile//user1/originals/fae6d1c8-bd55-4d01-832a-f84d717e25d4"}
{"L":"DEBUG","T":"2026-09-06T23:42:51.028+0300","C":"worker/rabbitmq.go:156","M":"message has been delivered to broker successfully"}
{"L":"DEBUG","T":"2026-09-06T23:42:51.036+0300","C":"storage/interface.go:26","M":"Successfully uploaded to gophprofile//user1/100x100/fae6d1c8-bd55-4d01-832a-f84d717e25d4"}
{"L":"DEBUG","T":"2026-09-06T23:42:51.050+0300","C":"storage/interface.go:26","M":"Successfully uploaded to gophprofile//user1/300x300/fae6d1c8-bd55-4d01-832a-f84d717e25d4"}
{"L":"DEBUG","T":"2026-09-06T23:42:51.058+0300","C":"storage/interface.go:26","M":"Successfully uploaded to gophprofile//user1/100x100/fae6d1c8-bd55-4d01-832a-f84d717e25d4"}
{"L":"DEBUG","T":"2026-09-06T23:42:51.073+0300","C":"storage/interface.go:26","M":"Successfully uploaded to gophprofile//user1/300x300/fae6d1c8-bd55-4d01-832a-f84d717e25d4"}
{"L":"DEBUG","T":"2026-09-06T23:42:51.080+0300","C":"storage/interface.go:26","M":"Successfully uploaded to gophprofile//user1/100x100/fae6d1c8-bd55-4d01-832a-f84d717e25d4"}
{"L":"DEBUG","T":"2026-09-06T23:42:51.092+0300","C":"storage/interface.go:26","M":"Successfully uploaded to gophprofile//user1/300x300/fae6d1c8-bd55-4d01-832a-f84d717e25d4"}
{"L":"DEBUG","T":"2026-09-06T23:42:51.092+0300","C":"worker/pool.go:212","M":"worker process ack done","worker id":7,"message id":"236e2b69-a63d-4b5f-bf54-6df851ffc985"}
{"L":"INFO","T":"2026-09-06T23:49:34.542+0300","C":"server/app.go:43","M":"shutting the app down"}
{"L":"INFO","T":"2026-09-06T23:49:34.543+0300","C":"server/app.go:51","M":"grace period has been expired - app closed forcefully"}
{"L":"INFO","T":"2026-09-07T08:49:08.991+0300","C":"app/app.go:67","M":"database connection initialized successfully"}
{"L":"DEBUG","T":"2026-09-07T08:49:09.012+0300","C":"worker/pool.go:133","M":"worker started","worker number":6}
{"L":"DEBUG","T":"2026-09-07T08:49:09.012+0300","C":"worker/pool.go:133","M":"worker started","worker number":8}
{"L":"DEBUG","T":"2026-09-07T08:49:09.012+0300","C":"worker/pool.go:133","M":"worker started","worker number":1}
{"L":"DEBUG","T":"2026-09-07T08:49:09.012+0300","C":"worker/pool.go:66","M":"worker for dlq started"}
{"L":"DEBUG","T":"2026-09-07T08:49:09.012+0300","C":"worker/pool.go:133","M":"worker started","worker number":5}
{"L":"DEBUG","T":"2026-09-07T08:49:09.012+0300","C":"worker/pool.go:133","M":"worker started","worker number":2}
{"L":"DEBUG","T":"2026-09-07T08:49:09.012+0300","C":"worker/pool.go:133","M":"worker started","worker number":0}
{"L":"DEBUG","T":"2026-09-07T08:49:09.012+0300","C":"worker/pool.go:133","M":"worker started","worker number":4}
{"L":"DEBUG","T":"2026-09-07T08:49:09.012+0300","C":"worker/pool.go:133","M":"worker started","worker number":3}
{"L":"DEBUG","T":"2026-09-07T08:49:09.012+0300","C":"worker/pool.go:133","M":"worker started","worker number":9}
{"L":"DEBUG","T":"2026-09-07T08:49:09.012+0300","C":"worker/pool.go:133","M":"worker started","worker number":10}
{"L":"DEBUG","T":"2026-09-07T08:49:09.012+0300","C":"worker/pool.go:133","M":"worker started","worker number":7}
{"L":"INFO","T":"2026-09-07T08:49:09.650+0300","C":"server/app.go:43","M":"shutting the app down"}
{"L":"INFO","T":"2026-09-07T08:49:09.651+0300","C":"server/app.go:54","M":"app closed gracefully"}
{"L":"INFO","T":"2026-09-07T10:31:19.054+0300","C":"app/app.go:67","M":"database connection initialized successfully"}
{"L":"DEBUG","T":"2026-09-07T10:31:19.074+0300","C":"worker/pool.go:130","M":"worker started","worker number":7}
{"L":"DEBUG","T":"2026-09-07T10:31:19.074+0300","C":"worker/pool.go:130","M":"worker started","worker number":0}
{"L":"DEBUG","T":"2026-09-07T10:31:19.074+0300","C":"worker/pool.go:130","M":"worker started","worker number":1}
{"L":"DEBUG","T":"2026-09-07T10:31:19.074+0300","C":"worker/pool.go:130","M":"worker started","worker number":5}
{"L":"DEBUG","T":"2026-09-07T10:31:19.074+0300","C":"worker/pool.go:130","M":"worker started","worker number":4}
{"L":"DEBUG","T":"2026-09-07T10:31:19.074+0300","C":"worker/pool.go:130","M":"worker started","worker number":8}
{"L":"DEBUG","T":"2026-09-07T10:31:19.074+0300","C":"worker/pool.go:130","M":"worker started","worker number":6}
{"L":"DEBUG","T":"2026-09-07T10:31:19.074+0300","C":"worker/pool.go:130","M":"worker started","worker number":3}
{"L":"DEBUG","T":"2026-09-07T10:31:19.074+0300","C":"worker/pool.go:130","M":"worker started","worker number":2}
{"L":"DEBUG","T":"2026-09-07T10:31:19.074+0300","C":"worker/pool.go:130","M":"worker started","worker number":9}
{"L":"DEBUG","T":"2026-09-07T10:31:19.074+0300","C":"worker/pool.go:63","M":"worker for dlq started"}
{"L":"DEBUG","T":"2026-09-07T10:31:19.074+0300","C":"worker/pool.go:130","M":"worker started","worker number":10}
{"L":"INFO","T":"2026-09-07T10:50:43.557+0300","C":"server/app.go:43","M":"shutting the app down"}
{"L":"INFO","T":"2026-09-07T10:50:43.557+0300","C":"server/app.go:51","M":"grace period has been expired - app closed forcefully"}
{"L":"INFO","T":"2026-09-07T10:51:06.518+0300","C":"app/app.go:67","M":"database connection initialized successfully"}
{"L":"DEBUG","T":"2026-09-07T10:51:06.534+0300","C":"worker/pool.go:127","M":"worker started","worker number":1}
{"L":"DEBUG","T":"2026-09-07T10:51:06.534+0300","C":"worker/pool.go:127","M":"worker started","worker number":8}
{"L":"DEBUG","T":"2026-09-07T10:51:06.534+0300","C":"worker/pool.go:127","M":"worker started","worker number":4}
{"L":"DEBUG","T":"2026-09-07T10:51:06.534+0300","C":"worker/pool.go:127","M":"worker started","worker number":7}
{"L":"DEBUG","T":"2026-09-07T10:51:06.534+0300","C":"worker/pool.go:127","M":"worker started","worker number":2}
{"L":"DEBUG","T":"2026-09-07T10:51:06.534+0300","C":"worker/pool.go:127","M":"worker started","worker number":5}
{"L":"DEBUG","T":"2026-09-07T10:51:06.534+0300","C":"worker/pool.go:127","M":"worker started","worker number":3}
{"L":"DEBUG","T":"2026-09-07T10:51:06.534+0300","C":"worker/pool.go:127","M":"worker started","worker number":6}
{"L":"DEBUG","T":"2026-09-07T10:51:06.534+0300","C":"worker/pool.go:127","M":"worker started","worker number":10}
{"L":"DEBUG","T":"2026-09-07T10:51:06.534+0300","C":"worker/pool.go:127","M":"worker started","worker number":9}
{"L":"DEBUG","T":"2026-09-07T10:51:06.534+0300","C":"worker/pool.go:60","M":"worker for dlq started"}
{"L":"DEBUG","T":"2026-09-07T10:51:06.534+0300","C":"worker/pool.go:127","M":"worker started","worker number":0}
{"L":"INFO","T":"2026-09-07T10:51:07.154+0300","C":"server/app.go:43","M":"shutting the app down"}
{"L":"INFO","T":"2026-09-07T10:51:07.155+0300","C":"server/app.go:54","M":"app closed gracefully"}
{"L":"INFO","T":"2026-09-07T10:54:56.106+0300","C":"app/app.go:67","M":"database connection initialized successfully"}
{"L":"DEBUG","T":"2026-09-07T10:54:56.123+0300","C":"worker/pool.go:60","M":"worker for dlq started"}
{"L":"DEBUG","T":"2026-09-07T10:54:56.123+0300","C":"worker/pool.go:127","M":"worker started","worker number":4}
{"L":"DEBUG","T":"2026-09-07T10:54:56.123+0300","C":"worker/pool.go:127","M":"worker started","worker number":2}
{"L":"DEBUG","T":"2026-09-07T10:54:56.123+0300","C":"worker/pool.go:127","M":"worker started","worker number":5}
{"L":"DEBUG","T":"2026-09-07T10:54:56.123+0300","C":"worker/pool.go:127","M":"worker started","worker number":6}
{"L":"DEBUG","T":"2026-09-07T10:54:56.123+0300","C":"worker/pool.go:127","M":"worker started","worker number":9}
{"L":"DEBUG","T":"2026-09-07T10:54:56.123+0300","C":"worker/pool.go:127","M":"worker started","worker number":3}
{"L":"DEBUG","T":"2026-09-07T10:54:56.123+0300","C":"worker/pool.go:127","M":"worker started","worker number":1}
{"L":"DEBUG","T":"2026-09-07T10:54:56.123+0300","C":"worker/pool.go:127","M":"worker started","worker number":10}
{"L":"DEBUG","T":"2026-09-07T10:54:56.123+0300","C":"worker/pool.go:127","M":"worker started","worker number":8}
{"L":"DEBUG","T":"2026-09-07T10:54:56.123+0300","C":"worker/pool.go:127","M":"worker started","worker number":7}
{"L":"DEBUG","T":"2026-09-07T10:54:56.123+0300","C":"worker/pool.go:127","M":"worker started","worker number":0}
{"L":"DEBUG","T":"2026-09-07T10:54:59.979+0300","C":"storage/interface.go:26","M":"Successfully uploaded to gophprofile//user1/originals/5f14d605-bfc8-4674-a8b8-867c8f2666ec"}
{"L":"DEBUG","T":"2026-09-07T10:54:59.987+0300","C":"worker/rabbitmq.go:141","M":"message has been delivered to broker successfully"}
{"L":"DEBUG","T":"2026-09-07T10:54:59.994+0300","C":"storage/interface.go:26","M":"Successfully uploaded to gophprofile//user1/%!s(uint64=100)/%!s(uint64=100)/5f14d605-bfc8-4674-a8b8-867c8f2666ec"}
{"L":"DEBUG","T":"2026-09-07T10:54:59.994+0300","C":"avatars/avatars.go:82","M":"failed to save thumbnail for avatar","id":"5f14d605-bfc8-4674-a8b8-867c8f2666ec","dimensions":"%!s(uint64=100)/%!s(uint64=100)","error":"ERROR: column \"s3key\" of relation \"avatar_thumbnails\" does not exist (SQLSTATE 42703)"}
{"L":"DEBUG","T":"2026-09-07T10:54:59.995+0300","C":"worker/pool.go:175","M":"failed to upload thumbnails","error":"failed to save thumbnail for avatar: ERROR: column \"s3key\" of relation \"avatar_thumbnails\" does not exist (SQLSTATE 42703)"}
{"L":"DEBUG","T":"2026-09-07T10:55:00.003+0300","C":"storage/interface.go:26","M":"Successfully uploaded to gophprofile//user1/%!s(uint64=100)/%!s(uint64=100)/5f14d605-bfc8-4674-a8b8-867c8f2666ec"}
{"L":"DEBUG","T":"2026-09-07T10:55:00.003+0300","C":"avatars/avatars.go:82","M":"failed to save thumbnail for avatar","id":"5f14d605-bfc8-4674-a8b8-867c8f2666ec","dimensions":"%!s(uint64=100)/%!s(uint64=100)","error":"ERROR: column \"s3key\" of relation \"avatar_thumbnails\" does not exist (SQLSTATE 42703)"}
{"L":"DEBUG","T":"2026-09-07T10:55:00.004+0300","C":"worker/pool.go:175","M":"failed to upload thumbnails","error":"failed to save thumbnail for avatar: ERROR: column \"s3key\" of relation \"avatar_thumbnails\" does not exist (SQLSTATE 42703)"}
{"L":"DEBUG","T":"2026-09-07T10:55:00.009+0300","C":"storage/interface.go:26","M":"Successfully uploaded to gophprofile//user1/%!s(uint64=100)/%!s(uint64=100)/5f14d605-bfc8-4674-a8b8-867c8f2666ec"}
{"L":"DEBUG","T":"2026-09-07T10:55:00.010+0300","C":"avatars/avatars.go:82","M":"failed to save thumbnail for avatar","id":"5f14d605-bfc8-4674-a8b8-867c8f2666ec","dimensions":"%!s(uint64=100)/%!s(uint64=100)","error":"ERROR: column \"s3key\" of relation \"avatar_thumbnails\" does not exist (SQLSTATE 42703)"}
{"L":"DEBUG","T":"2026-09-07T10:55:00.010+0300","C":"worker/pool.go:175","M":"failed to upload thumbnails","error":"failed to save thumbnail for avatar: ERROR: column \"s3key\" of relation \"avatar_thumbnails\" does not exist (SQLSTATE 42703)"}
{"L":"DEBUG","T":"2026-09-07T10:55:00.010+0300","C":"worker/pool.go:181","M":"failed to upload thumbnails","error":"failed to save thumbnail for avatar: ERROR: column \"s3key\" of relation \"avatar_thumbnails\" does not exist (SQLSTATE 42703)"}
{"L":"DEBUG","T":"2026-09-07T10:55:00.010+0300","C":"worker/pool.go:185","M":"message goes to images.dlq","message id":"7c128b28-ea61-42f5-b77c-fa631d750467","worker id":1}
{"L":"DEBUG","T":"2026-09-07T10:55:00.019+0300","C":"storage/interface.go:26","M":"Successfully uploaded to gophprofile//user1/%!s(uint64=100)/%!s(uint64=100)/5f14d605-bfc8-4674-a8b8-867c8f2666ec"}
{"L":"DEBUG","T":"2026-09-07T10:55:00.019+0300","C":"avatars/avatars.go:82","M":"failed to save thumbnail for avatar","id":"5f14d605-bfc8-4674-a8b8-867c8f2666ec","dimensions":"%!s(uint64=100)/%!s(uint64=100)","error":"ERROR: column \"s3key\" of relation \"avatar_thumbnails\" does not exist (SQLSTATE 42703)"}
{"L":"DEBUG","T":"2026-09-07T10:55:00.019+0300","C":"worker/pool.go:96","M":"failed to upload thumbnails","error":"failed to save thumbnail for avatar: ERROR: column \"s3key\" of relation \"avatar_thumbnails\" does not exist (SQLSTATE 42703)"}
{"L":"DEBUG","T":"2026-09-07T10:55:00.025+0300","C":"storage/interface.go:26","M":"Successfully uploaded to gophprofile//user1/%!s(uint64=100)/%!s(uint64=100)/5f14d605-bfc8-4674-a8b8-867c8f2666ec"}
{"L":"DEBUG","T":"2026-09-07T10:55:00.025+0300","C":"avatars/avatars.go:82","M":"failed to save thumbnail for avatar","id":"5f14d605-bfc8-4674-a8b8-867c8f2666ec","dimensions":"%!s(uint64=100)/%!s(uint64=100)","error":"ERROR: column \"s3key\" of relation \"avatar_thumbnails\" does not exist (SQLSTATE 42703)"}
{"L":"DEBUG","T":"2026-09-07T10:55:00.025+0300","C":"worker/pool.go:96","M":"failed to upload thumbnails","error":"failed to save thumbnail for avatar: ERROR: column \"s3key\" of relation \"avatar_thumbnails\" does not exist (SQLSTATE 42703)"}
{"L":"DEBUG","T":"2026-09-07T10:55:00.031+0300","C":"storage/interface.go:26","M":"Successfully uploaded to gophprofile//user1/%!s(uint64=100)/%!s(uint64=100)/5f14d605-bfc8-4674-a8b8-867c8f2666ec"}
{"L":"DEBUG","T":"2026-09-07T10:55:00.031+0300","C":"avatars/avatars.go:82","M":"failed to save thumbnail for avatar","id":"5f14d605-bfc8-4674-a8b8-867c8f2666ec","dimensions":"%!s(uint64=100)/%!s(uint64=100)","error":"ERROR: column \"s3key\" of relation \"avatar_thumbnails\" does not exist (SQLSTATE 42703)"}
{"L":"DEBUG","T":"2026-09-07T10:55:00.031+0300","C":"worker/pool.go:96","M":"failed to upload thumbnails","error":"failed to save thumbnail for avatar: ERROR: column \"s3key\" of relation \"avatar_thumbnails\" does not exist (SQLSTATE 42703)"}
{"L":"DEBUG","T":"2026-09-07T10:55:00.031+0300","C":"worker/pool.go:102","M":"failed to upload thumbnails","error":"failed to save thumbnail for avatar: ERROR: column \"s3key\" of relation \"avatar_thumbnails\" does not exist (SQLSTATE 42703)"}
{"L":"DEBUG","T":"2026-09-07T10:55:00.031+0300","C":"worker/pool.go:106","M":"message goes to images.dlq","message id":"7c128b28-ea61-42f5-b77c-fa631d750467"}
{"L":"DEBUG","T":"2026-09-07T10:56:45.198+0300","C":"worker/pool.go:161","M":"broker queue is closed","worker id":5}
{"L":"DEBUG","T":"2026-09-07T10:56:45.199+0300","C":"worker/pool.go:161","M":"broker queue is closed","worker id":7}
{"L":"ERROR","T":"2026-09-07T10:56:45.199+0300","C":"worker/pool.go:44","M":"worker failed","error":"broker queue is closed","S":"github.com/artni96/GophProfile/internal/worker.(*Pool).Launch.func1\n\t/Users/artni/Documents/Dev/GophProfile/internal/worker/pool.go:44\nsync.(*WaitGroup).Go.func1\n\t/Users/artni/go/pkg/mod/golang.org/toolchain@v0.0.1-go1.27.0.darwin-arm64/src/sync/waitgroup.go:258"}
{"L":"ERROR","T":"2026-09-07T10:56:45.199+0300","C":"worker/pool.go:44","M":"worker failed","error":"broker queue is closed","S":"github.com/artni96/GophProfile/internal/worker.(*Pool).Launch.func1\n\t/Users/artni/Documents/Dev/GophProfile/internal/worker/pool.go:44\nsync.(*WaitGroup).Go.func1\n\t/Users/artni/go/pkg/mod/golang.org/toolchain@v0.0.1-go1.27.0.darwin-arm64/src/sync/waitgroup.go:258"}
{"L":"DEBUG","T":"2026-09-07T10:56:45.199+0300","C":"worker/pool.go:161","M":"broker queue is closed","worker id":6}
{"L":"DEBUG","T":"2026-09-07T10:56:45.199+0300","C":"worker/pool.go:161","M":"broker queue is closed","worker id":9}
{"L":"DEBUG","T":"2026-09-07T10:56:45.199+0300","C":"worker/pool.go:161","M":"broker queue is closed","worker id":3}
{"L":"DEBUG","T":"2026-09-07T10:56:45.199+0300","C":"worker/pool.go:84","M":"images.dlq is closed"}
{"L":"ERROR","T":"2026-09-07T10:56:45.199+0300","C":"worker/pool.go:52","M":"dlq worker failed","error":"broker queue is closed","S":"github.com/artni96/GophProfile/internal/worker.(*Pool).Launch.func2\n\t/Users/artni/Documents/Dev/GophProfile/internal/worker/pool.go:52\nsync.(*WaitGroup).Go.func1\n\t/Users/artni/go/pkg/mod/golang.org/toolchain@v0.0.1-go1.27.0.darwin-arm64/src/sync/waitgroup.go:258"}
{"L":"DEBUG","T":"2026-09-07T10:56:45.199+0300","C":"worker/pool.go:161","M":"broker queue is closed","worker id":1}
{"L":"ERROR","T":"2026-09-07T10:56:45.199+0300","C":"worker/pool.go:44","M":"worker failed","error":"broker queue is closed","S":"github.com/artni96/GophProfile/internal/worker.(*Pool).Launch.func1\n\t/Users/artni/Documents/Dev/GophProfile/internal/worker/pool.go:44\nsync.(*WaitGroup).Go.func1\n\t/Users/artni/go/pkg/mod/golang.org/toolchain@v0.0.1-go1.27.0.darwin-arm64/src/sync/waitgroup.go:258"}
{"L":"DEBUG","T":"2026-09-07T10:56:45.199+0300","C":"worker/pool.go:161","M":"broker queue is closed","worker id":0}
{"L":"ERROR","T":"2026-09-07T10:56:45.199+0300","C":"worker/pool.go:44","M":"worker failed","error":"broker queue is closed","S":"github.com/artni96/GophProfile/internal/worker.(*Pool).Launch.func1\n\t/Users/artni/Documents/Dev/GophProfile/internal/worker/pool.go:44\nsync.(*WaitGroup).Go.func1\n\t/Users/artni/go/pkg/mod/golang.org/toolchain@v0.0.1-go1.27.0.darwin-arm64/src/sync/waitgroup.go:258"}
{"L":"DEBUG","T":"2026-09-07T10:56:45.199+0300","C":"worker/pool.go:161","M":"broker queue is closed","worker id":2}
{"L":"ERROR","T":"2026-09-07T10:56:45.199+0300","C":"worker/pool.go:44","M":"worker failed","error":"broker queue is closed","S":"github.com/artni96/GophProfile/internal/worker.(*Pool).Launch.func1\n\t/Users/artni/Documents/Dev/GophProfile/internal/worker/pool.go:44\nsync.(*WaitGroup).Go.func1\n\t/Users/artni/go/pkg/mod/golang.org/toolchain@v0.0.1-go1.27.0.darwin-arm64/src/sync/waitgroup.go:258"}
{"L":"ERROR","T":"2026-09-07T10:56:45.199+0300","C":"worker/pool.go:44","M":"worker failed","error":"broker queue is closed","S":"github.com/artni96/GophProfile/internal/worker.(*Pool).Launch.func1\n\t/Users/artni/Documents/Dev/GophProfile/internal/worker/pool.go:44\nsync.(*WaitGroup).Go.func1\n\t/Users/artni/go/pkg/mod/golang.org/toolchain@v0.0.1-go1.27.0.darwin-arm64/src/sync/waitgroup.go:258"}
{"L":"ERROR","T":"2026-09-07T10:56:45.199+0300","C":"worker/pool.go:44","M":"worker failed","error":"broker queue is closed","S":"github.com/artni96/GophProfile/internal/worker.(*Pool).Launch.func1\n\t/Users/artni/Documents/Dev/GophProfile/internal/worker/pool.go:44\nsync.(*WaitGroup).Go.func1\n\t/Users/artni/go/pkg/mod/golang.org/toolchain@v0.0.1-go1.27.0.darwin-arm64/src/sync/waitgroup.go:258"}
{"L":"DEBUG","T":"2026-09-07T10:56:45.199+0300","C":"worker/pool.go:161","M":"broker queue is closed","worker id":4}
{"L":"ERROR","T":"2026-09-07T10:56:45.199+0300","C":"worker/pool.go:44","M":"worker failed","error":"broker queue is closed","S":"github.com/artni96/GophProfile/internal/worker.(*Pool).Launch.func1\n\t/Users/artni/Documents/Dev/GophProfile/internal/worker/pool.go:44\nsync.(*WaitGroup).Go.func1\n\t/Users/artni/go/pkg/mod/golang.org/toolchain@v0.0.1-go1.27.0.darwin-arm64/src/sync/waitgroup.go:258"}
{"L":"DEBUG","T":"2026-09-07T10:56:45.199+0300","C":"worker/pool.go:161","M":"broker queue is closed","worker id":8}
{"L":"ERROR","T":"2026-09-07T10:56:45.199+0300","C":"worker/pool.go:44","M":"worker failed","error":"broker queue is closed","S":"github.com/artni96/GophProfile/internal/worker.(*Pool).Launch.func1\n\t/Users/artni/Documents/Dev/GophProfile/internal/worker/pool.go:44\nsync.(*WaitGroup).Go.func1\n\t/Users/artni/go/pkg/mod/golang.org/toolchain@v0.0.1-go1.27.0.darwin-arm64/src/sync/waitgroup.go:258"}
{"L":"ERROR","T":"2026-09-07T10:56:45.199+0300","C":"worker/pool.go:44","M":"worker failed","error":"broker queue is closed","S":"github.com/artni96/GophProfile/internal/worker.(*Pool).Launch.func1\n\t/Users/artni/Documents/Dev/GophProfile/internal/worker/pool.go:44\nsync.(*WaitGroup).Go.func1\n\t/Users/artni/go/pkg/mod/golang.org/toolchain@v0.0.1-go1.27.0.darwin-arm64/src/sync/waitgroup.go:258"}
{"L":"DEBUG","T":"2026-09-07T10:56:45.199+0300","C":"worker/pool.go:161","M":"broker queue is closed","worker id":10}
{"L":"ERROR","T":"2026-09-07T10:56:45.199+0300","C":"worker/pool.go:44","M":"worker failed","error":"broker queue is closed","S":"github.com/artni96/GophProfile/internal/worker.(*Pool).Launch.func1\n\t/Users/artni/Documents/Dev/GophProfile/internal/worker/pool.go:44\nsync.(*WaitGroup).Go.func1\n\t/Users/artni/go/pkg/mod/golang.org/toolchain@v0.0.1-go1.27.0.darwin-arm64/src/sync/waitgroup.go:258"}
{"L":"DEBUG","T":"2026-09-07T10:56:56.602+0300","C":"storage/interface.go:26","M":"Successfully uploaded to gophprofile//user1/originals/cfbc30a7-c7d9-4d38-9385-15dcf0bade95"}
{"L":"ERROR","T":"2026-09-07T10:56:56.603+0300","C":"worker/rabbitmq.go:134","M":"failed to publish message","error":"Exception (504) Reason: \"channel/connection is not open\"","S":"github.com/artni96/GophProfile/internal/worker.(*Broker).Produce\n\t/Users/artni/Documents/Dev/GophProfile/internal/worker/rabbitmq.go:134\ngithub.com/artni96/GophProfile/internal/services/avatars.(*Service).Save\n\t/Users/artni/Documents/Dev/GophProfile/internal/services/avatars/avatars.go:115\ngithub.com/artni96/GophProfile/internal/handlers/avatars.(*AvatarHandler).Upload\n\t/Users/artni/Documents/Dev/GophProfile/internal/handlers/avatars/avatars.go:64\nnet/http.HandlerFunc.ServeHTTP\n\t/Users/artni/go/pkg/mod/golang.org/toolchain@v0.0.1-go1.27.0.darwin-arm64/src/net/http/server.go:2338\ngithub.com/go-chi/chi/v5.(*Mux).routeHTTP\n\t/Users/artni/go/pkg/mod/github.com/go-chi/chi/v5@v5.3.2/mux.go:483\nnet/http.HandlerFunc.ServeHTTP\n\t/Users/artni/go/pkg/mod/golang.org/toolchain@v0.0.1-go1.27.0.darwin-arm64/src/net/http/server.go:2338\ngithub.com/go-chi/chi/v5.(*Mux).ServeHTTP\n\t/Users/artni/go/pkg/mod/github.com/go-chi/chi/v5@v5.3.2/mux.go:73\ngithub.com/go-chi/chi/v5.(*Mux).Mount.func1\n\t/Users/artni/go/pkg/mod/github.com/go-chi/chi/v5@v5.3.2/mux.go:327\nnet/http.HandlerFunc.ServeHTTP\n\t/Users/artni/go/pkg/mod/golang.org/toolchain@v0.0.1-go1.27.0.darwin-arm64/src/net/http/server.go:2338\ngithub.com/go-chi/chi/v5.(*Mux).routeHTTP\n\t/Users/artni/go/pkg/mod/github.com/go-chi/chi/v5@v5.3.2/mux.go:483\nnet/http.HandlerFunc.ServeHTTP\n\t/Users/artni/go/pkg/mod/golang.org/toolchain@v0.0.1-go1.27.0.darwin-arm64/src/net/http/server.go:2338\ngithub.com/go-chi/chi/v5/middleware.Recoverer.func1\n\t/Users/artni/go/pkg/mod/github.com/go-chi/chi/v5@v5.3.2/middleware/recoverer.go:45\nnet/http.HandlerFunc.ServeHTTP\n\t/Users/artni/go/pkg/mod/golang.org/toolchain@v0.0.1-go1.27.0.darwin-arm64/src/net/http/server.go:2338\ngithub.com/go-chi/chi/v5/middleware.RequestID.func1\n\t/Users/artni/go/pkg/mod/github.com/go-chi/chi/v5@v5.3.2/middleware/request_id.go:76\nnet/http.HandlerFunc.ServeHTTP\n\t/Users/artni/go/pkg/mod/golang.org/toolchain@v0.0.1-go1.27.0.darwin-arm64/src/net/http/server.go:2338\ngithub.com/go-chi/chi/v5.(*Mux).ServeHTTP\n\t/Users/artni/go/pkg/mod/github.com/go-chi/chi/v5@v5.3.2/mux.go:73\ngithub.com/go-chi/chi/v5.(*Mux).Mount.func1\n\t/Users/artni/go/pkg/mod/github.com/go-chi/chi/v5@v5.3.2/mux.go:327\nnet/http.HandlerFunc.ServeHTTP\n\t/Users/artni/go/pkg/mod/golang.org/toolchain@v0.0.1-go1.27.0.darwin-arm64/src/net/http/server.go:2338\ngithub.com/go-chi/chi/v5.(*Mux).routeHTTP\n\t/Users/artni/go/pkg/mod/github.com/go-chi/chi/v5@v5.3.2/mux.go:483\nnet/http.HandlerFunc.ServeHTTP\n\t/Users/artni/go/pkg/mod/golang.org/toolchain@v0.0.1-go1.27.0.darwin-arm64/src/net/http/server.go:2338\ngithub.com/go-chi/chi/v5.(*Mux).ServeHTTP\n\t/Users/artni/go/pkg/mod/github.com/go-chi/chi/v5@v5.3.2/mux.go:90\nnet/http.serverHandler.ServeHTTP\n\t/Users/artni/go/pkg/mod/golang.org/toolchain@v0.0.1-go1.27.0.darwin-arm64/src/net/http/server.go:3413\nnet/http.(*conn).serve\n\t/Users/artni/go/pkg/mod/golang.org/toolchain@v0.0.1-go1.27.0.darwin-arm64/src/net/http/server.go:2137"}
{"L":"INFO","T":"2026-09-07T11:05:24.133+0300","C":"server/app.go:43","M":"shutting the app down"}
{"L":"INFO","T":"2026-09-07T11:05:24.133+0300","C":"server/app.go:51","M":"grace period has been expired - app closed forcefully"}
{"L":"INFO","T":"2026-09-07T11:05:42.869+0300","C":"app/app.go:67","M":"database connection initialized successfully"}
{"L":"DEBUG","T":"2026-09-07T11:05:42.887+0300","C":"worker/pool.go:127","M":"worker started","worker number":1}
{"L":"DEBUG","T":"2026-09-07T11:05:42.887+0300","C":"worker/pool.go:127","M":"worker started","worker number":8}
{"L":"DEBUG","T":"2026-09-07T11:05:42.887+0300","C":"worker/pool.go:60","M":"worker for dlq started"}
{"L":"DEBUG","T":"2026-09-07T11:05:42.887+0300","C":"worker/pool.go:127","M":"worker started","worker number":2}
{"L":"DEBUG","T":"2026-09-07T11:05:42.887+0300","C":"worker/pool.go:127","M":"worker started","worker number":6}
{"L":"DEBUG","T":"2026-09-07T11:05:42.887+0300","C":"worker/pool.go:127","M":"worker started","worker number":9}
{"L":"DEBUG","T":"2026-09-07T11:05:42.887+0300","C":"worker/pool.go:127","M":"worker started","worker number":4}
{"L":"DEBUG","T":"2026-09-07T11:05:42.887+0300","C":"worker/pool.go:127","M":"worker started","worker number":5}
{"L":"DEBUG","T":"2026-09-07T11:05:42.887+0300","C":"worker/pool.go:127","M":"worker started","worker number":0}
{"L":"DEBUG","T":"2026-09-07T11:05:42.887+0300","C":"worker/pool.go:127","M":"worker started","worker number":7}
{"L":"DEBUG","T":"2026-09-07T11:05:42.887+0300","C":"worker/pool.go:127","M":"worker started","worker number":3}
{"L":"DEBUG","T":"2026-09-07T11:05:42.887+0300","C":"worker/pool.go:127","M":"worker started","worker number":10}
{"L":"DEBUG","T":"2026-09-07T11:05:59.402+0300","C":"storage/interface.go:26","M":"Successfully uploaded to gophprofile//user1/originals/4ae34473-9135-4222-983f-ec0e878d5a0a"}
{"L":"DEBUG","T":"2026-09-07T11:05:59.407+0300","C":"worker/rabbitmq.go:141","M":"message has been delivered to broker successfully"}
{"L":"DEBUG","T":"2026-09-07T11:05:59.414+0300","C":"storage/interface.go:26","M":"Successfully uploaded to gophprofile//user1/%!s(uint64=100)/%!s(uint64=100)/4ae34473-9135-4222-983f-ec0e878d5a0a"}
{"L":"DEBUG","T":"2026-09-07T11:05:59.415+0300","C":"avatars/avatars.go:82","M":"failed to save thumbnail for avatar","id":"4ae34473-9135-4222-983f-ec0e878d5a0a","dimensions":"%!s(uint64=100)/%!s(uint64=100)","error":"ERROR: invalid input value for enum dimensions: \"%!s(uint64=100)/%!s(uint64=100)\" (SQLSTATE 22P02)"}
{"L":"DEBUG","T":"2026-09-07T11:05:59.415+0300","C":"worker/pool.go:175","M":"failed to upload thumbnails","error":"failed to save thumbnail for avatar: ERROR: invalid input value for enum dimensions: \"%!s(uint64=100)/%!s(uint64=100)\" (SQLSTATE 22P02)"}
{"L":"DEBUG","T":"2026-09-07T11:05:59.422+0300","C":"storage/interface.go:26","M":"Successfully uploaded to gophprofile//user1/%!s(uint64=100)/%!s(uint64=100)/4ae34473-9135-4222-983f-ec0e878d5a0a"}
{"L":"DEBUG","T":"2026-09-07T11:05:59.422+0300","C":"avatars/avatars.go:82","M":"failed to save thumbnail for avatar","id":"4ae34473-9135-4222-983f-ec0e878d5a0a","dimensions":"%!s(uint64=100)/%!s(uint64=100)","error":"ERROR: invalid input value for enum dimensions: \"%!s(uint64=100)/%!s(uint64=100)\" (SQLSTATE 22P02)"}
{"L":"DEBUG","T":"2026-09-07T11:05:59.422+0300","C":"worker/pool.go:175","M":"failed to upload thumbnails","error":"failed to save thumbnail for avatar: ERROR: invalid input value for enum dimensions: \"%!s(uint64=100)/%!s(uint64=100)\" (SQLSTATE 22P02)"}
{"L":"DEBUG","T":"2026-09-07T11:05:59.429+0300","C":"storage/interface.go:26","M":"Successfully uploaded to gophprofile//user1/%!s(uint64=100)/%!s(uint64=100)/4ae34473-9135-4222-983f-ec0e878d5a0a"}
{"L":"DEBUG","T":"2026-09-07T11:05:59.430+0300","C":"avatars/avatars.go:82","M":"failed to save thumbnail for avatar","id":"4ae34473-9135-4222-983f-ec0e878d5a0a","dimensions":"%!s(uint64=100)/%!s(uint64=100)","error":"ERROR: invalid input value for enum dimensions: \"%!s(uint64=100)/%!s(uint64=100)\" (SQLSTATE 22P02)"}
{"L":"DEBUG","T":"2026-09-07T11:05:59.430+0300","C":"worker/pool.go:175","M":"failed to upload thumbnails","error":"failed to save thumbnail for avatar: ERROR: invalid input value for enum dimensions: \"%!s(uint64=100)/%!s(uint64=100)\" (SQLSTATE 22P02)"}
{"L":"DEBUG","T":"2026-09-07T11:05:59.430+0300","C":"worker/pool.go:181","M":"failed to upload thumbnails","error":"failed to save thumbnail for avatar: ERROR: invalid input value for enum dimensions: \"%!s(uint64=100)/%!s(uint64=100)\" (SQLSTATE 22P02)"}
{"L":"DEBUG","T":"2026-09-07T11:05:59.430+0300","C":"worker/pool.go:185","M":"message goes to images.dlq","message id":"b4a68760-56d2-44bc-83a8-cfeefdb6d0bf","worker id":4}
{"L":"DEBUG","T":"2026-09-07T11:05:59.437+0300","C":"storage/interface.go:26","M":"Successfully uploaded to gophprofile//user1/%!s(uint64=100)/%!s(uint64=100)/4ae34473-9135-4222-983f-ec0e878d5a0a"}
{"L":"DEBUG","T":"2026-09-07T11:05:59.437+0300","C":"avatars/avatars.go:82","M":"failed to save thumbnail for avatar","id":"4ae34473-9135-4222-983f-ec0e878d5a0a","dimensions":"%!s(uint64=100)/%!s(uint64=100)","error":"ERROR: invalid input value for enum dimensions: \"%!s(uint64=100)/%!s(uint64=100)\" (SQLSTATE 22P02)"}
{"L":"DEBUG","T":"2026-09-07T11:05:59.437+0300","C":"worker/pool.go:96","M":"failed to upload thumbnails","error":"failed to save thumbnail for avatar: ERROR: invalid input value for enum dimensions: \"%!s(uint64=100)/%!s(uint64=100)\" (SQLSTATE 22P02)"}
{"L":"DEBUG","T":"2026-09-07T11:05:59.443+0300","C":"storage/interface.go:26","M":"Successfully uploaded to gophprofile//user1/%!s(uint64=100)/%!s(uint64=100)/4ae34473-9135-4222-983f-ec0e878d5a0a"}
{"L":"DEBUG","T":"2026-09-07T11:05:59.443+0300","C":"avatars/avatars.go:82","M":"failed to save thumbnail for avatar","id":"4ae34473-9135-4222-983f-ec0e878d5a0a","dimensions":"%!s(uint64=100)/%!s(uint64=100)","error":"ERROR: invalid input value for enum dimensions: \"%!s(uint64=100)/%!s(uint64=100)\" (SQLSTATE 22P02)"}
{"L":"DEBUG","T":"2026-09-07T11:05:59.443+0300","C":"worker/pool.go:96","M":"failed to upload thumbnails","error":"failed to save thumbnail for avatar: ERROR: invalid input value for enum dimensions: \"%!s(uint64=100)/%!s(uint64=100)\" (SQLSTATE 22P02)"}
{"L":"DEBUG","T":"2026-09-07T11:05:59.447+0300","C":"storage/interface.go:26","M":"Successfully uploaded to gophprofile//user1/%!s(uint64=100)/%!s(uint64=100)/4ae34473-9135-4222-983f-ec0e878d5a0a"}
{"L":"DEBUG","T":"2026-09-07T11:05:59.448+0300","C":"avatars/avatars.go:82","M":"failed to save thumbnail for avatar","id":"4ae34473-9135-4222-983f-ec0e878d5a0a","dimensions":"%!s(uint64=100)/%!s(uint64=100)","error":"ERROR: invalid input value for enum dimensions: \"%!s(uint64=100)/%!s(uint64=100)\" (SQLSTATE 22P02)"}
{"L":"DEBUG","T":"2026-09-07T11:05:59.448+0300","C":"worker/pool.go:96","M":"failed to upload thumbnails","error":"failed to save thumbnail for avatar: ERROR: invalid input value for enum dimensions: \"%!s(uint64=100)/%!s(uint64=100)\" (SQLSTATE 22P02)"}
{"L":"DEBUG","T":"2026-09-07T11:05:59.448+0300","C":"worker/pool.go:102","M":"failed to upload thumbnails","error":"failed to save thumbnail for avatar: ERROR: invalid input value for enum dimensions: \"%!s(uint64=100)/%!s(uint64=100)\" (SQLSTATE 22P02)"}
{"L":"DEBUG","T":"2026-09-07T11:05:59.448+0300","C":"worker/pool.go:106","M":"message goes to images.dlq","message id":"b4a68760-56d2-44bc-83a8-cfeefdb6d0bf"}
{"L":"INFO","T":"2026-09-07T11:10:31.746+0300","C":"server/app.go:43","M":"shutting the app down"}
{"L":"INFO","T":"2026-09-07T11:10:31.746+0300","C":"server/app.go:51","M":"grace period has been expired - app closed forcefully"}
{"L":"INFO","T":"2026-09-07T11:10:33.956+0300","C":"/Users/artni/Documents/Dev/GophProfile/internal/app/app.go:67","M":"database connection initialized successfully"}
{"L":"DEBUG","T":"2026-09-07T11:10:33.970+0300","C":"/Users/artni/Documents/Dev/GophProfile/internal/worker/pool.go:60","M":"worker for dlq started"}
{"L":"DEBUG","T":"2026-09-07T11:10:33.970+0300","C":"/Users/artni/Documents/Dev/GophProfile/internal/worker/pool.go:127","M":"worker started","worker number":9}
{"L":"DEBUG","T":"2026-09-07T11:10:33.970+0300","C":"/Users/artni/Documents/Dev/GophProfile/internal/worker/pool.go:127","M":"worker started","worker number":6}
{"L":"DEBUG","T":"2026-09-07T11:10:33.970+0300","C":"/Users/artni/Documents/Dev/GophProfile/internal/worker/pool.go:127","M":"worker started","worker number":1}
{"L":"DEBUG","T":"2026-09-07T11:10:33.970+0300","C":"/Users/artni/Documents/Dev/GophProfile/internal/worker/pool.go:127","M":"worker started","worker number":8}
{"L":"DEBUG","T":"2026-09-07T11:10:33.970+0300","C":"/Users/artni/Documents/Dev/GophProfile/internal/worker/pool.go:127","M":"worker started","worker number":10}
{"L":"DEBUG","T":"2026-09-07T11:10:33.970+0300","C":"/Users/artni/Documents/Dev/GophProfile/internal/worker/pool.go:127","M":"worker started","worker number":2}
{"L":"DEBUG","T":"2026-09-07T11:10:33.970+0300","C":"/Users/artni/Documents/Dev/GophProfile/internal/worker/pool.go:127","M":"worker started","worker number":3}
{"L":"DEBUG","T":"2026-09-07T11:10:33.970+0300","C":"/Users/artni/Documents/Dev/GophProfile/internal/worker/pool.go:127","M":"worker started","worker number":4}
{"L":"DEBUG","T":"2026-09-07T11:10:33.970+0300","C":"/Users/artni/Documents/Dev/GophProfile/internal/worker/pool.go:127","M":"worker started","worker number":7}
{"L":"DEBUG","T":"2026-09-07T11:10:33.970+0300","C":"/Users/artni/Documents/Dev/GophProfile/internal/worker/pool.go:127","M":"worker started","worker number":5}
{"L":"DEBUG","T":"2026-09-07T11:10:33.970+0300","C":"/Users/artni/Documents/Dev/GophProfile/internal/worker/pool.go:127","M":"worker started","worker number":0}
{"L":"DEBUG","T":"2026-09-07T11:11:01.757+0300","C":"/Users/artni/Documents/Dev/GophProfile/internal/storage/interface.go:26","M":"Successfully uploaded to gophprofile//user1/originals/ab500661-ee11-4881-ba69-b3c7b0dcf765"}
{"L":"DEBUG","T":"2026-09-07T11:11:01.767+0300","C":"/Users/artni/Documents/Dev/GophProfile/internal/worker/rabbitmq.go:141","M":"message has been delivered to broker successfully"}
{"L":"DEBUG","T":"2026-09-07T11:11:01.774+0300","C":"/Users/artni/Documents/Dev/GophProfile/internal/storage/interface.go:26","M":"Successfully uploaded to gophprofile//user1/%!s(uint64=100)/%!s(uint64=100)/ab500661-ee11-4881-ba69-b3c7b0dcf765"}
{"L":"DEBUG","T":"2026-09-07T11:11:01.775+0300","C":"/Users/artni/Documents/Dev/GophProfile/internal/repository/avatars/avatars.go:82","M":"failed to save thumbnail for avatar","id":"ab500661-ee11-4881-ba69-b3c7b0dcf765","dimensions":"%!s(uint64=100)/%!s(uint64=100)","error":"ERROR: invalid input value for enum dimensions: \"%!s(uint64=100)/%!s(uint64=100)\" (SQLSTATE 22P02)"}
{"L":"DEBUG","T":"2026-09-07T11:11:01.775+0300","C":"/Users/artni/Documents/Dev/GophProfile/internal/worker/pool.go:175","M":"failed to upload thumbnails","error":"failed to save thumbnail for avatar: ERROR: invalid input value for enum dimensions: \"%!s(uint64=100)/%!s(uint64=100)\" (SQLSTATE 22P02)"}
{"L":"DEBUG","T":"2026-09-07T11:11:01.782+0300","C":"/Users/artni/Documents/Dev/GophProfile/internal/storage/interface.go:26","M":"Successfully uploaded to gophprofile//user1/%!s(uint64=100)/%!s(uint64=100)/ab500661-ee11-4881-ba69-b3c7b0dcf765"}
{"L":"DEBUG","T":"2026-09-07T11:11:01.783+0300","C":"/Users/artni/Documents/Dev/GophProfile/internal/repository/avatars/avatars.go:82","M":"failed to save thumbnail for avatar","id":"ab500661-ee11-4881-ba69-b3c7b0dcf765","dimensions":"%!s(uint64=100)/%!s(uint64=100)","error":"ERROR: invalid input value for enum dimensions: \"%!s(uint64=100)/%!s(uint64=100)\" (SQLSTATE 22P02)"}
{"L":"DEBUG","T":"2026-09-07T11:11:01.783+0300","C":"/Users/artni/Documents/Dev/GophProfile/internal/worker/pool.go:175","M":"failed to upload thumbnails","error":"failed to save thumbnail for avatar: ERROR: invalid input value for enum dimensions: \"%!s(uint64=100)/%!s(uint64=100)\" (SQLSTATE 22P02)"}
{"L":"DEBUG","T":"2026-09-07T11:11:01.791+0300","C":"/Users/artni/Documents/Dev/GophProfile/internal/storage/interface.go:26","M":"Successfully uploaded to gophprofile//user1/%!s(uint64=100)/%!s(uint64=100)/ab500661-ee11-4881-ba69-b3c7b0dcf765"}
{"L":"DEBUG","T":"2026-09-07T11:11:01.791+0300","C":"/Users/artni/Documents/Dev/GophProfile/internal/repository/avatars/avatars.go:82","M":"failed to save thumbnail for avatar","id":"ab500661-ee11-4881-ba69-b3c7b0dcf765","dimensions":"%!s(uint64=100)/%!s(uint64=100)","error":"ERROR: invalid input value for enum dimensions: \"%!s(uint64=100)/%!s(uint64=100)\" (SQLSTATE 22P02)"}
{"L":"DEBUG","T":"2026-09-07T11:11:01.791+0300","C":"/Users/artni/Documents/Dev/GophProfile/internal/worker/pool.go:175","M":"failed to upload thumbnails","error":"failed to save thumbnail for avatar: ERROR: invalid input value for enum dimensions: \"%!s(uint64=100)/%!s(uint64=100)\" (SQLSTATE 22P02)"}
{"L":"DEBUG","T":"2026-09-07T11:11:01.791+0300","C":"/Users/artni/Documents/Dev/GophProfile/internal/worker/pool.go:181","M":"failed to upload thumbnails","error":"failed to save thumbnail for avatar: ERROR: invalid input value for enum dimensions: \"%!s(uint64=100)/%!s(uint64=100)\" (SQLSTATE 22P02)"}
{"L":"DEBUG","T":"2026-09-07T11:11:01.791+0300","C":"/Users/artni/Documents/Dev/GophProfile/internal/worker/pool.go:185","M":"message goes to images.dlq","message id":"7e6e39da-f9f6-44ef-a426-0b6d88d3e422","worker id":8}
{"L":"DEBUG","T":"2026-09-07T11:11:01.799+0300","C":"/Users/artni/Documents/Dev/GophProfile/internal/storage/interface.go:26","M":"Successfully uploaded to gophprofile//user1/%!s(uint64=100)/%!s(uint64=100)/ab500661-ee11-4881-ba69-b3c7b0dcf765"}
{"L":"DEBUG","T":"2026-09-07T11:11:01.799+0300","C":"/Users/artni/Documents/Dev/GophProfile/internal/repository/avatars/avatars.go:82","M":"failed to save thumbnail for avatar","id":"ab500661-ee11-4881-ba69-b3c7b0dcf765","dimensions":"%!s(uint64=100)/%!s(uint64=100)","error":"ERROR: invalid input value for enum dimensions: \"%!s(uint64=100)/%!s(uint64=100)\" (SQLSTATE 22P02)"}
{"L":"DEBUG","T":"2026-09-07T11:11:01.799+0300","C":"/Users/artni/Documents/Dev/GophProfile/internal/worker/pool.go:96","M":"failed to upload thumbnails","error":"failed to save thumbnail for avatar: ERROR: invalid input value for enum dimensions: \"%!s(uint64=100)/%!s(uint64=100)\" (SQLSTATE 22P02)"}
{"L":"DEBUG","T":"2026-09-07T11:11:01.807+0300","C":"/Users/artni/Documents/Dev/GophProfile/internal/storage/interface.go:26","M":"Successfully uploaded to gophprofile//user1/%!s(uint64=100)/%!s(uint64=100)/ab500661-ee11-4881-ba69-b3c7b0dcf765"}
{"L":"DEBUG","T":"2026-09-07T11:11:01.807+0300","C":"/Users/artni/Documents/Dev/GophProfile/internal/repository/avatars/avatars.go:82","M":"failed to save thumbnail for avatar","id":"ab500661-ee11-4881-ba69-b3c7b0dcf765","dimensions":"%!s(uint64=100)/%!s(uint64=100)","error":"ERROR: invalid input value for enum dimensions: \"%!s(uint64=100)/%!s(uint64=100)\" (SQLSTATE 22P02)"}
{"L":"DEBUG","T":"2026-09-07T11:11:01.807+0300","C":"/Users/artni/Documents/Dev/GophProfile/internal/worker/pool.go:96","M":"failed to upload thumbnails","error":"failed to save thumbnail for avatar: ERROR: invalid input value for enum dimensions: \"%!s(uint64=100)/%!s(uint64=100)\" (SQLSTATE 22P02)"}
{"L":"DEBUG","T":"2026-09-07T11:11:01.814+0300","C":"/Users/artni/Documents/Dev/GophProfile/internal/storage/interface.go:26","M":"Successfully uploaded to gophprofile//user1/%!s(uint64=100)/%!s(uint64=100)/ab500661-ee11-4881-ba69-b3c7b0dcf765"}
{"L":"DEBUG","T":"2026-09-07T11:11:01.815+0300","C":"/Users/artni/Documents/Dev/GophProfile/internal/repository/avatars/avatars.go:82","M":"failed to save thumbnail for avatar","id":"ab500661-ee11-4881-ba69-b3c7b0dcf765","dimensions":"%!s(uint64=100)/%!s(uint64=100)","error":"ERROR: invalid input value for enum dimensions: \"%!s(uint64=100)/%!s(uint64=100)\" (SQLSTATE 22P02)"}
{"L":"DEBUG","T":"2026-09-07T11:11:01.815+0300","C":"/Users/artni/Documents/Dev/GophProfile/internal/worker/pool.go:96","M":"failed to upload thumbnails","error":"failed to save thumbnail for avatar: ERROR: invalid input value for enum dimensions: \"%!s(uint64=100)/%!s(uint64=100)\" (SQLSTATE 22P02)"}
{"L":"DEBUG","T":"2026-09-07T11:11:01.815+0300","C":"/Users/artni/Documents/Dev/GophProfile/internal/worker/pool.go:102","M":"failed to upload thumbnails","error":"failed to save thumbnail for avatar: ERROR: invalid input value for enum dimensions: \"%!s(uint64=100)/%!s(uint64=100)\" (SQLSTATE 22P02)"}
{"L":"DEBUG","T":"2026-09-07T11:11:01.815+0300","C":"/Users/artni/Documents/Dev/GophProfile/internal/worker/pool.go:106","M":"message goes to images.dlq","message id":"7e6e39da-f9f6-44ef-a426-0b6d88d3e422"}
{"L":"INFO","T":"2026-09-07T11:12:51.123+0300","C":"/Users/artni/Documents/Dev/GophProfile/cmd/server/app.go:43","M":"shutting the app down"}
{"L":"INFO","T":"2026-09-07T11:12:51.123+0300","C":"/Users/artni/Documents/Dev/GophProfile/cmd/server/app.go:51","M":"grace period has been expired - app closed forcefully"}
{"L":"INFO","T":"2026-09-07T11:12:53.801+0300","C":"/Users/artni/Documents/Dev/GophProfile/internal/app/app.go:67","M":"database connection initialized successfully"}
{"L":"DEBUG","T":"2026-09-07T11:12:53.817+0300","C":"/Users/artni/Documents/Dev/GophProfile/internal/worker/pool.go:60","M":"worker for dlq started"}
{"L":"DEBUG","T":"2026-09-07T11:12:53.817+0300","C":"/Users/artni/Documents/Dev/GophProfile/internal/worker/pool.go:127","M":"worker started","worker number":8}
{"L":"DEBUG","T":"2026-09-07T11:12:53.817+0300","C":"/Users/artni/Documents/Dev/GophProfile/internal/worker/pool.go:127","M":"worker started","worker number":9}
{"L":"DEBUG","T":"2026-09-07T11:12:53.817+0300","C":"/Users/artni/Documents/Dev/GophProfile/internal/worker/pool.go:127","M":"worker started","worker number":5}
{"L":"DEBUG","T":"2026-09-07T11:12:53.817+0300","C":"/Users/artni/Documents/Dev/GophProfile/internal/worker/pool.go:127","M":"worker started","worker number":10}
{"L":"DEBUG","T":"2026-09-07T11:12:53.817+0300","C":"/Users/artni/Documents/Dev/GophProfile/internal/worker/pool.go:127","M":"worker started","worker number":4}
{"L":"DEBUG","T":"2026-09-07T11:12:53.817+0300","C":"/Users/artni/Documents/Dev/GophProfile/internal/worker/pool.go:127","M":"worker started","worker number":6}
{"L":"DEBUG","T":"2026-09-07T11:12:53.817+0300","C":"/Users/artni/Documents/Dev/GophProfile/internal/worker/pool.go:127","M":"worker started","worker number":7}
{"L":"DEBUG","T":"2026-09-07T11:12:53.817+0300","C":"/Users/artni/Documents/Dev/GophProfile/internal/worker/pool.go:127","M":"worker started","worker number":1}
{"L":"DEBUG","T":"2026-09-07T11:12:53.817+0300","C":"/Users/artni/Documents/Dev/GophProfile/internal/worker/pool.go:127","M":"worker started","worker number":0}
{"L":"DEBUG","T":"2026-09-07T11:12:53.817+0300","C":"/Users/artni/Documents/Dev/GophProfile/internal/worker/pool.go:127","M":"worker started","worker number":2}
{"L":"DEBUG","T":"2026-09-07T11:12:53.817+0300","C":"/Users/artni/Documents/Dev/GophProfile/internal/worker/pool.go:127","M":"worker started","worker number":3}
{"L":"DEBUG","T":"2026-09-07T11:12:56.078+0300","C":"/Users/artni/Documents/Dev/GophProfile/internal/storage/interface.go:26","M":"Successfully uploaded to gophprofile/user1/originals/08d6b552-8f0b-48de-9140-a921e17f67b4"}
{"L":"DEBUG","T":"2026-09-07T11:13:02.560+0300","C":"/Users/artni/Documents/Dev/GophProfile/internal/worker/rabbitmq.go:141","M":"message has been delivered to broker successfully"}
{"L":"DEBUG","T":"2026-09-07T11:13:02.574+0300","C":"/Users/artni/Documents/Dev/GophProfile/internal/storage/interface.go:26","M":"Successfully uploaded to gophprofile/user1/%!s(uint64=100)/%!s(uint64=100)/08d6b552-8f0b-48de-9140-a921e17f67b4"}
{"L":"DEBUG","T":"2026-09-07T11:13:02.575+0300","C":"/Users/artni/Documents/Dev/GophProfile/internal/repository/avatars/avatars.go:82","M":"failed to save thumbnail for avatar","id":"08d6b552-8f0b-48de-9140-a921e17f67b4","dimensions":"%!s(uint64=100)/%!s(uint64=100)","error":"ERROR: invalid input value for enum dimensions: \"%!s(uint64=100)/%!s(uint64=100)\" (SQLSTATE 22P02)"}
{"L":"DEBUG","T":"2026-09-07T11:13:09.618+0300","C":"/Users/artni/Documents/Dev/GophProfile/internal/worker/pool.go:175","M":"failed to upload thumbnails","error":"failed to save thumbnail for avatar: ERROR: invalid input value for enum dimensions: \"%!s(uint64=100)/%!s(uint64=100)\" (SQLSTATE 22P02)"}
{"L":"INFO","T":"2026-09-07T11:13:09.620+0300","C":"/Users/artni/Documents/Dev/GophProfile/cmd/server/app.go:43","M":"shutting the app down"}
{"L":"INFO","T":"2026-09-07T11:13:09.620+0300","C":"/Users/artni/Documents/Dev/GophProfile/cmd/server/app.go:51","M":"grace period has been expired - app closed forcefully"}
{"L":"INFO","T":"2026-09-07T11:13:10.347+0300","C":"/Users/artni/Documents/Dev/GophProfile/internal/app/app.go:67","M":"database connection initialized successfully"}
{"L":"DEBUG","T":"2026-09-07T11:13:10.355+0300","C":"/Users/artni/Documents/Dev/GophProfile/internal/worker/pool.go:127","M":"worker started","worker number":6}
{"L":"DEBUG","T":"2026-09-07T11:13:10.355+0300","C":"/Users/artni/Documents/Dev/GophProfile/internal/worker/pool.go:127","M":"worker started","worker number":9}
{"L":"DEBUG","T":"2026-09-07T11:13:10.355+0300","C":"/Users/artni/Documents/Dev/GophProfile/internal/worker/pool.go:127","M":"worker started","worker number":8}
{"L":"DEBUG","T":"2026-09-07T11:13:10.355+0300","C":"/Users/artni/Documents/Dev/GophProfile/internal/worker/pool.go:127","M":"worker started","worker number":2}
{"L":"DEBUG","T":"2026-09-07T11:13:10.355+0300","C":"/Users/artni/Documents/Dev/GophProfile/internal/worker/pool.go:127","M":"worker started","worker number":0}
{"L":"DEBUG","T":"2026-09-07T11:13:10.355+0300","C":"/Users/artni/Documents/Dev/GophProfile/internal/worker/pool.go:127","M":"worker started","worker number":3}
{"L":"DEBUG","T":"2026-09-07T11:13:10.355+0300","C":"/Users/artni/Documents/Dev/GophProfile/internal/worker/pool.go:60","M":"worker for dlq started"}
{"L":"DEBUG","T":"2026-09-07T11:13:10.355+0300","C":"/Users/artni/Documents/Dev/GophProfile/internal/worker/pool.go:127","M":"worker started","worker number":10}
{"L":"DEBUG","T":"2026-09-07T11:13:10.355+0300","C":"/Users/artni/Documents/Dev/GophProfile/internal/worker/pool.go:127","M":"worker started","worker number":4}
{"L":"DEBUG","T":"2026-09-07T11:13:10.355+0300","C":"/Users/artni/Documents/Dev/GophProfile/internal/worker/pool.go:127","M":"worker started","worker number":1}
{"L":"DEBUG","T":"2026-09-07T11:13:10.355+0300","C":"/Users/artni/Documents/Dev/GophProfile/internal/worker/pool.go:127","M":"worker started","worker number":5}
{"L":"DEBUG","T":"2026-09-07T11:13:10.355+0300","C":"/Users/artni/Documents/Dev/GophProfile/internal/worker/pool.go:127","M":"worker started","worker number":7}
{"L":"DEBUG","T":"2026-09-07T11:13:27.340+0300","C":"/Users/artni/Documents/Dev/GophProfile/internal/worker/pool.go:161","M":"broker queue is closed","worker id":6}
{"L":"DEBUG","T":"2026-09-07T11:13:27.341+0300","C":"/Users/artni/Documents/Dev/GophProfile/internal/worker/pool.go:161","M":"broker queue is closed","worker id":8}
{"L":"DEBUG","T":"2026-09-07T11:13:27.341+0300","C":"/Users/artni/Documents/Dev/GophProfile/internal/worker/pool.go:161","M":"broker queue is closed","worker id":10}
{"L":"DEBUG","T":"2026-09-07T11:13:27.340+0300","C":"/Users/artni/Documents/Dev/GophProfile/internal/worker/pool.go:161","M":"broker queue is closed","worker id":9}
{"L":"ERROR","T":"2026-09-07T11:13:27.341+0300","C":"/Users/artni/Documents/Dev/GophProfile/internal/worker/pool.go:44","M":"worker failed","error":"broker queue is closed","S":"github.com/artni96/GophProfile/internal/worker.(*Pool).Launch.func1\n\t/Users/artni/Documents/Dev/GophProfile/internal/worker/pool.go:44\nsync.(*WaitGroup).Go.func1\n\t/Users/artni/go/pkg/mod/golang.org/toolchain@v0.0.1-go1.27.0.darwin-arm64/src/sync/waitgroup.go:258"}
{"L":"DEBUG","T":"2026-09-07T11:13:27.340+0300","C":"/Users/artni/Documents/Dev/GophProfile/internal/worker/pool.go:161","M":"broker queue is closed","worker id":4}
{"L":"ERROR","T":"2026-09-07T11:13:27.341+0300","C":"/Users/artni/Documents/Dev/GophProfile/internal/worker/pool.go:44","M":"worker failed","error":"broker queue is closed","S":"github.com/artni96/GophProfile/internal/worker.(*Pool).Launch.func1\n\t/Users/artni/Documents/Dev/GophProfile/internal/worker/pool.go:44\nsync.(*WaitGroup).Go.func1\n\t/Users/artni/go/pkg/mod/golang.org/toolchain@v0.0.1-go1.27.0.darwin-arm64/src/sync/waitgroup.go:258"}
{"L":"ERROR","T":"2026-09-07T11:13:27.341+0300","C":"/Users/artni/Documents/Dev/GophProfile/internal/worker/pool.go:44","M":"worker failed","error":"broker queue is closed","S":"github.com/artni96/GophProfile/internal/worker.(*Pool).Launch.func1\n\t/Users/artni/Documents/Dev/GophProfile/internal/worker/pool.go:44\nsync.(*WaitGroup).Go.func1\n\t/Users/artni/go/pkg/mod/golang.org/toolchain@v0.0.1-go1.27.0.darwin-arm64/src/sync/waitgroup.go:258"}
{"L":"DEBUG","T":"2026-09-07T11:13:27.341+0300","C":"/Users/artni/Documents/Dev/GophProfile/internal/worker/pool.go:161","M":"broker queue is closed","worker id":1}
{"L":"DEBUG","T":"2026-09-07T11:13:27.341+0300","C":"/Users/artni/Documents/Dev/GophProfile/internal/worker/pool.go:161","M":"broker queue is closed","worker id":5}
{"L":"ERROR","T":"2026-09-07T11:13:27.341+0300","C":"/Users/artni/Documents/Dev/GophProfile/internal/worker/pool.go:44","M":"worker failed","error":"broker queue is closed","S":"github.com/artni96/GophProfile/internal/worker.(*Pool).Launch.func1\n\t/Users/artni/Documents/Dev/GophProfile/internal/worker/pool.go:44\nsync.(*WaitGroup).Go.func1\n\t/Users/artni/go/pkg/mod/golang.org/toolchain@v0.0.1-go1.27.0.darwin-arm64/src/sync/waitgroup.go:258"}
{"L":"DEBUG","T":"2026-09-07T11:13:27.340+0300","C":"/Users/artni/Documents/Dev/GophProfile/internal/worker/pool.go:161","M":"broker queue is closed","worker id":3}
{"L":"ERROR","T":"2026-09-07T11:13:27.390+0300","C":"/Users/artni/Documents/Dev/GophProfile/internal/worker/pool.go:44","M":"worker failed","error":"broker queue is closed","S":"github.com/artni96/GophProfile/internal/worker.(*Pool).Launch.func1\n\t/Users/artni/Documents/Dev/GophProfile/internal/worker/pool.go:44\nsync.(*WaitGroup).Go.func1\n\t/Users/artni/go/pkg/mod/golang.org/toolchain@v0.0.1-go1.27.0.darwin-arm64/src/sync/waitgroup.go:258"}
{"L":"DEBUG","T":"2026-09-07T11:13:27.341+0300","C":"/Users/artni/Documents/Dev/GophProfile/internal/worker/pool.go:84","M":"images.dlq is closed"}
{"L":"DEBUG","T":"2026-09-07T11:13:27.367+0300","C":"/Users/artni/Documents/Dev/GophProfile/internal/worker/pool.go:161","M":"broker queue is closed","worker id":7}
{"L":"ERROR","T":"2026-09-07T11:13:27.400+0300","C":"/Users/artni/Documents/Dev/GophProfile/internal/worker/pool.go:44","M":"worker failed","error":"broker queue is closed","S":"github.com/artni96/GophProfile/internal/worker.(*Pool).Launch.func1\n\t/Users/artni/Documents/Dev/GophProfile/internal/worker/pool.go:44\nsync.(*WaitGroup).Go.func1\n\t/Users/artni/go/pkg/mod/golang.org/toolchain@v0.0.1-go1.27.0.darwin-arm64/src/sync/waitgroup.go:258"}
{"L":"ERROR","T":"2026-09-07T11:13:27.379+0300","C":"/Users/artni/Documents/Dev/GophProfile/internal/worker/pool.go:44","M":"worker failed","error":"broker queue is closed","S":"github.com/artni96/GophProfile/internal/worker.(*Pool).Launch.func1\n\t/Users/artni/Documents/Dev/GophProfile/internal/worker/pool.go:44\nsync.(*WaitGroup).Go.func1\n\t/Users/artni/go/pkg/mod/golang.org/toolchain@v0.0.1-go1.27.0.darwin-arm64/src/sync/waitgroup.go:258"}
{"L":"ERROR","T":"2026-09-07T11:13:27.379+0300","C":"/Users/artni/Documents/Dev/GophProfile/internal/worker/pool.go:44","M":"worker failed","error":"broker queue is closed","S":"github.com/artni96/GophProfile/internal/worker.(*Pool).Launch.func1\n\t/Users/artni/Documents/Dev/GophProfile/internal/worker/pool.go:44\nsync.(*WaitGroup).Go.func1\n\t/Users/artni/go/pkg/mod/golang.org/toolchain@v0.0.1-go1.27.0.darwin-arm64/src/sync/waitgroup.go:258"}
{"L":"DEBUG","T":"2026-09-07T11:13:27.340+0300","C":"/Users/artni/Documents/Dev/GophProfile/internal/worker/pool.go:161","M":"broker queue is closed","worker id":2}
{"L":"ERROR","T":"2026-09-07T11:13:27.341+0300","C":"/Users/artni/Documents/Dev/GophProfile/internal/worker/pool.go:44","M":"worker failed","error":"broker queue is closed","S":"github.com/artni96/GophProfile/internal/worker.(*Pool).Launch.func1\n\t/Users/artni/Documents/Dev/GophProfile/internal/worker/pool.go:44\nsync.(*WaitGroup).Go.func1\n\t/Users/artni/go/pkg/mod/golang.org/toolchain@v0.0.1-go1.27.0.darwin-arm64/src/sync/waitgroup.go:258"}
{"L":"ERROR","T":"2026-09-07T11:13:27.422+0300","C":"/Users/artni/Documents/Dev/GophProfile/internal/worker/pool.go:44","M":"worker failed","error":"broker queue is closed","S":"github.com/artni96/GophProfile/internal/worker.(*Pool).Launch.func1\n\t/Users/artni/Documents/Dev/GophProfile/internal/worker/pool.go:44\nsync.(*WaitGroup).Go.func1\n\t/Users/artni/go/pkg/mod/golang.org/toolchain@v0.0.1-go1.27.0.darwin-arm64/src/sync/waitgroup.go:258"}
{"L":"ERROR","T":"2026-09-07T11:13:27.400+0300","C":"/Users/artni/Documents/Dev/GophProfile/internal/worker/pool.go:52","M":"dlq worker failed","error":"broker queue is closed","S":"github.com/artni96/GophProfile/internal/worker.(*Pool).Launch.func2\n\t/Users/artni/Documents/Dev/GophProfile/internal/worker/pool.go:52\nsync.(*WaitGroup).Go.func1\n\t/Users/artni/go/pkg/mod/golang.org/toolchain@v0.0.1-go1.27.0.darwin-arm64/src/sync/waitgroup.go:258"}
{"L":"DEBUG","T":"2026-09-07T11:13:27.450+0300","C":"/Users/artni/Documents/Dev/GophProfile/internal/storage/interface.go:26","M":"Successfully uploaded to gophprofile/user1/%!s(uint64=100)/%!s(uint64=100)/08d6b552-8f0b-48de-9140-a921e17f67b4"}
{"L":"INFO","T":"2026-09-07T11:13:43.205+0300","C":"/Users/artni/Documents/Dev/GophProfile/cmd/server/app.go:43","M":"shutting the app down"}
{"L":"INFO","T":"2026-09-07T11:13:43.205+0300","C":"/Users/artni/Documents/Dev/GophProfile/cmd/server/app.go:51","M":"grace period has been expired - app closed forcefully"}
{"L":"INFO","T":"2026-09-07T11:14:00.547+0300","C":"/Users/artni/Documents/Dev/GophProfile/internal/app/app.go:67","M":"database connection initialized successfully"}
{"L":"DEBUG","T":"2026-09-07T11:14:00.568+0300","C":"/Users/artni/Documents/Dev/GophProfile/internal/worker/pool.go:127","M":"worker started","worker number":5}
{"L":"DEBUG","T":"2026-09-07T11:14:00.568+0300","C":"/Users/artni/Documents/Dev/GophProfile/internal/worker/pool.go:60","M":"worker for dlq started"}
{"L":"DEBUG","T":"2026-09-07T11:14:00.568+0300","C":"/Users/artni/Documents/Dev/GophProfile/internal/worker/pool.go:127","M":"worker started","worker number":6}
{"L":"DEBUG","T":"2026-09-07T11:14:00.568+0300","C":"/Users/artni/Documents/Dev/GophProfile/internal/worker/pool.go:127","M":"worker started","worker number":2}
{"L":"DEBUG","T":"2026-09-07T11:14:00.568+0300","C":"/Users/artni/Documents/Dev/GophProfile/internal/worker/pool.go:127","M":"worker started","worker number":0}
{"L":"DEBUG","T":"2026-09-07T11:14:00.568+0300","C":"/Users/artni/Documents/Dev/GophProfile/internal/worker/pool.go:127","M":"worker started","worker number":1}
{"L":"DEBUG","T":"2026-09-07T11:14:00.568+0300","C":"/Users/artni/Documents/Dev/GophProfile/internal/worker/pool.go:127","M":"worker started","worker number":9}
{"L":"DEBUG","T":"2026-09-07T11:14:00.568+0300","C":"/Users/artni/Documents/Dev/GophProfile/internal/worker/pool.go:127","M":"worker started","worker number":7}
{"L":"DEBUG","T":"2026-09-07T11:14:00.568+0300","C":"/Users/artni/Documents/Dev/GophProfile/internal/worker/pool.go:127","M":"worker started","worker number":3}
{"L":"DEBUG","T":"2026-09-07T11:14:00.568+0300","C":"/Users/artni/Documents/Dev/GophProfile/internal/worker/pool.go:127","M":"worker started","worker number":4}
{"L":"DEBUG","T":"2026-09-07T11:14:00.568+0300","C":"/Users/artni/Documents/Dev/GophProfile/internal/worker/pool.go:127","M":"worker started","worker number":10}
{"L":"DEBUG","T":"2026-09-07T11:14:00.568+0300","C":"/Users/artni/Documents/Dev/GophProfile/internal/worker/pool.go:127","M":"worker started","worker number":8}
{"L":"DEBUG","T":"2026-09-07T11:14:01.942+0300","C":"/Users/artni/Documents/Dev/GophProfile/internal/storage/interface.go:26","M":"Successfully uploaded to gophprofile/user1/originals/0069cbdb-4557-45bb-bb2d-d775614d55a7"}
{"L":"DEBUG","T":"2026-09-07T11:14:01.958+0300","C":"/Users/artni/Documents/Dev/GophProfile/internal/worker/rabbitmq.go:141","M":"message has been delivered to broker successfully"}
{"L":"DEBUG","T":"2026-09-07T11:14:01.966+0300","C":"/Users/artni/Documents/Dev/GophProfile/internal/storage/interface.go:26","M":"Successfully uploaded to gophprofile/user1/100/100/0069cbdb-4557-45bb-bb2d-d775614d55a7"}
{"L":"DEBUG","T":"2026-09-07T11:14:01.966+0300","C":"/Users/artni/Documents/Dev/GophProfile/internal/repository/avatars/avatars.go:82","M":"failed to save thumbnail for avatar","id":"0069cbdb-4557-45bb-bb2d-d775614d55a7","dimensions":"100/100","error":"ERROR: invalid input value for enum dimensions: \"100/100\" (SQLSTATE 22P02)"}
{"L":"DEBUG","T":"2026-09-07T11:14:01.966+0300","C":"/Users/artni/Documents/Dev/GophProfile/internal/worker/pool.go:175","M":"failed to upload thumbnails","error":"failed to save thumbnail for avatar: ERROR: invalid input value for enum dimensions: \"100/100\" (SQLSTATE 22P02)"}
{"L":"DEBUG","T":"2026-09-07T11:14:01.975+0300","C":"/Users/artni/Documents/Dev/GophProfile/internal/storage/interface.go:26","M":"Successfully uploaded to gophprofile/user1/100/100/0069cbdb-4557-45bb-bb2d-d775614d55a7"}
{"L":"DEBUG","T":"2026-09-07T11:14:01.975+0300","C":"/Users/artni/Documents/Dev/GophProfile/internal/repository/avatars/avatars.go:82","M":"failed to save thumbnail for avatar","id":"0069cbdb-4557-45bb-bb2d-d775614d55a7","dimensions":"100/100","error":"ERROR: invalid input value for enum dimensions: \"100/100\" (SQLSTATE 22P02)"}
{"L":"DEBUG","T":"2026-09-07T11:14:01.975+0300","C":"/Users/artni/Documents/Dev/GophProfile/internal/worker/pool.go:175","M":"failed to upload thumbnails","error":"failed to save thumbnail for avatar: ERROR: invalid input value for enum dimensions: \"100/100\" (SQLSTATE 22P02)"}
{"L":"DEBUG","T":"2026-09-07T11:14:01.982+0300","C":"/Users/artni/Documents/Dev/GophProfile/internal/storage/interface.go:26","M":"Successfully uploaded to gophprofile/user1/100/100/0069cbdb-4557-45bb-bb2d-d775614d55a7"}
{"L":"DEBUG","T":"2026-09-07T11:14:01.983+0300","C":"/Users/artni/Documents/Dev/GophProfile/internal/repository/avatars/avatars.go:82","M":"failed to save thumbnail for avatar","id":"0069cbdb-4557-45bb-bb2d-d775614d55a7","dimensions":"100/100","error":"ERROR: invalid input value for enum dimensions: \"100/100\" (SQLSTATE 22P02)"}
{"L":"DEBUG","T":"2026-09-07T11:14:01.983+0300","C":"/Users/artni/Documents/Dev/GophProfile/internal/worker/pool.go:175","M":"failed to upload thumbnails","error":"failed to save thumbnail for avatar: ERROR: invalid input value for enum dimensions: \"100/100\" (SQLSTATE 22P02)"}
{"L":"DEBUG","T":"2026-09-07T11:14:01.983+0300","C":"/Users/artni/Documents/Dev/GophProfile/internal/worker/pool.go:181","M":"failed to upload thumbnails","error":"failed to save thumbnail for avatar: ERROR: invalid input value for enum dimensions: \"100/100\" (SQLSTATE 22P02)"}
{"L":"DEBUG","T":"2026-09-07T11:14:01.983+0300","C":"/Users/artni/Documents/Dev/GophProfile/internal/worker/pool.go:185","M":"message goes to images.dlq","message id":"a62a2720-5676-4528-9ace-f4e13844699c","worker id":2}
{"L":"DEBUG","T":"2026-09-07T11:14:01.991+0300","C":"/Users/artni/Documents/Dev/GophProfile/internal/storage/interface.go:26","M":"Successfully uploaded to gophprofile/user1/100/100/0069cbdb-4557-45bb-bb2d-d775614d55a7"}
{"L":"DEBUG","T":"2026-09-07T11:14:01.992+0300","C":"/Users/artni/Documents/Dev/GophProfile/internal/repository/avatars/avatars.go:82","M":"failed to save thumbnail for avatar","id":"0069cbdb-4557-45bb-bb2d-d775614d55a7","dimensions":"100/100","error":"ERROR: invalid input value for enum dimensions: \"100/100\" (SQLSTATE 22P02)"}
{"L":"DEBUG","T":"2026-09-07T11:14:01.992+0300","C":"/Users/artni/Documents/Dev/GophProfile/internal/worker/pool.go:96","M":"failed to upload thumbnails","error":"failed to save thumbnail for avatar: ERROR: invalid input value for enum dimensions: \"100/100\" (SQLSTATE 22P02)"}
{"L":"DEBUG","T":"2026-09-07T11:14:01.998+0300","C":"/Users/artni/Documents/Dev/GophProfile/internal/storage/interface.go:26","M":"Successfully uploaded to gophprofile/user1/100/100/0069cbdb-4557-45bb-bb2d-d775614d55a7"}
{"L":"DEBUG","T":"2026-09-07T11:14:01.999+0300","C":"/Users/artni/Documents/Dev/GophProfile/internal/repository/avatars/avatars.go:82","M":"failed to save thumbnail for avatar","id":"0069cbdb-4557-45bb-bb2d-d775614d55a7","dimensions":"100/100","error":"ERROR: invalid input value for enum dimensions: \"100/100\" (SQLSTATE 22P02)"}
{"L":"DEBUG","T":"2026-09-07T11:14:01.999+0300","C":"/Users/artni/Documents/Dev/GophProfile/internal/worker/pool.go:96","M":"failed to upload thumbnails","error":"failed to save thumbnail for avatar: ERROR: invalid input value for enum dimensions: \"100/100\" (SQLSTATE 22P02)"}
{"L":"DEBUG","T":"2026-09-07T11:14:02.004+0300","C":"/Users/artni/Documents/Dev/GophProfile/internal/storage/interface.go:26","M":"Successfully uploaded to gophprofile/user1/100/100/0069cbdb-4557-45bb-bb2d-d775614d55a7"}
{"L":"DEBUG","T":"2026-09-07T11:14:02.005+0300","C":"/Users/artni/Documents/Dev/GophProfile/internal/repository/avatars/avatars.go:82","M":"failed to save thumbnail for avatar","id":"0069cbdb-4557-45bb-bb2d-d775614d55a7","dimensions":"100/100","error":"ERROR: invalid input value for enum dimensions: \"100/100\" (SQLSTATE 22P02)"}
{"L":"DEBUG","T":"2026-09-07T11:14:02.005+0300","C":"/Users/artni/Documents/Dev/GophProfile/internal/worker/pool.go:96","M":"failed to upload thumbnails","error":"failed to save thumbnail for avatar: ERROR: invalid input value for enum dimensions: \"100/100\" (SQLSTATE 22P02)"}
{"L":"DEBUG","T":"2026-09-07T11:14:02.005+0300","C":"/Users/artni/Documents/Dev/GophProfile/internal/worker/pool.go:102","M":"failed to upload thumbnails","error":"failed to save thumbnail for avatar: ERROR: invalid input value for enum dimensions: \"100/100\" (SQLSTATE 22P02)"}
{"L":"DEBUG","T":"2026-09-07T11:14:02.005+0300","C":"/Users/artni/Documents/Dev/GophProfile/internal/worker/pool.go:106","M":"message goes to images.dlq","message id":"a62a2720-5676-4528-9ace-f4e13844699c"}
{"L":"INFO","T":"2026-09-07T11:14:19.781+0300","C":"/Users/artni/Documents/Dev/GophProfile/cmd/server/app.go:43","M":"shutting the app down"}
{"L":"INFO","T":"2026-09-07T11:14:19.781+0300","C":"/Users/artni/Documents/Dev/GophProfile/cmd/server/app.go:51","M":"grace period has been expired - app closed forcefully"}
{"L":"INFO","T":"2026-09-07T11:14:43.282+0300","C":"/Users/artni/Documents/Dev/GophProfile/internal/app/app.go:67","M":"database connection initialized successfully"}
{"L":"DEBUG","T":"2026-09-07T11:14:43.305+0300","C":"/Users/artni/Documents/Dev/GophProfile/internal/worker/pool.go:127","M":"worker started","worker number":5}
{"L":"DEBUG","T":"2026-09-07T11:14:43.305+0300","C":"/Users/artni/Documents/Dev/GophProfile/internal/worker/pool.go:127","M":"worker started","worker number":2}
{"L":"DEBUG","T":"2026-09-07T11:14:43.305+0300","C":"/Users/artni/Documents/Dev/GophProfile/internal/worker/pool.go:127","M":"worker started","worker number":9}
{"L":"DEBUG","T":"2026-09-07T11:14:43.305+0300","C":"/Users/artni/Documents/Dev/GophProfile/internal/worker/pool.go:60","M":"worker for dlq started"}
{"L":"DEBUG","T":"2026-09-07T11:14:43.305+0300","C":"/Users/artni/Documents/Dev/GophProfile/internal/worker/pool.go:127","M":"worker started","worker number":8}
{"L":"DEBUG","T":"2026-09-07T11:14:43.305+0300","C":"/Users/artni/Documents/Dev/GophProfile/internal/worker/pool.go:127","M":"worker started","worker number":7}
{"L":"DEBUG","T":"2026-09-07T11:14:43.305+0300","C":"/Users/artni/Documents/Dev/GophProfile/internal/worker/pool.go:127","M":"worker started","worker number":4}
{"L":"DEBUG","T":"2026-09-07T11:14:43.305+0300","C":"/Users/artni/Documents/Dev/GophProfile/internal/worker/pool.go:127","M":"worker started","worker number":3}
{"L":"DEBUG","T":"2026-09-07T11:14:43.305+0300","C":"/Users/artni/Documents/Dev/GophProfile/internal/worker/pool.go:127","M":"worker started","worker number":0}
{"L":"DEBUG","T":"2026-09-07T11:14:43.305+0300","C":"/Users/artni/Documents/Dev/GophProfile/internal/worker/pool.go:127","M":"worker started","worker number":6}
{"L":"DEBUG","T":"2026-09-07T11:14:43.305+0300","C":"/Users/artni/Documents/Dev/GophProfile/internal/worker/pool.go:127","M":"worker started","worker number":1}
{"L":"DEBUG","T":"2026-09-07T11:14:43.305+0300","C":"/Users/artni/Documents/Dev/GophProfile/internal/worker/pool.go:127","M":"worker started","worker number":10}
{"L":"DEBUG","T":"2026-09-07T11:14:44.935+0300","C":"/Users/artni/Documents/Dev/GophProfile/internal/storage/interface.go:26","M":"Successfully uploaded to gophprofile/user1/originals/e9e421ed-d10a-4179-bd66-baf6a375aa73"}
{"L":"DEBUG","T":"2026-09-07T11:14:44.944+0300","C":"/Users/artni/Documents/Dev/GophProfile/internal/worker/rabbitmq.go:141","M":"message has been delivered to broker successfully"}
{"L":"DEBUG","T":"2026-09-07T11:14:44.950+0300","C":"/Users/artni/Documents/Dev/GophProfile/internal/storage/interface.go:26","M":"Successfully uploaded to gophprofile/user1/100x100/e9e421ed-d10a-4179-bd66-baf6a375aa73"}
{"L":"DEBUG","T":"2026-09-07T11:14:44.952+0300","C":"/Users/artni/Documents/Dev/GophProfile/internal/repository/avatars/avatars.go:82","M":"failed to save thumbnail for avatar","id":"e9e421ed-d10a-4179-bd66-baf6a375aa73","dimensions":"100x100","error":"sql: no rows in result set"}
{"L":"DEBUG","T":"2026-09-07T11:14:44.952+0300","C":"/Users/artni/Documents/Dev/GophProfile/internal/worker/pool.go:175","M":"failed to upload thumbnails","error":"failed to save thumbnail for avatar: sql: no rows in result set"}
{"L":"DEBUG","T":"2026-09-07T11:14:44.960+0300","C":"/Users/artni/Documents/Dev/GophProfile/internal/storage/interface.go:26","M":"Successfully uploaded to gophprofile/user1/100x100/e9e421ed-d10a-4179-bd66-baf6a375aa73"}
{"L":"DEBUG","T":"2026-09-07T11:14:44.960+0300","C":"/Users/artni/Documents/Dev/GophProfile/internal/repository/avatars/avatars.go:82","M":"failed to save thumbnail for avatar","id":"e9e421ed-d10a-4179-bd66-baf6a375aa73","dimensions":"100x100","error":"sql: no rows in result set"}
{"L":"DEBUG","T":"2026-09-07T11:14:44.960+0300","C":"/Users/artni/Documents/Dev/GophProfile/internal/worker/pool.go:175","M":"failed to upload thumbnails","error":"failed to save thumbnail for avatar: sql: no rows in result set"}
{"L":"DEBUG","T":"2026-09-07T11:14:44.967+0300","C":"/Users/artni/Documents/Dev/GophProfile/internal/storage/interface.go:26","M":"Successfully uploaded to gophprofile/user1/100x100/e9e421ed-d10a-4179-bd66-baf6a375aa73"}
{"L":"DEBUG","T":"2026-09-07T11:14:44.968+0300","C":"/Users/artni/Documents/Dev/GophProfile/internal/repository/avatars/avatars.go:82","M":"failed to save thumbnail for avatar","id":"e9e421ed-d10a-4179-bd66-baf6a375aa73","dimensions":"100x100","error":"sql: no rows in result set"}
{"L":"DEBUG","T":"2026-09-07T11:14:44.968+0300","C":"/Users/artni/Documents/Dev/GophProfile/internal/worker/pool.go:175","M":"failed to upload thumbnails","error":"failed to save thumbnail for avatar: sql: no rows in result set"}
{"L":"DEBUG","T":"2026-09-07T11:14:44.968+0300","C":"/Users/artni/Documents/Dev/GophProfile/internal/worker/pool.go:181","M":"failed to upload thumbnails","error":"failed to save thumbnail for avatar: sql: no rows in result set"}
{"L":"DEBUG","T":"2026-09-07T11:14:44.968+0300","C":"/Users/artni/Documents/Dev/GophProfile/internal/worker/pool.go:185","M":"message goes to images.dlq","message id":"687093c6-b93b-405a-9b43-f29382a23d22","worker id":5}
{"L":"DEBUG","T":"2026-09-07T11:14:44.976+0300","C":"/Users/artni/Documents/Dev/GophProfile/internal/storage/interface.go:26","M":"Successfully uploaded to gophprofile/user1/100x100/e9e421ed-d10a-4179-bd66-baf6a375aa73"}
{"L":"DEBUG","T":"2026-09-07T11:14:44.977+0300","C":"/Users/artni/Documents/Dev/GophProfile/internal/repository/avatars/avatars.go:82","M":"failed to save thumbnail for avatar","id":"e9e421ed-d10a-4179-bd66-baf6a375aa73","dimensions":"100x100","error":"sql: no rows in result set"}
{"L":"DEBUG","T":"2026-09-07T11:14:44.977+0300","C":"/Users/artni/Documents/Dev/GophProfile/internal/worker/pool.go:96","M":"failed to upload thumbnails","error":"failed to save thumbnail for avatar: sql: no rows in result set"}
{"L":"DEBUG","T":"2026-09-07T11:14:44.982+0300","C":"/Users/artni/Documents/Dev/GophProfile/internal/storage/interface.go:26","M":"Successfully uploaded to gophprofile/user1/100x100/e9e421ed-d10a-4179-bd66-baf6a375aa73"}
{"L":"DEBUG","T":"2026-09-07T11:14:44.983+0300","C":"/Users/artni/Documents/Dev/GophProfile/internal/repository/avatars/avatars.go:82","M":"failed to save thumbnail for avatar","id":"e9e421ed-d10a-4179-bd66-baf6a375aa73","dimensions":"100x100","error":"sql: no rows in result set"}
{"L":"DEBUG","T":"2026-09-07T11:14:44.983+0300","C":"/Users/artni/Documents/Dev/GophProfile/internal/worker/pool.go:96","M":"failed to upload thumbnails","error":"failed to save thumbnail for avatar: sql: no rows in result set"}
{"L":"DEBUG","T":"2026-09-07T11:14:44.989+0300","C":"/Users/artni/Documents/Dev/GophProfile/internal/storage/interface.go:26","M":"Successfully uploaded to gophprofile/user1/100x100/e9e421ed-d10a-4179-bd66-baf6a375aa73"}
{"L":"DEBUG","T":"2026-09-07T11:14:44.989+0300","C":"/Users/artni/Documents/Dev/GophProfile/internal/repository/avatars/avatars.go:82","M":"failed to save thumbnail for avatar","id":"e9e421ed-d10a-4179-bd66-baf6a375aa73","dimensions":"100x100","error":"sql: no rows in result set"}
{"L":"DEBUG","T":"2026-09-07T11:14:44.989+0300","C":"/Users/artni/Documents/Dev/GophProfile/internal/worker/pool.go:96","M":"failed to upload thumbnails","error":"failed to save thumbnail for avatar: sql: no rows in result set"}
{"L":"DEBUG","T":"2026-09-07T11:14:44.989+0300","C":"/Users/artni/Documents/Dev/GophProfile/internal/worker/pool.go:102","M":"failed to upload thumbnails","error":"failed to save thumbnail for avatar: sql: no rows in result set"}
{"L":"DEBUG","T":"2026-09-07T11:14:44.989+0300","C":"/Users/artni/Documents/Dev/GophProfile/internal/worker/pool.go:106","M":"message goes to images.dlq","message id":"687093c6-b93b-405a-9b43-f29382a23d22"}
{"L":"INFO","T":"2026-09-07T11:16:28.839+0300","C":"/Users/artni/Documents/Dev/GophProfile/cmd/server/app.go:43","M":"shutting the app down"}
{"L":"INFO","T":"2026-09-07T11:16:28.840+0300","C":"/Users/artni/Documents/Dev/GophProfile/cmd/server/app.go:51","M":"grace period has been expired - app closed forcefully"}
{"L":"INFO","T":"2026-09-07T11:16:29.921+0300","C":"/Users/artni/Documents/Dev/GophProfile/internal/app/app.go:67","M":"database connection initialized successfully"}
{"L":"DEBUG","T":"2026-09-07T11:16:29.928+0300","C":"/Users/artni/Documents/Dev/GophProfile/internal/worker/pool.go:60","M":"worker for dlq started"}
{"L":"DEBUG","T":"2026-09-07T11:16:29.929+0300","C":"/Users/artni/Documents/Dev/GophProfile/internal/worker/pool.go:127","M":"worker started","worker number":9}
{"L":"DEBUG","T":"2026-09-07T11:16:29.928+0300","C":"/Users/artni/Documents/Dev/GophProfile/internal/worker/pool.go:127","M":"worker started","worker number":3}
{"L":"DEBUG","T":"2026-09-07T11:16:29.928+0300","C":"/Users/artni/Documents/Dev/GophProfile/internal/worker/pool.go:127","M":"worker started","worker number":4}
{"L":"DEBUG","T":"2026-09-07T11:16:29.929+0300","C":"/Users/artni/Documents/Dev/GophProfile/internal/worker/pool.go:127","M":"worker started","worker number":8}
{"L":"DEBUG","T":"2026-09-07T11:16:29.929+0300","C":"/Users/artni/Documents/Dev/GophProfile/internal/worker/pool.go:127","M":"worker started","worker number":10}
{"L":"DEBUG","T":"2026-09-07T11:16:29.929+0300","C":"/Users/artni/Documents/Dev/GophProfile/internal/worker/pool.go:127","M":"worker started","worker number":7}
{"L":"DEBUG","T":"2026-09-07T11:16:29.928+0300","C":"/Users/artni/Documents/Dev/GophProfile/internal/worker/pool.go:127","M":"worker started","worker number":5}
{"L":"DEBUG","T":"2026-09-07T11:16:29.928+0300","C":"/Users/artni/Documents/Dev/GophProfile/internal/worker/pool.go:127","M":"worker started","worker number":6}
{"L":"DEBUG","T":"2026-09-07T11:16:29.928+0300","C":"/Users/artni/Documents/Dev/GophProfile/internal/worker/pool.go:127","M":"worker started","worker number":2}
{"L":"DEBUG","T":"2026-09-07T11:16:29.928+0300","C":"/Users/artni/Documents/Dev/GophProfile/internal/worker/pool.go:127","M":"worker started","worker number":1}
{"L":"DEBUG","T":"2026-09-07T11:16:29.928+0300","C":"/Users/artni/Documents/Dev/GophProfile/internal/worker/pool.go:127","M":"worker started","worker number":0}
{"L":"DEBUG","T":"2026-09-07T11:16:33.625+0300","C":"/Users/artni/Documents/Dev/GophProfile/internal/storage/interface.go:26","M":"Successfully uploaded to gophprofile/user1/originals/49602cd3-2422-40c1-8d2c-33d133c18dc7"}
{"L":"DEBUG","T":"2026-09-07T11:16:33.635+0300","C":"/Users/artni/Documents/Dev/GophProfile/internal/worker/rabbitmq.go:141","M":"message has been delivered to broker successfully"}
{"L":"DEBUG","T":"2026-09-07T11:16:33.644+0300","C":"/Users/artni/Documents/Dev/GophProfile/internal/storage/interface.go:26","M":"Successfully uploaded to gophprofile/user1/100x100/49602cd3-2422-40c1-8d2c-33d133c18dc7"}
{"L":"DEBUG","T":"2026-09-07T11:16:33.645+0300","C":"/Users/artni/Documents/Dev/GophProfile/internal/repository/avatars/avatars.go:82","M":"failed to save thumbnail for avatar","id":"49602cd3-2422-40c1-8d2c-33d133c18dc7","dimensions":"100x100","error":"sql: no rows in result set"}
{"L":"DEBUG","T":"2026-09-07T11:16:33.645+0300","C":"/Users/artni/Documents/Dev/GophProfile/internal/worker/pool.go:175","M":"failed to upload thumbnails","error":"failed to save thumbnail for avatar: sql: no rows in result set"}
{"L":"DEBUG","T":"2026-09-07T11:16:33.653+0300","C":"/Users/artni/Documents/Dev/GophProfile/internal/storage/interface.go:26","M":"Successfully uploaded to gophprofile/user1/100x100/49602cd3-2422-40c1-8d2c-33d133c18dc7"}
{"L":"DEBUG","T":"2026-09-07T11:16:33.653+0300","C":"/Users/artni/Documents/Dev/GophProfile/internal/repository/avatars/avatars.go:82","M":"failed to save thumbnail for avatar","id":"49602cd3-2422-40c1-8d2c-33d133c18dc7","dimensions":"100x100","error":"sql: no rows in result set"}
{"L":"DEBUG","T":"2026-09-07T11:16:33.653+0300","C":"/Users/artni/Documents/Dev/GophProfile/internal/worker/pool.go:175","M":"failed to upload thumbnails","error":"failed to save thumbnail for avatar: sql: no rows in result set"}
{"L":"DEBUG","T":"2026-09-07T11:16:33.662+0300","C":"/Users/artni/Documents/Dev/GophProfile/internal/storage/interface.go:26","M":"Successfully uploaded to gophprofile/user1/100x100/49602cd3-2422-40c1-8d2c-33d133c18dc7"}
{"L":"DEBUG","T":"2026-09-07T11:16:33.662+0300","C":"/Users/artni/Documents/Dev/GophProfile/internal/repository/avatars/avatars.go:82","M":"failed to save thumbnail for avatar","id":"49602cd3-2422-40c1-8d2c-33d133c18dc7","dimensions":"100x100","error":"sql: no rows in result set"}
{"L":"DEBUG","T":"2026-09-07T11:16:33.662+0300","C":"/Users/artni/Documents/Dev/GophProfile/internal/worker/pool.go:175","M":"failed to upload thumbnails","error":"failed to save thumbnail for avatar: sql: no rows in result set"}
{"L":"DEBUG","T":"2026-09-07T11:16:33.662+0300","C":"/Users/artni/Documents/Dev/GophProfile/internal/worker/pool.go:181","M":"failed to upload thumbnails","error":"failed to save thumbnail for avatar: sql: no rows in result set"}
{"L":"DEBUG","T":"2026-09-07T11:16:33.662+0300","C":"/Users/artni/Documents/Dev/GophProfile/internal/worker/pool.go:185","M":"message goes to images.dlq","message id":"6c897456-4276-4f39-96e3-1b2a7c40c731","worker id":7}
{"L":"DEBUG","T":"2026-09-07T11:16:33.672+0300","C":"/Users/artni/Documents/Dev/GophProfile/internal/storage/interface.go:26","M":"Successfully uploaded to gophprofile/user1/100x100/49602cd3-2422-40c1-8d2c-33d133c18dc7"}
{"L":"DEBUG","T":"2026-09-07T11:16:33.672+0300","C":"/Users/artni/Documents/Dev/GophProfile/internal/repository/avatars/avatars.go:82","M":"failed to save thumbnail for avatar","id":"49602cd3-2422-40c1-8d2c-33d133c18dc7","dimensions":"100x100","error":"sql: no rows in result set"}
{"L":"DEBUG","T":"2026-09-07T11:16:33.672+0300","C":"/Users/artni/Documents/Dev/GophProfile/internal/worker/pool.go:96","M":"failed to upload thumbnails","error":"failed to save thumbnail for avatar: sql: no rows in result set"}
{"L":"DEBUG","T":"2026-09-07T11:16:33.679+0300","C":"/Users/artni/Documents/Dev/GophProfile/internal/storage/interface.go:26","M":"Successfully uploaded to gophprofile/user1/100x100/49602cd3-2422-40c1-8d2c-33d133c18dc7"}
{"L":"DEBUG","T":"2026-09-07T11:16:33.680+0300","C":"/Users/artni/Documents/Dev/GophProfile/internal/repository/avatars/avatars.go:82","M":"failed to save thumbnail for avatar","id":"49602cd3-2422-40c1-8d2c-33d133c18dc7","dimensions":"100x100","error":"sql: no rows in result set"}
{"L":"DEBUG","T":"2026-09-07T11:16:33.680+0300","C":"/Users/artni/Documents/Dev/GophProfile/internal/worker/pool.go:96","M":"failed to upload thumbnails","error":"failed to save thumbnail for avatar: sql: no rows in result set"}
{"L":"DEBUG","T":"2026-09-07T11:16:33.686+0300","C":"/Users/artni/Documents/Dev/GophProfile/internal/storage/interface.go:26","M":"Successfully uploaded to gophprofile/user1/100x100/49602cd3-2422-40c1-8d2c-33d133c18dc7"}
{"L":"DEBUG","T":"2026-09-07T11:16:33.687+0300","C":"/Users/artni/Documents/Dev/GophProfile/internal/repository/avatars/avatars.go:82","M":"failed to save thumbnail for avatar","id":"49602cd3-2422-40c1-8d2c-33d133c18dc7","dimensions":"100x100","error":"sql: no rows in result set"}
{"L":"DEBUG","T":"2026-09-07T11:16:33.687+0300","C":"/Users/artni/Documents/Dev/GophProfile/internal/worker/pool.go:96","M":"failed to upload thumbnails","error":"failed to save thumbnail for avatar: sql: no rows in result set"}
{"L":"DEBUG","T":"2026-09-07T11:16:33.687+0300","C":"/Users/artni/Documents/Dev/GophProfile/internal/worker/pool.go:102","M":"failed to upload thumbnails","error":"failed to save thumbnail for avatar: sql: no rows in result set"}
{"L":"DEBUG","T":"2026-09-07T11:16:33.687+0300","C":"/Users/artni/Documents/Dev/GophProfile/internal/worker/pool.go:106","M":"message goes to images.dlq","message id":"6c897456-4276-4f39-96e3-1b2a7c40c731"}
{"L":"INFO","T":"2026-09-07T11:21:49.609+0300","C":"/Users/artni/Documents/Dev/GophProfile/cmd/server/app.go:43","M":"shutting the app down"}
{"L":"INFO","T":"2026-09-07T11:21:49.610+0300","C":"/Users/artni/Documents/Dev/GophProfile/cmd/server/app.go:51","M":"grace period has been expired - app closed forcefully"}
{"L":"INFO","T":"2026-09-07T11:21:51.393+0300","C":"/Users/artni/Documents/Dev/GophProfile/internal/app/app.go:67","M":"database connection initialized successfully"}
{"L":"DEBUG","T":"2026-09-07T11:21:51.403+0300","C":"/Users/artni/Documents/Dev/GophProfile/internal/worker/pool.go:127","M":"worker started","worker number":10}
{"L":"DEBUG","T":"2026-09-07T11:21:51.403+0300","C":"/Users/artni/Documents/Dev/GophProfile/internal/worker/pool.go:127","M":"worker started","worker number":1}
{"L":"DEBUG","T":"2026-09-07T11:21:51.403+0300","C":"/Users/artni/Documents/Dev/GophProfile/internal/worker/pool.go:60","M":"worker for dlq started"}
{"L":"DEBUG","T":"2026-09-07T11:21:51.403+0300","C":"/Users/artni/Documents/Dev/GophProfile/internal/worker/pool.go:127","M":"worker started","worker number":2}
{"L":"DEBUG","T":"2026-09-07T11:21:51.403+0300","C":"/Users/artni/Documents/Dev/GophProfile/internal/worker/pool.go:127","M":"worker started","worker number":6}
{"L":"DEBUG","T":"2026-09-07T11:21:51.403+0300","C":"/Users/artni/Documents/Dev/GophProfile/internal/worker/pool.go:127","M":"worker started","worker number":3}
{"L":"DEBUG","T":"2026-09-07T11:21:51.403+0300","C":"/Users/artni/Documents/Dev/GophProfile/internal/worker/pool.go:127","M":"worker started","worker number":7}
{"L":"DEBUG","T":"2026-09-07T11:21:51.403+0300","C":"/Users/artni/Documents/Dev/GophProfile/internal/worker/pool.go:127","M":"worker started","worker number":5}
{"L":"DEBUG","T":"2026-09-07T11:21:51.403+0300","C":"/Users/artni/Documents/Dev/GophProfile/internal/worker/pool.go:127","M":"worker started","worker number":0}
{"L":"DEBUG","T":"2026-09-07T11:21:51.403+0300","C":"/Users/artni/Documents/Dev/GophProfile/internal/worker/pool.go:127","M":"worker started","worker number":4}
{"L":"DEBUG","T":"2026-09-07T11:21:51.403+0300","C":"/Users/artni/Documents/Dev/GophProfile/internal/worker/pool.go:127","M":"worker started","worker number":8}
{"L":"DEBUG","T":"2026-09-07T11:21:51.403+0300","C":"/Users/artni/Documents/Dev/GophProfile/internal/worker/pool.go:127","M":"worker started","worker number":9}
{"L":"DEBUG","T":"2026-09-07T11:21:55.289+0300","C":"/Users/artni/Documents/Dev/GophProfile/internal/storage/interface.go:26","M":"Successfully uploaded to gophprofile/user1/originals/f6dbb0ac-3f6a-45ba-9e94-84347150bbbb"}
{"L":"DEBUG","T":"2026-09-07T11:21:58.503+0300","C":"/Users/artni/Documents/Dev/GophProfile/internal/worker/rabbitmq.go:141","M":"message has been delivered to broker successfully"}
{"L":"DEBUG","T":"2026-09-07T11:21:58.516+0300","C":"/Users/artni/Documents/Dev/GophProfile/internal/storage/interface.go:26","M":"Successfully uploaded to gophprofile/user1/100x100/f6dbb0ac-3f6a-45ba-9e94-84347150bbbb"}
{"L":"DEBUG","T":"2026-09-07T11:22:00.653+0300","C":"/Users/artni/Documents/Dev/GophProfile/internal/repository/avatars/avatars.go:82","M":"failed to save thumbnail for avatar","id":"f6dbb0ac-3f6a-45ba-9e94-84347150bbbb","dimensions":"100x100","error":"sql: no rows in result set"}
{"L":"DEBUG","T":"2026-09-07T11:22:02.740+0300","C":"/Users/artni/Documents/Dev/GophProfile/internal/worker/pool.go:175","M":"failed to upload thumbnails","error":"failed to save thumbnail for avatar: sql: no rows in result set"}
{"L":"DEBUG","T":"2026-09-07T11:22:03.816+0300","C":"/Users/artni/Documents/Dev/GophProfile/internal/storage/interface.go:26","M":"Successfully uploaded to gophprofile/user1/100x100/f6dbb0ac-3f6a-45ba-9e94-84347150bbbb"}
{"L":"DEBUG","T":"2026-09-07T11:22:05.090+0300","C":"/Users/artni/Documents/Dev/GophProfile/internal/repository/avatars/avatars.go:82","M":"failed to save thumbnail for avatar","id":"f6dbb0ac-3f6a-45ba-9e94-84347150bbbb","dimensions":"100x100","error":"sql: no rows in result set"}
{"L":"DEBUG","T":"2026-09-07T11:22:06.720+0300","C":"/Users/artni/Documents/Dev/GophProfile/internal/worker/pool.go:175","M":"failed to upload thumbnails","error":"failed to save thumbnail for avatar: sql: no rows in result set"}
{"L":"DEBUG","T":"2026-09-07T11:22:27.593+0300","C":"/Users/artni/Documents/Dev/GophProfile/internal/worker/pool.go:161","M":"broker queue is closed","worker id":3}
{"L":"DEBUG","T":"2026-09-07T11:22:27.593+0300","C":"/Users/artni/Documents/Dev/GophProfile/internal/worker/pool.go:161","M":"broker queue is closed","worker id":7}
{"L":"ERROR","T":"2026-09-07T11:22:27.594+0300","C":"/Users/artni/Documents/Dev/GophProfile/internal/worker/pool.go:44","M":"worker failed","error":"broker queue is closed","S":"github.com/artni96/GophProfile/internal/worker.(*Pool).Launch.func1\n\t/Users/artni/Documents/Dev/GophProfile/internal/worker/pool.go:44\nsync.(*WaitGroup).Go.func1\n\t/Users/artni/go/pkg/mod/golang.org/toolchain@v0.0.1-go1.27.0.darwin-arm64/src/sync/waitgroup.go:258"}
{"L":"DEBUG","T":"2026-09-07T11:22:27.593+0300","C":"/Users/artni/Documents/Dev/GophProfile/internal/worker/pool.go:161","M":"broker queue is closed","worker id":4}
{"L":"DEBUG","T":"2026-09-07T11:22:27.594+0300","C":"/Users/artni/Documents/Dev/GophProfile/internal/worker/pool.go:161","M":"broker queue is closed","worker id":9}
{"L":"ERROR","T":"2026-09-07T11:22:27.594+0300","C":"/Users/artni/Documents/Dev/GophProfile/internal/worker/pool.go:44","M":"worker failed","error":"broker queue is closed","S":"github.com/artni96/GophProfile/internal/worker.(*Pool).Launch.func1\n\t/Users/artni/Documents/Dev/GophProfile/internal/worker/pool.go:44\nsync.(*WaitGroup).Go.func1\n\t/Users/artni/go/pkg/mod/golang.org/toolchain@v0.0.1-go1.27.0.darwin-arm64/src/sync/waitgroup.go:258"}
{"L":"DEBUG","T":"2026-09-07T11:22:27.594+0300","C":"/Users/artni/Documents/Dev/GophProfile/internal/worker/pool.go:84","M":"images.dlq is closed"}
{"L":"DEBUG","T":"2026-09-07T11:22:27.594+0300","C":"/Users/artni/Documents/Dev/GophProfile/internal/worker/pool.go:161","M":"broker queue is closed","worker id":1}
{"L":"ERROR","T":"2026-09-07T11:22:27.594+0300","C":"/Users/artni/Documents/Dev/GophProfile/internal/worker/pool.go:52","M":"dlq worker failed","error":"broker queue is closed","S":"github.com/artni96/GophProfile/internal/worker.(*Pool).Launch.func2\n\t/Users/artni/Documents/Dev/GophProfile/internal/worker/pool.go:52\nsync.(*WaitGroup).Go.func1\n\t/Users/artni/go/pkg/mod/golang.org/toolchain@v0.0.1-go1.27.0.darwin-arm64/src/sync/waitgroup.go:258"}
{"L":"ERROR","T":"2026-09-07T11:22:27.594+0300","C":"/Users/artni/Documents/Dev/GophProfile/internal/worker/pool.go:44","M":"worker failed","error":"broker queue is closed","S":"github.com/artni96/GophProfile/internal/worker.(*Pool).Launch.func1\n\t/Users/artni/Documents/Dev/GophProfile/internal/worker/pool.go:44\nsync.(*WaitGroup).Go.func1\n\t/Users/artni/go/pkg/mod/golang.org/toolchain@v0.0.1-go1.27.0.darwin-arm64/src/sync/waitgroup.go:258"}
{"L":"DEBUG","T":"2026-09-07T11:22:27.594+0300","C":"/Users/artni/Documents/Dev/GophProfile/internal/worker/pool.go:161","M":"broker queue is closed","worker id":8}
{"L":"DEBUG","T":"2026-09-07T11:22:27.593+0300","C":"/Users/artni/Documents/Dev/GophProfile/internal/worker/pool.go:161","M":"broker queue is closed","worker id":5}
{"L":"ERROR","T":"2026-09-07T11:22:27.594+0300","C":"/Users/artni/Documents/Dev/GophProfile/internal/worker/pool.go:44","M":"worker failed","error":"broker queue is closed","S":"github.com/artni96/GophProfile/internal/worker.(*Pool).Launch.func1\n\t/Users/artni/Documents/Dev/GophProfile/internal/worker/pool.go:44\nsync.(*WaitGroup).Go.func1\n\t/Users/artni/go/pkg/mod/golang.org/toolchain@v0.0.1-go1.27.0.darwin-arm64/src/sync/waitgroup.go:258"}
{"L":"ERROR","T":"2026-09-07T11:22:27.594+0300","C":"/Users/artni/Documents/Dev/GophProfile/internal/worker/pool.go:44","M":"worker failed","error":"broker queue is closed","S":"github.com/artni96/GophProfile/internal/worker.(*Pool).Launch.func1\n\t/Users/artni/Documents/Dev/GophProfile/internal/worker/pool.go:44\nsync.(*WaitGroup).Go.func1\n\t/Users/artni/go/pkg/mod/golang.org/toolchain@v0.0.1-go1.27.0.darwin-arm64/src/sync/waitgroup.go:258"}
{"L":"DEBUG","T":"2026-09-07T11:22:27.594+0300","C":"/Users/artni/Documents/Dev/GophProfile/internal/worker/pool.go:161","M":"broker queue is closed","worker id":0}
{"L":"DEBUG","T":"2026-09-07T11:22:27.593+0300","C":"/Users/artni/Documents/Dev/GophProfile/internal/worker/pool.go:161","M":"broker queue is closed","worker id":10}
{"L":"DEBUG","T":"2026-09-07T11:22:27.594+0300","C":"/Users/artni/Documents/Dev/GophProfile/internal/worker/pool.go:161","M":"broker queue is closed","worker id":6}
{"L":"ERROR","T":"2026-09-07T11:22:27.594+0300","C":"/Users/artni/Documents/Dev/GophProfile/internal/worker/pool.go:44","M":"worker failed","error":"broker queue is closed","S":"github.com/artni96/GophProfile/internal/worker.(*Pool).Launch.func1\n\t/Users/artni/Documents/Dev/GophProfile/internal/worker/pool.go:44\nsync.(*WaitGroup).Go.func1\n\t/Users/artni/go/pkg/mod/golang.org/toolchain@v0.0.1-go1.27.0.darwin-arm64/src/sync/waitgroup.go:258"}
{"L":"ERROR","T":"2026-09-07T11:22:27.594+0300","C":"/Users/artni/Documents/Dev/GophProfile/internal/worker/pool.go:44","M":"worker failed","error":"broker queue is closed","S":"github.com/artni96/GophProfile/internal/worker.(*Pool).Launch.func1\n\t/Users/artni/Documents/Dev/GophProfile/internal/worker/pool.go:44\nsync.(*WaitGroup).Go.func1\n\t/Users/artni/go/pkg/mod/golang.org/toolchain@v0.0.1-go1.27.0.darwin-arm64/src/sync/waitgroup.go:258"}
{"L":"ERROR","T":"2026-09-07T11:22:27.594+0300","C":"/Users/artni/Documents/Dev/GophProfile/internal/worker/pool.go:44","M":"worker failed","error":"broker queue is closed","S":"github.com/artni96/GophProfile/internal/worker.(*Pool).Launch.func1\n\t/Users/artni/Documents/Dev/GophProfile/internal/worker/pool.go:44\nsync.(*WaitGroup).Go.func1\n\t/Users/artni/go/pkg/mod/golang.org/toolchain@v0.0.1-go1.27.0.darwin-arm64/src/sync/waitgroup.go:258"}
{"L":"ERROR","T":"2026-09-07T11:22:27.594+0300","C":"/Users/artni/Documents/Dev/GophProfile/internal/worker/pool.go:44","M":"worker failed","error":"broker queue is closed","S":"github.com/artni96/GophProfile/internal/worker.(*Pool).Launch.func1\n\t/Users/artni/Documents/Dev/GophProfile/internal/worker/pool.go:44\nsync.(*WaitGroup).Go.func1\n\t/Users/artni/go/pkg/mod/golang.org/toolchain@v0.0.1-go1.27.0.darwin-arm64/src/sync/waitgroup.go:258"}
{"L":"ERROR","T":"2026-09-07T11:22:27.594+0300","C":"/Users/artni/Documents/Dev/GophProfile/internal/worker/pool.go:44","M":"worker failed","error":"broker queue is closed","S":"github.com/artni96/GophProfile/internal/worker.(*Pool).Launch.func1\n\t/Users/artni/Documents/Dev/GophProfile/internal/worker/pool.go:44\nsync.(*WaitGroup).Go.func1\n\t/Users/artni/go/pkg/mod/golang.org/toolchain@v0.0.1-go1.27.0.darwin-arm64/src/sync/waitgroup.go:258"}
{"L":"INFO","T":"2026-09-07T11:22:27.596+0300","C":"/Users/artni/Documents/Dev/GophProfile/cmd/server/app.go:43","M":"shutting the app down"}
{"L":"INFO","T":"2026-09-07T11:22:27.597+0300","C":"/Users/artni/Documents/Dev/GophProfile/cmd/server/app.go:51","M":"grace period has been expired - app closed forcefully"}
{"L":"INFO","T":"2026-09-07T11:22:39.292+0300","C":"/Users/artni/Documents/Dev/GophProfile/internal/app/app.go:67","M":"database connection initialized successfully"}
{"L":"DEBUG","T":"2026-09-07T11:22:39.301+0300","C":"/Users/artni/Documents/Dev/GophProfile/internal/worker/pool.go:128","M":"worker started","worker number":2}
{"L":"DEBUG","T":"2026-09-07T11:22:39.301+0300","C":"/Users/artni/Documents/Dev/GophProfile/internal/worker/pool.go:128","M":"worker started","worker number":7}
{"L":"DEBUG","T":"2026-09-07T11:22:39.301+0300","C":"/Users/artni/Documents/Dev/GophProfile/internal/worker/pool.go:128","M":"worker started","worker number":8}
{"L":"DEBUG","T":"2026-09-07T11:22:39.301+0300","C":"/Users/artni/Documents/Dev/GophProfile/internal/worker/pool.go:128","M":"worker started","worker number":9}
{"L":"DEBUG","T":"2026-09-07T11:22:39.301+0300","C":"/Users/artni/Documents/Dev/GophProfile/internal/worker/pool.go:60","M":"worker for dlq started"}
{"L":"DEBUG","T":"2026-09-07T11:22:39.301+0300","C":"/Users/artni/Documents/Dev/GophProfile/internal/worker/pool.go:128","M":"worker started","worker number":5}
{"L":"DEBUG","T":"2026-09-07T11:22:39.301+0300","C":"/Users/artni/Documents/Dev/GophProfile/internal/worker/pool.go:128","M":"worker started","worker number":10}
{"L":"DEBUG","T":"2026-09-07T11:22:39.301+0300","C":"/Users/artni/Documents/Dev/GophProfile/internal/worker/pool.go:128","M":"worker started","worker number":4}
{"L":"DEBUG","T":"2026-09-07T11:22:39.301+0300","C":"/Users/artni/Documents/Dev/GophProfile/internal/worker/pool.go:128","M":"worker started","worker number":1}
{"L":"DEBUG","T":"2026-09-07T11:22:39.301+0300","C":"/Users/artni/Documents/Dev/GophProfile/internal/worker/pool.go:128","M":"worker started","worker number":6}
{"L":"DEBUG","T":"2026-09-07T11:22:39.301+0300","C":"/Users/artni/Documents/Dev/GophProfile/internal/worker/pool.go:128","M":"worker started","worker number":0}
{"L":"DEBUG","T":"2026-09-07T11:22:39.301+0300","C":"/Users/artni/Documents/Dev/GophProfile/internal/worker/pool.go:128","M":"worker started","worker number":3}
{"L":"DEBUG","T":"2026-09-07T11:22:39.307+0300","C":"/Users/artni/Documents/Dev/GophProfile/internal/storage/interface.go:26","M":"Successfully uploaded to gophprofile/user1/100x100/f6dbb0ac-3f6a-45ba-9e94-84347150bbbb"}
{"L":"DEBUG","T":"2026-09-07T11:22:39.311+0300","C":"/Users/artni/Documents/Dev/GophProfile/internal/repository/avatars/avatars.go:82","M":"failed to save thumbnail for avatar","id":"f6dbb0ac-3f6a-45ba-9e94-84347150bbbb","dimensions":"100x100","error":"sql: no rows in result set"}
{"L":"DEBUG","T":"2026-09-07T11:22:39.311+0300","C":"/Users/artni/Documents/Dev/GophProfile/internal/worker/pool.go:176","M":"failed to upload thumbnails","error":"failed to save thumbnail for avatar: sql: no rows in result set"}
{"L":"DEBUG","T":"2026-09-07T11:22:39.315+0300","C":"/Users/artni/Documents/Dev/GophProfile/internal/storage/interface.go:26","M":"Successfully uploaded to gophprofile/user1/100x100/f6dbb0ac-3f6a-45ba-9e94-84347150bbbb"}
{"L":"DEBUG","T":"2026-09-07T11:22:39.316+0300","C":"/Users/artni/Documents/Dev/GophProfile/internal/repository/avatars/avatars.go:82","M":"failed to save thumbnail for avatar","id":"f6dbb0ac-3f6a-45ba-9e94-84347150bbbb","dimensions":"100x100","error":"sql: no rows in result set"}
{"L":"DEBUG","T":"2026-09-07T11:22:39.316+0300","C":"/Users/artni/Documents/Dev/GophProfile/internal/worker/pool.go:176","M":"failed to upload thumbnails","error":"failed to save thumbnail for avatar: sql: no rows in result set"}
{"L":"DEBUG","T":"2026-09-07T11:22:39.319+0300","C":"/Users/artni/Documents/Dev/GophProfile/internal/storage/interface.go:26","M":"Successfully uploaded to gophprofile/user1/100x100/f6dbb0ac-3f6a-45ba-9e94-84347150bbbb"}
{"L":"DEBUG","T":"2026-09-07T11:22:39.320+0300","C":"/Users/artni/Documents/Dev/GophProfile/internal/repository/avatars/avatars.go:82","M":"failed to save thumbnail for avatar","id":"f6dbb0ac-3f6a-45ba-9e94-84347150bbbb","dimensions":"100x100","error":"sql: no rows in result set"}
{"L":"DEBUG","T":"2026-09-07T11:22:39.320+0300","C":"/Users/artni/Documents/Dev/GophProfile/internal/worker/pool.go:176","M":"failed to upload thumbnails","error":"failed to save thumbnail for avatar: sql: no rows in result set"}
{"L":"DEBUG","T":"2026-09-07T11:22:39.320+0300","C":"/Users/artni/Documents/Dev/GophProfile/internal/worker/pool.go:183","M":"failed to upload thumbnails","error":"failed to save thumbnail for avatar: sql: no rows in result set"}
{"L":"DEBUG","T":"2026-09-07T11:22:39.320+0300","C":"/Users/artni/Documents/Dev/GophProfile/internal/worker/pool.go:187","M":"message goes to images.dlq","message id":"72f8e7ab-4894-4cea-a2d2-b402cc754521","worker id":2}
{"L":"DEBUG","T":"2026-09-07T11:22:39.326+0300","C":"/Users/artni/Documents/Dev/GophProfile/internal/storage/interface.go:26","M":"Successfully uploaded to gophprofile/user1/100x100/f6dbb0ac-3f6a-45ba-9e94-84347150bbbb"}
{"L":"DEBUG","T":"2026-09-07T11:22:39.327+0300","C":"/Users/artni/Documents/Dev/GophProfile/internal/repository/avatars/avatars.go:82","M":"failed to save thumbnail for avatar","id":"f6dbb0ac-3f6a-45ba-9e94-84347150bbbb","dimensions":"100x100","error":"sql: no rows in result set"}
{"L":"DEBUG","T":"2026-09-07T11:22:39.327+0300","C":"/Users/artni/Documents/Dev/GophProfile/internal/worker/pool.go:96","M":"failed to upload thumbnails","error":"failed to save thumbnail for avatar: sql: no rows in result set"}
{"L":"DEBUG","T":"2026-09-07T11:22:39.332+0300","C":"/Users/artni/Documents/Dev/GophProfile/internal/storage/interface.go:26","M":"Successfully uploaded to gophprofile/user1/100x100/f6dbb0ac-3f6a-45ba-9e94-84347150bbbb"}
{"L":"DEBUG","T":"2026-09-07T11:22:39.333+0300","C":"/Users/artni/Documents/Dev/GophProfile/internal/repository/avatars/avatars.go:82","M":"failed to save thumbnail for avatar","id":"f6dbb0ac-3f6a-45ba-9e94-84347150bbbb","dimensions":"100x100","error":"sql: no rows in result set"}
{"L":"DEBUG","T":"2026-09-07T11:22:39.333+0300","C":"/Users/artni/Documents/Dev/GophProfile/internal/worker/pool.go:96","M":"failed to upload thumbnails","error":"failed to save thumbnail for avatar: sql: no rows in result set"}
{"L":"DEBUG","T":"2026-09-07T11:22:39.339+0300","C":"/Users/artni/Documents/Dev/GophProfile/internal/storage/interface.go:26","M":"Successfully uploaded to gophprofile/user1/100x100/f6dbb0ac-3f6a-45ba-9e94-84347150bbbb"}
{"L":"DEBUG","T":"2026-09-07T11:22:39.339+0300","C":"/Users/artni/Documents/Dev/GophProfile/internal/repository/avatars/avatars.go:82","M":"failed to save thumbnail for avatar","id":"f6dbb0ac-3f6a-45ba-9e94-84347150bbbb","dimensions":"100x100","error":"sql: no rows in result set"}
{"L":"DEBUG","T":"2026-09-07T11:22:39.340+0300","C":"/Users/artni/Documents/Dev/GophProfile/internal/worker/pool.go:96","M":"failed to upload thumbnails","error":"failed to save thumbnail for avatar: sql: no rows in result set"}
{"L":"DEBUG","T":"2026-09-07T11:22:39.340+0300","C":"/Users/artni/Documents/Dev/GophProfile/internal/worker/pool.go:103","M":"failed to upload thumbnails","error":"failed to save thumbnail for avatar: sql: no rows in result set"}
{"L":"DEBUG","T":"2026-09-07T11:22:39.340+0300","C":"/Users/artni/Documents/Dev/GophProfile/internal/worker/pool.go:107","M":"message goes to images.dlq","message id":"72f8e7ab-4894-4cea-a2d2-b402cc754521"}
{"L":"DEBUG","T":"2026-09-07T11:22:42.952+0300","C":"/Users/artni/Documents/Dev/GophProfile/internal/storage/interface.go:26","M":"Successfully uploaded to gophprofile/user1/originals/7ceef694-db60-4914-9f99-4e0d10414291"}
{"L":"DEBUG","T":"2026-09-07T11:22:42.959+0300","C":"/Users/artni/Documents/Dev/GophProfile/internal/worker/rabbitmq.go:141","M":"message has been delivered to broker successfully"}
{"L":"DEBUG","T":"2026-09-07T11:22:42.965+0300","C":"/Users/artni/Documents/Dev/GophProfile/internal/storage/interface.go:26","M":"Successfully uploaded to gophprofile/user1/100x100/7ceef694-db60-4914-9f99-4e0d10414291"}
{"L":"DEBUG","T":"2026-09-07T11:22:42.966+0300","C":"/Users/artni/Documents/Dev/GophProfile/internal/repository/avatars/avatars.go:82","M":"failed to save thumbnail for avatar","id":"7ceef694-db60-4914-9f99-4e0d10414291","dimensions":"100x100","error":"sql: no rows in result set"}
{"L":"DEBUG","T":"2026-09-07T11:22:42.966+0300","C":"/Users/artni/Documents/Dev/GophProfile/internal/worker/pool.go:176","M":"failed to upload thumbnails","error":"failed to save thumbnail for avatar: sql: no rows in result set"}
{"L":"DEBUG","T":"2026-09-07T11:22:42.974+0300","C":"/Users/artni/Documents/Dev/GophProfile/internal/storage/interface.go:26","M":"Successfully uploaded to gophprofile/user1/100x100/7ceef694-db60-4914-9f99-4e0d10414291"}
{"L":"DEBUG","T":"2026-09-07T11:22:42.974+0300","C":"/Users/artni/Documents/Dev/GophProfile/internal/repository/avatars/avatars.go:82","M":"failed to save thumbnail for avatar","id":"7ceef694-db60-4914-9f99-4e0d10414291","dimensions":"100x100","error":"sql: no rows in result set"}
{"L":"DEBUG","T":"2026-09-07T11:22:42.974+0300","C":"/Users/artni/Documents/Dev/GophProfile/internal/worker/pool.go:176","M":"failed to upload thumbnails","error":"failed to save thumbnail for avatar: sql: no rows in result set"}
{"L":"DEBUG","T":"2026-09-07T11:22:42.981+0300","C":"/Users/artni/Documents/Dev/GophProfile/internal/storage/interface.go:26","M":"Successfully uploaded to gophprofile/user1/100x100/7ceef694-db60-4914-9f99-4e0d10414291"}
{"L":"DEBUG","T":"2026-09-07T11:22:42.981+0300","C":"/Users/artni/Documents/Dev/GophProfile/internal/repository/avatars/avatars.go:82","M":"failed to save thumbnail for avatar","id":"7ceef694-db60-4914-9f99-4e0d10414291","dimensions":"100x100","error":"sql: no rows in result set"}
{"L":"DEBUG","T":"2026-09-07T11:22:42.981+0300","C":"/Users/artni/Documents/Dev/GophProfile/internal/worker/pool.go:176","M":"failed to upload thumbnails","error":"failed to save thumbnail for avatar: sql: no rows in result set"}
{"L":"DEBUG","T":"2026-09-07T11:22:42.981+0300","C":"/Users/artni/Documents/Dev/GophProfile/internal/worker/pool.go:183","M":"failed to upload thumbnails","error":"failed to save thumbnail for avatar: sql: no rows in result set"}
{"L":"DEBUG","T":"2026-09-07T11:22:42.981+0300","C":"/Users/artni/Documents/Dev/GophProfile/internal/worker/pool.go:187","M":"message goes to images.dlq","message id":"0982b063-dce9-419e-9db0-f10584fa6719","worker id":2}
{"L":"DEBUG","T":"2026-09-07T11:22:42.988+0300","C":"/Users/artni/Documents/Dev/GophProfile/internal/storage/interface.go:26","M":"Successfully uploaded to gophprofile/user1/100x100/7ceef694-db60-4914-9f99-4e0d10414291"}
{"L":"DEBUG","T":"2026-09-07T11:22:42.988+0300","C":"/Users/artni/Documents/Dev/GophProfile/internal/repository/avatars/avatars.go:82","M":"failed to save thumbnail for avatar","id":"7ceef694-db60-4914-9f99-4e0d10414291","dimensions":"100x100","error":"sql: no rows in result set"}
{"L":"DEBUG","T":"2026-09-07T11:22:42.988+0300","C":"/Users/artni/Documents/Dev/GophProfile/internal/worker/pool.go:96","M":"failed to upload thumbnails","error":"failed to save thumbnail for avatar: sql: no rows in result set"}
{"L":"DEBUG","T":"2026-09-07T11:22:42.995+0300","C":"/Users/artni/Documents/Dev/GophProfile/internal/storage/interface.go:26","M":"Successfully uploaded to gophprofile/user1/100x100/7ceef694-db60-4914-9f99-4e0d10414291"}
{"L":"DEBUG","T":"2026-09-07T11:22:42.995+0300","C":"/Users/artni/Documents/Dev/GophProfile/internal/repository/avatars/avatars.go:82","M":"failed to save thumbnail for avatar","id":"7ceef694-db60-4914-9f99-4e0d10414291","dimensions":"100x100","error":"sql: no rows in result set"}
{"L":"DEBUG","T":"2026-09-07T11:22:42.996+0300","C":"/Users/artni/Documents/Dev/GophProfile/internal/worker/pool.go:96","M":"failed to upload thumbnails","error":"failed to save thumbnail for avatar: sql: no rows in result set"}
{"L":"DEBUG","T":"2026-09-07T11:22:43.002+0300","C":"/Users/artni/Documents/Dev/GophProfile/internal/storage/interface.go:26","M":"Successfully uploaded to gophprofile/user1/100x100/7ceef694-db60-4914-9f99-4e0d10414291"}
{"L":"DEBUG","T":"2026-09-07T11:22:43.002+0300","C":"/Users/artni/Documents/Dev/GophProfile/internal/repository/avatars/avatars.go:82","M":"failed to save thumbnail for avatar","id":"7ceef694-db60-4914-9f99-4e0d10414291","dimensions":"100x100","error":"sql: no rows in result set"}
{"L":"DEBUG","T":"2026-09-07T11:22:43.002+0300","C":"/Users/artni/Documents/Dev/GophProfile/internal/worker/pool.go:96","M":"failed to upload thumbnails","error":"failed to save thumbnail for avatar: sql: no rows in result set"}
{"L":"DEBUG","T":"2026-09-07T11:22:43.002+0300","C":"/Users/artni/Documents/Dev/GophProfile/internal/worker/pool.go:103","M":"failed to upload thumbnails","error":"failed to save thumbnail for avatar: sql: no rows in result set"}
{"L":"DEBUG","T":"2026-09-07T11:22:43.002+0300","C":"/Users/artni/Documents/Dev/GophProfile/internal/worker/pool.go:107","M":"message goes to images.dlq","message id":"0982b063-dce9-419e-9db0-f10584fa6719"}
{"L":"INFO","T":"2026-09-07T11:23:11.840+0300","C":"/Users/artni/Documents/Dev/GophProfile/cmd/server/app.go:43","M":"shutting the app down"}
{"L":"INFO","T":"2026-09-07T11:23:11.840+0300","C":"/Users/artni/Documents/Dev/GophProfile/cmd/server/app.go:51","M":"grace period has been expired - app closed forcefully"}
{"L":"INFO","T":"2026-09-07T11:23:13.591+0300","C":"/Users/artni/Documents/Dev/GophProfile/internal/app/app.go:67","M":"database connection initialized successfully"}
{"L":"DEBUG","T":"2026-09-07T11:23:13.605+0300","C":"/Users/artni/Documents/Dev/GophProfile/internal/worker/pool.go:128","M":"worker started","worker number":3}
{"L":"DEBUG","T":"2026-09-07T11:23:13.605+0300","C":"/Users/artni/Documents/Dev/GophProfile/internal/worker/pool.go:128","M":"worker started","worker number":8}
{"L":"DEBUG","T":"2026-09-07T11:23:13.605+0300","C":"/Users/artni/Documents/Dev/GophProfile/internal/worker/pool.go:128","M":"worker started","worker number":9}
{"L":"DEBUG","T":"2026-09-07T11:23:13.605+0300","C":"/Users/artni/Documents/Dev/GophProfile/internal/worker/pool.go:128","M":"worker started","worker number":0}
{"L":"DEBUG","T":"2026-09-07T11:23:13.605+0300","C":"/Users/artni/Documents/Dev/GophProfile/internal/worker/pool.go:128","M":"worker started","worker number":1}
{"L":"DEBUG","T":"2026-09-07T11:23:13.605+0300","C":"/Users/artni/Documents/Dev/GophProfile/internal/worker/pool.go:128","M":"worker started","worker number":10}
{"L":"DEBUG","T":"2026-09-07T11:23:13.605+0300","C":"/Users/artni/Documents/Dev/GophProfile/internal/worker/pool.go:128","M":"worker started","worker number":7}
{"L":"DEBUG","T":"2026-09-07T11:23:13.605+0300","C":"/Users/artni/Documents/Dev/GophProfile/internal/worker/pool.go:128","M":"worker started","worker number":2}
{"L":"DEBUG","T":"2026-09-07T11:23:13.605+0300","C":"/Users/artni/Documents/Dev/GophProfile/internal/worker/pool.go:60","M":"worker for dlq started"}
{"L":"DEBUG","T":"2026-09-07T11:23:13.605+0300","C":"/Users/artni/Documents/Dev/GophProfile/internal/worker/pool.go:128","M":"worker started","worker number":5}
{"L":"DEBUG","T":"2026-09-07T11:23:13.605+0300","C":"/Users/artni/Documents/Dev/GophProfile/internal/worker/pool.go:128","M":"worker started","worker number":6}
{"L":"DEBUG","T":"2026-09-07T11:23:13.605+0300","C":"/Users/artni/Documents/Dev/GophProfile/internal/worker/pool.go:128","M":"worker started","worker number":4}
{"L":"DEBUG","T":"2026-09-07T11:23:27.271+0300","C":"/Users/artni/Documents/Dev/GophProfile/internal/storage/interface.go:26","M":"Successfully uploaded to gophprofile/user1/originals/f673de20-3ae7-49cf-abae-febe7cbb8a3f"}
{"L":"DEBUG","T":"2026-09-07T11:23:30.537+0300","C":"/Users/artni/Documents/Dev/GophProfile/internal/worker/rabbitmq.go:141","M":"message has been delivered to broker successfully"}
{"L":"DEBUG","T":"2026-09-07T11:23:50.231+0300","C":"/Users/artni/Documents/Dev/GophProfile/internal/storage/interface.go:26","M":"Successfully uploaded to gophprofile/user1/100x100/f673de20-3ae7-49cf-abae-febe7cbb8a3f"}
{"L":"DEBUG","T":"2026-09-07T11:24:30.671+0300","C":"/Users/artni/Documents/Dev/GophProfile/internal/worker/pool.go:162","M":"broker queue is closed","worker id":9}
{"L":"DEBUG","T":"2026-09-07T11:24:30.671+0300","C":"/Users/artni/Documents/Dev/GophProfile/internal/repository/avatars/avatars.go:82","M":"failed to save thumbnail for avatar","id":"f673de20-3ae7-49cf-abae-febe7cbb8a3f","dimensions":"100x100","error":"sql: no rows in result set"}
{"L":"DEBUG","T":"2026-09-07T11:24:30.671+0300","C":"/Users/artni/Documents/Dev/GophProfile/internal/worker/pool.go:162","M":"broker queue is closed","worker id":0}
{"L":"ERROR","T":"2026-09-07T11:24:30.671+0300","C":"/Users/artni/Documents/Dev/GophProfile/internal/worker/pool.go:44","M":"worker failed","error":"broker queue is closed","S":"github.com/artni96/GophProfile/internal/worker.(*Pool).Launch.func1\n\t/Users/artni/Documents/Dev/GophProfile/internal/worker/pool.go:44\nsync.(*WaitGroup).Go.func1\n\t/Users/artni/go/pkg/mod/golang.org/toolchain@v0.0.1-go1.27.0.darwin-arm64/src/sync/waitgroup.go:258"}
{"L":"INFO","T":"2026-09-07T11:24:30.673+0300","C":"/Users/artni/Documents/Dev/GophProfile/cmd/server/app.go:43","M":"shutting the app down"}
{"L":"DEBUG","T":"2026-09-07T11:24:30.673+0300","C":"/Users/artni/Documents/Dev/GophProfile/internal/worker/pool.go:162","M":"broker queue is closed","worker id":8}
{"L":"ERROR","T":"2026-09-07T11:24:30.673+0300","C":"/Users/artni/Documents/Dev/GophProfile/internal/worker/pool.go:44","M":"worker failed","error":"broker queue is closed","S":"github.com/artni96/GophProfile/internal/worker.(*Pool).Launch.func1\n\t/Users/artni/Documents/Dev/GophProfile/internal/worker/pool.go:44\nsync.(*WaitGroup).Go.func1\n\t/Users/artni/go/pkg/mod/golang.org/toolchain@v0.0.1-go1.27.0.darwin-arm64/src/sync/waitgroup.go:258"}
{"L":"DEBUG","T":"2026-09-07T11:24:30.673+0300","C":"/Users/artni/Documents/Dev/GophProfile/internal/worker/pool.go:162","M":"broker queue is closed","worker id":7}
{"L":"DEBUG","T":"2026-09-07T11:24:30.673+0300","C":"/Users/artni/Documents/Dev/GophProfile/internal/worker/pool.go:162","M":"broker queue is closed","worker id":5}
{"L":"ERROR","T":"2026-09-07T11:24:30.673+0300","C":"/Users/artni/Documents/Dev/GophProfile/internal/worker/pool.go:44","M":"worker failed","error":"broker queue is closed","S":"github.com/artni96/GophProfile/internal/worker.(*Pool).Launch.func1\n\t/Users/artni/Documents/Dev/GophProfile/internal/worker/pool.go:44\nsync.(*WaitGroup).Go.func1\n\t/Users/artni/go/pkg/mod/golang.org/toolchain@v0.0.1-go1.27.0.darwin-arm64/src/sync/waitgroup.go:258"}
{"L":"DEBUG","T":"2026-09-07T11:24:30.673+0300","C":"/Users/artni/Documents/Dev/GophProfile/internal/worker/pool.go:162","M":"broker queue is closed","worker id":3}
{"L":"ERROR","T":"2026-09-07T11:24:30.673+0300","C":"/Users/artni/Documents/Dev/GophProfile/internal/worker/pool.go:44","M":"worker failed","error":"broker queue is closed","S":"github.com/artni96/GophProfile/internal/worker.(*Pool).Launch.func1\n\t/Users/artni/Documents/Dev/GophProfile/internal/worker/pool.go:44\nsync.(*WaitGroup).Go.func1\n\t/Users/artni/go/pkg/mod/golang.org/toolchain@v0.0.1-go1.27.0.darwin-arm64/src/sync/waitgroup.go:258"}
{"L":"INFO","T":"2026-09-07T11:24:30.673+0300","C":"/Users/artni/Documents/Dev/GophProfile/cmd/server/app.go:51","M":"grace period has been expired - app closed forcefully"}
{"L":"ERROR","T":"2026-09-07T11:24:30.673+0300","C":"/Users/artni/Documents/Dev/GophProfile/internal/worker/pool.go:44","M":"worker failed","error":"broker queue is closed","S":"github.com/artni96/GophProfile/internal/worker.(*Pool).Launch.func1\n\t/Users/artni/Documents/Dev/GophProfile/internal/worker/pool.go:44\nsync.(*WaitGroup).Go.func1\n\t/Users/artni/go/pkg/mod/golang.org/toolchain@v0.0.1-go1.27.0.darwin-arm64/src/sync/waitgroup.go:258"}
{"L":"DEBUG","T":"2026-09-07T11:24:30.673+0300","C":"/Users/artni/Documents/Dev/GophProfile/internal/worker/pool.go:176","M":"failed to upload thumbnails","error":"failed to save thumbnail for avatar: sql: no rows in result set"}
{"L":"ERROR","T":"2026-09-07T11:24:30.673+0300","C":"/Users/artni/Documents/Dev/GophProfile/internal/worker/pool.go:44","M":"worker failed","error":"broker queue is closed","S":"github.com/artni96/GophProfile/internal/worker.(*Pool).Launch.func1\n\t/Users/artni/Documents/Dev/GophProfile/internal/worker/pool.go:44\nsync.(*WaitGroup).Go.func1\n\t/Users/artni/go/pkg/mod/golang.org/toolchain@v0.0.1-go1.27.0.darwin-arm64/src/sync/waitgroup.go:258"}
{"L":"INFO","T":"2026-09-07T11:24:39.274+0300","C":"/Users/artni/Documents/Dev/GophProfile/internal/app/app.go:67","M":"database connection initialized successfully"}
{"L":"DEBUG","T":"2026-09-07T11:24:39.289+0300","C":"/Users/artni/Documents/Dev/GophProfile/internal/worker/pool.go:128","M":"worker started","worker number":7}
{"L":"DEBUG","T":"2026-09-07T11:24:39.289+0300","C":"/Users/artni/Documents/Dev/GophProfile/internal/worker/pool.go:128","M":"worker started","worker number":0}
{"L":"DEBUG","T":"2026-09-07T11:24:39.289+0300","C":"/Users/artni/Documents/Dev/GophProfile/internal/worker/pool.go:60","M":"worker for dlq started"}
{"L":"DEBUG","T":"2026-09-07T11:24:39.289+0300","C":"/Users/artni/Documents/Dev/GophProfile/internal/worker/pool.go:128","M":"worker started","worker number":1}
{"L":"DEBUG","T":"2026-09-07T11:24:39.289+0300","C":"/Users/artni/Documents/Dev/GophProfile/internal/worker/pool.go:128","M":"worker started","worker number":3}
{"L":"DEBUG","T":"2026-09-07T11:24:39.289+0300","C":"/Users/artni/Documents/Dev/GophProfile/internal/worker/pool.go:128","M":"worker started","worker number":8}
{"L":"DEBUG","T":"2026-09-07T11:24:39.289+0300","C":"/Users/artni/Documents/Dev/GophProfile/internal/worker/pool.go:128","M":"worker started","worker number":5}
{"L":"DEBUG","T":"2026-09-07T11:24:39.289+0300","C":"/Users/artni/Documents/Dev/GophProfile/internal/worker/pool.go:128","M":"worker started","worker number":4}
{"L":"DEBUG","T":"2026-09-07T11:24:39.289+0300","C":"/Users/artni/Documents/Dev/GophProfile/internal/worker/pool.go:128","M":"worker started","worker number":9}
{"L":"DEBUG","T":"2026-09-07T11:24:39.289+0300","C":"/Users/artni/Documents/Dev/GophProfile/internal/worker/pool.go:128","M":"worker started","worker number":2}
{"L":"DEBUG","T":"2026-09-07T11:24:39.289+0300","C":"/Users/artni/Documents/Dev/GophProfile/internal/worker/pool.go:128","M":"worker started","worker number":10}
{"L":"DEBUG","T":"2026-09-07T11:24:39.289+0300","C":"/Users/artni/Documents/Dev/GophProfile/internal/worker/pool.go:128","M":"worker started","worker number":6}
{"L":"DEBUG","T":"2026-09-07T11:24:39.300+0300","C":"/Users/artni/Documents/Dev/GophProfile/internal/storage/interface.go:26","M":"Successfully uploaded to gophprofile/user1/100x100/f673de20-3ae7-49cf-abae-febe7cbb8a3f"}
{"L":"DEBUG","T":"2026-09-07T11:24:39.310+0300","C":"/Users/artni/Documents/Dev/GophProfile/internal/storage/interface.go:26","M":"Successfully uploaded to gophprofile/user1/300x300/f673de20-3ae7-49cf-abae-febe7cbb8a3f"}
{"L":"DEBUG","T":"2026-09-07T11:24:39.311+0300","C":"/Users/artni/Documents/Dev/GophProfile/internal/worker/pool.go:208","M":"worker process ack done","worker id":3,"message id":"8d1b4d9d-1157-4049-a50e-8ef8b9d03be2"}
{"L":"DEBUG","T":"2026-09-07T11:24:40.711+0300","C":"/Users/artni/Documents/Dev/GophProfile/internal/storage/interface.go:26","M":"Successfully uploaded to gophprofile/user1/originals/daa72e3c-ee3a-4d70-8369-8c22a636f26c"}
{"L":"DEBUG","T":"2026-09-07T11:24:40.717+0300","C":"/Users/artni/Documents/Dev/GophProfile/internal/worker/rabbitmq.go:141","M":"message has been delivered to broker successfully"}
{"L":"DEBUG","T":"2026-09-07T11:24:40.723+0300","C":"/Users/artni/Documents/Dev/GophProfile/internal/storage/interface.go:26","M":"Successfully uploaded to gophprofile/user1/100x100/daa72e3c-ee3a-4d70-8369-8c22a636f26c"}
{"L":"DEBUG","T":"2026-09-07T11:24:40.735+0300","C":"/Users/artni/Documents/Dev/GophProfile/internal/storage/interface.go:26","M":"Successfully uploaded to gophprofile/user1/300x300/daa72e3c-ee3a-4d70-8369-8c22a636f26c"}
{"L":"DEBUG","T":"2026-09-07T11:24:40.736+0300","C":"/Users/artni/Documents/Dev/GophProfile/internal/worker/pool.go:208","M":"worker process ack done","worker id":3,"message id":"809d212f-f377-40e3-8ad9-d9275df27533"}
{"L":"DEBUG","T":"2026-09-07T11:25:29.374+0300","C":"/Users/artni/Documents/Dev/GophProfile/internal/storage/interface.go:26","M":"Successfully uploaded to gophprofile/user1/originals/4e699b77-d2ba-4acc-be8d-a3e3db48c3cb"}
{"L":"DEBUG","T":"2026-09-07T11:25:29.379+0300","C":"/Users/artni/Documents/Dev/GophProfile/internal/worker/rabbitmq.go:141","M":"message has been delivered to broker successfully"}
{"L":"DEBUG","T":"2026-09-07T11:25:29.387+0300","C":"/Users/artni/Documents/Dev/GophProfile/internal/storage/interface.go:26","M":"Successfully uploaded to gophprofile/user1/100x100/4e699b77-d2ba-4acc-be8d-a3e3db48c3cb"}
{"L":"DEBUG","T":"2026-09-07T11:25:29.401+0300","C":"/Users/artni/Documents/Dev/GophProfile/internal/storage/interface.go:26","M":"Successfully uploaded to gophprofile/user1/300x300/4e699b77-d2ba-4acc-be8d-a3e3db48c3cb"}
{"L":"DEBUG","T":"2026-09-07T11:25:29.402+0300","C":"/Users/artni/Documents/Dev/GophProfile/internal/worker/pool.go:208","M":"worker process ack done","worker id":5,"message id":"18b5c3fe-cfe8-4338-81d9-88bb586941d8"}
{"L":"INFO","T":"2026-09-07T11:29:08.420+0300","C":"/Users/artni/Documents/Dev/GophProfile/cmd/server/app.go:43","M":"shutting the app down"}
{"L":"INFO","T":"2026-09-07T11:29:08.420+0300","C":"/Users/artni/Documents/Dev/GophProfile/cmd/server/app.go:51","M":"grace period has been expired - app closed forcefully"}
{"L":"INFO","T":"2026-09-07T11:29:11.101+0300","C":"/Users/artni/Documents/Dev/GophProfile/internal/app/app.go:67","M":"database connection initialized successfully"}
{"L":"DEBUG","T":"2026-09-07T11:29:11.118+0300","C":"/Users/artni/Documents/Dev/GophProfile/internal/worker/pool.go:128","M":"worker started","worker number":5}
{"L":"DEBUG","T":"2026-09-07T11:29:11.118+0300","C":"/Users/artni/Documents/Dev/GophProfile/internal/worker/pool.go:128","M":"worker started","worker number":6}
{"L":"DEBUG","T":"2026-09-07T11:29:11.118+0300","C":"/Users/artni/Documents/Dev/GophProfile/internal/worker/pool.go:128","M":"worker started","worker number":9}
{"L":"DEBUG","T":"2026-09-07T11:29:11.118+0300","C":"/Users/artni/Documents/Dev/GophProfile/internal/worker/pool.go:128","M":"worker started","worker number":0}
{"L":"DEBUG","T":"2026-09-07T11:29:11.118+0300","C":"/Users/artni/Documents/Dev/GophProfile/internal/worker/pool.go:128","M":"worker started","worker number":1}
{"L":"DEBUG","T":"2026-09-07T11:29:11.118+0300","C":"/Users/artni/Documents/Dev/GophProfile/internal/worker/pool.go:128","M":"worker started","worker number":8}
{"L":"DEBUG","T":"2026-09-07T11:29:11.118+0300","C":"/Users/artni/Documents/Dev/GophProfile/internal/worker/pool.go:128","M":"worker started","worker number":10}
{"L":"DEBUG","T":"2026-09-07T11:29:11.118+0300","C":"/Users/artni/Documents/Dev/GophProfile/internal/worker/pool.go:128","M":"worker started","worker number":7}
{"L":"DEBUG","T":"2026-09-07T11:29:11.118+0300","C":"/Users/artni/Documents/Dev/GophProfile/internal/worker/pool.go:128","M":"worker started","worker number":2}
{"L":"DEBUG","T":"2026-09-07T11:29:11.118+0300","C":"/Users/artni/Documents/Dev/GophProfile/internal/worker/pool.go:128","M":"worker started","worker number":4}
{"L":"DEBUG","T":"2026-09-07T11:29:11.118+0300","C":"/Users/artni/Documents/Dev/GophProfile/internal/worker/pool.go:128","M":"worker started","worker number":3}
{"L":"DEBUG","T":"2026-09-07T11:29:11.118+0300","C":"/Users/artni/Documents/Dev/GophProfile/internal/worker/pool.go:60","M":"worker for dlq started"}
{"L":"DEBUG","T":"2026-09-07T11:29:16.524+0300","C":"/Users/artni/Documents/Dev/GophProfile/internal/storage/interface.go:26","M":"Successfully uploaded to gophprofile/user1/originals/74c86c3d-0a0f-454e-808e-8a513df6a880"}
{"L":"DEBUG","T":"2026-09-07T11:29:16.533+0300","C":"/Users/artni/Documents/Dev/GophProfile/internal/worker/rabbitmq.go:141","M":"message has been delivered to broker successfully"}
{"L":"DEBUG","T":"2026-09-07T11:29:16.539+0300","C":"/Users/artni/Documents/Dev/GophProfile/internal/storage/interface.go:26","M":"Successfully uploaded to gophprofile/user1/100x100/74c86c3d-0a0f-454e-808e-8a513df6a880"}
{"L":"DEBUG","T":"2026-09-07T11:29:16.552+0300","C":"/Users/artni/Documents/Dev/GophProfile/internal/storage/interface.go:26","M":"Successfully uploaded to gophprofile/user1/300x300/74c86c3d-0a0f-454e-808e-8a513df6a880"}
{"L":"DEBUG","T":"2026-09-07T11:29:16.553+0300","C":"/Users/artni/Documents/Dev/GophProfile/internal/repository/avatars/avatars.go:100","M":"failed to update avatar status","id":"74c86c3d-0a0f-454e-808e-8a513df6a880","upload_status":"","processing_status":"uploaded","error":"mismatched param and argument count"}
{"L":"DEBUG","T":"2026-09-07T11:29:16.553+0300","C":"/Users/artni/Documents/Dev/GophProfile/internal/worker/pool.go:176","M":"failed to upload thumbnails","error":"failed to update avatar status: mismatched param and argument count"}
{"L":"DEBUG","T":"2026-09-07T11:29:16.560+0300","C":"/Users/artni/Documents/Dev/GophProfile/internal/storage/interface.go:26","M":"Successfully uploaded to gophprofile/user1/100x100/74c86c3d-0a0f-454e-808e-8a513df6a880"}
{"L":"DEBUG","T":"2026-09-07T11:29:16.573+0300","C":"/Users/artni/Documents/Dev/GophProfile/internal/storage/interface.go:26","M":"Successfully uploaded to gophprofile/user1/300x300/74c86c3d-0a0f-454e-808e-8a513df6a880"}
{"L":"DEBUG","T":"2026-09-07T11:29:16.574+0300","C":"/Users/artni/Documents/Dev/GophProfile/internal/repository/avatars/avatars.go:100","M":"failed to update avatar status","id":"74c86c3d-0a0f-454e-808e-8a513df6a880","upload_status":"","processing_status":"uploaded","error":"mismatched param and argument count"}
{"L":"DEBUG","T":"2026-09-07T11:29:16.574+0300","C":"/Users/artni/Documents/Dev/GophProfile/internal/worker/pool.go:176","M":"failed to upload thumbnails","error":"failed to update avatar status: mismatched param and argument count"}
{"L":"DEBUG","T":"2026-09-07T11:29:16.581+0300","C":"/Users/artni/Documents/Dev/GophProfile/internal/storage/interface.go:26","M":"Successfully uploaded to gophprofile/user1/100x100/74c86c3d-0a0f-454e-808e-8a513df6a880"}
{"L":"DEBUG","T":"2026-09-07T11:29:16.592+0300","C":"/Users/artni/Documents/Dev/GophProfile/internal/storage/interface.go:26","M":"Successfully uploaded to gophprofile/user1/300x300/74c86c3d-0a0f-454e-808e-8a513df6a880"}
{"L":"DEBUG","T":"2026-09-07T11:29:16.593+0300","C":"/Users/artni/Documents/Dev/GophProfile/internal/repository/avatars/avatars.go:100","M":"failed to update avatar status","id":"74c86c3d-0a0f-454e-808e-8a513df6a880","upload_status":"","processing_status":"uploaded","error":"mismatched param and argument count"}
{"L":"DEBUG","T":"2026-09-07T11:29:16.593+0300","C":"/Users/artni/Documents/Dev/GophProfile/internal/worker/pool.go:176","M":"failed to upload thumbnails","error":"failed to update avatar status: mismatched param and argument count"}
{"L":"DEBUG","T":"2026-09-07T11:29:16.593+0300","C":"/Users/artni/Documents/Dev/GophProfile/internal/worker/pool.go:183","M":"failed to upload thumbnails","error":"failed to update avatar status: mismatched param and argument count"}
{"L":"DEBUG","T":"2026-09-07T11:29:16.593+0300","C":"/Users/artni/Documents/Dev/GophProfile/internal/worker/pool.go:187","M":"message goes to images.dlq","message id":"6fc40680-c161-4a69-a9a0-bf63dcf7f2af","worker id":9}
{"L":"DEBUG","T":"2026-09-07T11:29:16.601+0300","C":"/Users/artni/Documents/Dev/GophProfile/internal/storage/interface.go:26","M":"Successfully uploaded to gophprofile/user1/100x100/74c86c3d-0a0f-454e-808e-8a513df6a880"}
{"L":"DEBUG","T":"2026-09-07T11:29:16.612+0300","C":"/Users/artni/Documents/Dev/GophProfile/internal/storage/interface.go:26","M":"Successfully uploaded to gophprofile/user1/300x300/74c86c3d-0a0f-454e-808e-8a513df6a880"}
{"L":"DEBUG","T":"2026-09-07T11:29:16.612+0300","C":"/Users/artni/Documents/Dev/GophProfile/internal/repository/avatars/avatars.go:100","M":"failed to update avatar status","id":"74c86c3d-0a0f-454e-808e-8a513df6a880","upload_status":"","processing_status":"uploaded","error":"mismatched param and argument count"}
{"L":"DEBUG","T":"2026-09-07T11:29:16.612+0300","C":"/Users/artni/Documents/Dev/GophProfile/internal/worker/pool.go:96","M":"failed to upload thumbnails","error":"failed to update avatar status: mismatched param and argument count"}
{"L":"DEBUG","T":"2026-09-07T11:29:16.622+0300","C":"/Users/artni/Documents/Dev/GophProfile/internal/storage/interface.go:26","M":"Successfully uploaded to gophprofile/user1/100x100/74c86c3d-0a0f-454e-808e-8a513df6a880"}
{"L":"DEBUG","T":"2026-09-07T11:29:16.632+0300","C":"/Users/artni/Documents/Dev/GophProfile/internal/storage/interface.go:26","M":"Successfully uploaded to gophprofile/user1/300x300/74c86c3d-0a0f-454e-808e-8a513df6a880"}
{"L":"DEBUG","T":"2026-09-07T11:29:16.632+0300","C":"/Users/artni/Documents/Dev/GophProfile/internal/repository/avatars/avatars.go:100","M":"failed to update avatar status","id":"74c86c3d-0a0f-454e-808e-8a513df6a880","upload_status":"","processing_status":"uploaded","error":"mismatched param and argument count"}
{"L":"DEBUG","T":"2026-09-07T11:29:16.632+0300","C":"/Users/artni/Documents/Dev/GophProfile/internal/worker/pool.go:96","M":"failed to upload thumbnails","error":"failed to update avatar status: mismatched param and argument count"}
{"L":"DEBUG","T":"2026-09-07T11:29:16.639+0300","C":"/Users/artni/Documents/Dev/GophProfile/internal/storage/interface.go:26","M":"Successfully uploaded to gophprofile/user1/100x100/74c86c3d-0a0f-454e-808e-8a513df6a880"}
{"L":"DEBUG","T":"2026-09-07T11:29:16.649+0300","C":"/Users/artni/Documents/Dev/GophProfile/internal/storage/interface.go:26","M":"Successfully uploaded to gophprofile/user1/300x300/74c86c3d-0a0f-454e-808e-8a513df6a880"}
{"L":"DEBUG","T":"2026-09-07T11:29:16.650+0300","C":"/Users/artni/Documents/Dev/GophProfile/internal/repository/avatars/avatars.go:100","M":"failed to update avatar status","id":"74c86c3d-0a0f-454e-808e-8a513df6a880","upload_status":"","processing_status":"uploaded","error":"mismatched param and argument count"}
{"L":"DEBUG","T":"2026-09-07T11:29:16.650+0300","C":"/Users/artni/Documents/Dev/GophProfile/internal/worker/pool.go:96","M":"failed to upload thumbnails","error":"failed to update avatar status: mismatched param and argument count"}
{"L":"DEBUG","T":"2026-09-07T11:29:16.650+0300","C":"/Users/artni/Documents/Dev/GophProfile/internal/worker/pool.go:103","M":"failed to upload thumbnails","error":"failed to update avatar status: mismatched param and argument count"}
{"L":"DEBUG","T":"2026-09-07T11:29:16.650+0300","C":"/Users/artni/Documents/Dev/GophProfile/internal/worker/pool.go:107","M":"message goes to images.dlq","message id":"6fc40680-c161-4a69-a9a0-bf63dcf7f2af"}
{"L":"INFO","T":"2026-09-07T11:30:57.795+0300","C":"/Users/artni/Documents/Dev/GophProfile/cmd/server/app.go:43","M":"shutting the app down"}
{"L":"INFO","T":"2026-09-07T11:30:57.795+0300","C":"/Users/artni/Documents/Dev/GophProfile/cmd/server/app.go:51","M":"grace period has been expired - app closed forcefully"}
{"L":"INFO","T":"2026-09-07T11:30:59.967+0300","C":"/Users/artni/Documents/Dev/GophProfile/internal/app/app.go:67","M":"database connection initialized successfully"}
{"L":"DEBUG","T":"2026-09-07T11:30:59.983+0300","C":"/Users/artni/Documents/Dev/GophProfile/internal/worker/pool.go:128","M":"worker started","worker number":1}
{"L":"DEBUG","T":"2026-09-07T11:30:59.983+0300","C":"/Users/artni/Documents/Dev/GophProfile/internal/worker/pool.go:128","M":"worker started","worker number":5}
{"L":"DEBUG","T":"2026-09-07T11:30:59.983+0300","C":"/Users/artni/Documents/Dev/GophProfile/internal/worker/pool.go:128","M":"worker started","worker number":6}
{"L":"DEBUG","T":"2026-09-07T11:30:59.983+0300","C":"/Users/artni/Documents/Dev/GophProfile/internal/worker/pool.go:60","M":"worker for dlq started"}
{"L":"DEBUG","T":"2026-09-07T11:30:59.983+0300","C":"/Users/artni/Documents/Dev/GophProfile/internal/worker/pool.go:128","M":"worker started","worker number":8}
{"L":"DEBUG","T":"2026-09-07T11:30:59.983+0300","C":"/Users/artni/Documents/Dev/GophProfile/internal/worker/pool.go:128","M":"worker started","worker number":0}
{"L":"DEBUG","T":"2026-09-07T11:30:59.983+0300","C":"/Users/artni/Documents/Dev/GophProfile/internal/worker/pool.go:128","M":"worker started","worker number":7}
{"L":"DEBUG","T":"2026-09-07T11:30:59.983+0300","C":"/Users/artni/Documents/Dev/GophProfile/internal/worker/pool.go:128","M":"worker started","worker number":9}
{"L":"DEBUG","T":"2026-09-07T11:30:59.983+0300","C":"/Users/artni/Documents/Dev/GophProfile/internal/worker/pool.go:128","M":"worker started","worker number":10}
{"L":"DEBUG","T":"2026-09-07T11:30:59.983+0300","C":"/Users/artni/Documents/Dev/GophProfile/internal/worker/pool.go:128","M":"worker started","worker number":3}
{"L":"DEBUG","T":"2026-09-07T11:30:59.983+0300","C":"/Users/artni/Documents/Dev/GophProfile/internal/worker/pool.go:128","M":"worker started","worker number":4}
{"L":"DEBUG","T":"2026-09-07T11:30:59.983+0300","C":"/Users/artni/Documents/Dev/GophProfile/internal/worker/pool.go:128","M":"worker started","worker number":2}
{"L":"DEBUG","T":"2026-09-07T11:31:03.280+0300","C":"/Users/artni/Documents/Dev/GophProfile/internal/storage/interface.go:26","M":"Successfully uploaded to gophprofile/user1/originals/14bf7b2d-c4d6-44d8-aa4a-245461bf7120"}
{"L":"DEBUG","T":"2026-09-07T11:31:03.292+0300","C":"/Users/artni/Documents/Dev/GophProfile/internal/worker/rabbitmq.go:141","M":"message has been delivered to broker successfully"}
{"L":"DEBUG","T":"2026-09-07T11:31:03.299+0300","C":"/Users/artni/Documents/Dev/GophProfile/internal/storage/interface.go:26","M":"Successfully uploaded to gophprofile/user1/100x100/14bf7b2d-c4d6-44d8-aa4a-245461bf7120"}
{"L":"DEBUG","T":"2026-09-07T11:31:03.313+0300","C":"/Users/artni/Documents/Dev/GophProfile/internal/storage/interface.go:26","M":"Successfully uploaded to gophprofile/user1/300x300/14bf7b2d-c4d6-44d8-aa4a-245461bf7120"}
{"L":"DEBUG","T":"2026-09-07T11:31:03.315+0300","C":"/Users/artni/Documents/Dev/GophProfile/internal/worker/pool.go:208","M":"worker process ack done","worker id":7,"message id":"b3c59aad-4f5a-46fa-bb87-7f87300926e9"}
{"L":"DEBUG","T":"2026-09-07T11:31:30.174+0300","C":"/Users/artni/Documents/Dev/GophProfile/internal/storage/interface.go:26","M":"Successfully uploaded to gophprofile/user1/originals/9794d89f-e78b-435f-bb48-c303fad67ecf"}
{"L":"DEBUG","T":"2026-09-07T11:31:30.180+0300","C":"/Users/artni/Documents/Dev/GophProfile/internal/worker/rabbitmq.go:141","M":"message has been delivered to broker successfully"}
{"L":"DEBUG","T":"2026-09-07T11:31:30.187+0300","C":"/Users/artni/Documents/Dev/GophProfile/internal/storage/interface.go:26","M":"Successfully uploaded to gophprofile/user1/100x100/9794d89f-e78b-435f-bb48-c303fad67ecf"}
{"L":"DEBUG","T":"2026-09-07T11:31:30.199+0300","C":"/Users/artni/Documents/Dev/GophProfile/internal/storage/interface.go:26","M":"Successfully uploaded to gophprofile/user1/300x300/9794d89f-e78b-435f-bb48-c303fad67ecf"}
{"L":"DEBUG","T":"2026-09-07T11:31:30.201+0300","C":"/Users/artni/Documents/Dev/GophProfile/internal/worker/pool.go:208","M":"worker process ack done","worker id":8,"message id":"c2d5f571-efa1-4277-859b-e3bcfcf5da9a"}
{"L":"INFO","T":"2026-09-07T11:36:16.782+0300","C":"/Users/artni/Documents/Dev/GophProfile/cmd/server/app.go:43","M":"shutting the app down"}
{"L":"INFO","T":"2026-09-07T11:36:16.782+0300","C":"/Users/artni/Documents/Dev/GophProfile/cmd/server/app.go:51","M":"grace period has been expired - app closed forcefully"}
{"L":"INFO","T":"2026-09-07T11:36:19.338+0300","C":"/Users/artni/Documents/Dev/GophProfile/internal/app/app.go:67","M":"database connection initialized successfully"}
{"L":"DEBUG","T":"2026-09-07T11:36:19.355+0300","C":"/Users/artni/Documents/Dev/GophProfile/internal/worker/pool.go:128","M":"worker started","worker number":3}
{"L":"DEBUG","T":"2026-09-07T11:36:19.355+0300","C":"/Users/artni/Documents/Dev/GophProfile/internal/worker/pool.go:128","M":"worker started","worker number":1}
{"L":"DEBUG","T":"2026-09-07T11:36:19.356+0300","C":"/Users/artni/Documents/Dev/GophProfile/internal/worker/pool.go:128","M":"worker started","worker number":5}
{"L":"DEBUG","T":"2026-09-07T11:36:19.356+0300","C":"/Users/artni/Documents/Dev/GophProfile/internal/worker/pool.go:128","M":"worker started","worker number":8}
{"L":"DEBUG","T":"2026-09-07T11:36:19.355+0300","C":"/Users/artni/Documents/Dev/GophProfile/internal/worker/pool.go:128","M":"worker started","worker number":2}
{"L":"DEBUG","T":"2026-09-07T11:36:19.356+0300","C":"/Users/artni/Documents/Dev/GophProfile/internal/worker/pool.go:128","M":"worker started","worker number":6}
{"L":"DEBUG","T":"2026-09-07T11:36:19.356+0300","C":"/Users/artni/Documents/Dev/GophProfile/internal/worker/pool.go:128","M":"worker started","worker number":7}
{"L":"DEBUG","T":"2026-09-07T11:36:19.355+0300","C":"/Users/artni/Documents/Dev/GophProfile/internal/worker/pool.go:60","M":"worker for dlq started"}
{"L":"DEBUG","T":"2026-09-07T11:36:19.356+0300","C":"/Users/artni/Documents/Dev/GophProfile/internal/worker/pool.go:128","M":"worker started","worker number":10}
{"L":"DEBUG","T":"2026-09-07T11:36:19.356+0300","C":"/Users/artni/Documents/Dev/GophProfile/internal/worker/pool.go:128","M":"worker started","worker number":4}
{"L":"DEBUG","T":"2026-09-07T11:36:19.355+0300","C":"/Users/artni/Documents/Dev/GophProfile/internal/worker/pool.go:128","M":"worker started","worker number":0}
{"L":"DEBUG","T":"2026-09-07T11:36:19.356+0300","C":"/Users/artni/Documents/Dev/GophProfile/internal/worker/pool.go:128","M":"worker started","worker number":9}
{"L":"DEBUG","T":"2026-09-07T11:36:23.870+0300","C":"/Users/artni/Documents/Dev/GophProfile/internal/storage/interface.go:26","M":"Successfully uploaded to gophprofile/user1/originals/7ded2ed4-bf70-4342-bfaa-b83377673b6f"}
{"L":"DEBUG","T":"2026-09-07T11:36:23.881+0300","C":"/Users/artni/Documents/Dev/GophProfile/internal/worker/rabbitmq.go:141","M":"message has been delivered to broker successfully"}
{"L":"DEBUG","T":"2026-09-07T11:36:23.889+0300","C":"/Users/artni/Documents/Dev/GophProfile/internal/storage/interface.go:26","M":"Successfully uploaded to gophprofile/user1/100x100/7ded2ed4-bf70-4342-bfaa-b83377673b6f"}
{"L":"DEBUG","T":"2026-09-07T11:36:23.905+0300","C":"/Users/artni/Documents/Dev/GophProfile/internal/storage/interface.go:26","M":"Successfully uploaded to gophprofile/user1/300x300/7ded2ed4-bf70-4342-bfaa-b83377673b6f"}
{"L":"DEBUG","T":"2026-09-07T11:36:23.906+0300","C":"/Users/artni/Documents/Dev/GophProfile/internal/worker/pool.go:208","M":"worker process ack done","worker id":1,"message id":"4126c2f6-3e15-419b-847e-d62a7f8ec59f"}
{"L":"INFO","T":"2026-09-07T11:39:08.764+0300","C":"/Users/artni/Documents/Dev/GophProfile/cmd/server/app.go:43","M":"shutting the app down"}
{"L":"INFO","T":"2026-09-07T11:39:08.764+0300","C":"/Users/artni/Documents/Dev/GophProfile/cmd/server/app.go:51","M":"grace period has been expired - app closed forcefully"}
{"L":"INFO","T":"2026-09-07T11:39:10.859+0300","C":"/Users/artni/Documents/Dev/GophProfile/internal/app/app.go:67","M":"database connection initialized successfully"}
{"L":"DEBUG","T":"2026-09-07T11:39:10.872+0300","C":"/Users/artni/Documents/Dev/GophProfile/internal/worker/pool.go:128","M":"worker started","worker number":3}
{"L":"DEBUG","T":"2026-09-07T11:39:10.872+0300","C":"/Users/artni/Documents/Dev/GophProfile/internal/worker/pool.go:128","M":"worker started","worker number":8}
{"L":"DEBUG","T":"2026-09-07T11:39:10.872+0300","C":"/Users/artni/Documents/Dev/GophProfile/internal/worker/pool.go:60","M":"worker for dlq started"}
{"L":"DEBUG","T":"2026-09-07T11:39:10.872+0300","C":"/Users/artni/Documents/Dev/GophProfile/internal/worker/pool.go:128","M":"worker started","worker number":7}
{"L":"DEBUG","T":"2026-09-07T11:39:10.872+0300","C":"/Users/artni/Documents/Dev/GophProfile/internal/worker/pool.go:128","M":"worker started","worker number":2}
{"L":"DEBUG","T":"2026-09-07T11:39:10.872+0300","C":"/Users/artni/Documents/Dev/GophProfile/internal/worker/pool.go:128","M":"worker started","worker number":4}
{"L":"DEBUG","T":"2026-09-07T11:39:10.872+0300","C":"/Users/artni/Documents/Dev/GophProfile/internal/worker/pool.go:128","M":"worker started","worker number":5}
{"L":"DEBUG","T":"2026-09-07T11:39:10.872+0300","C":"/Users/artni/Documents/Dev/GophProfile/internal/worker/pool.go:128","M":"worker started","worker number":9}
{"L":"DEBUG","T":"2026-09-07T11:39:10.872+0300","C":"/Users/artni/Documents/Dev/GophProfile/internal/worker/pool.go:128","M":"worker started","worker number":6}
{"L":"DEBUG","T":"2026-09-07T11:39:10.872+0300","C":"/Users/artni/Documents/Dev/GophProfile/internal/worker/pool.go:128","M":"worker started","worker number":10}
{"L":"DEBUG","T":"2026-09-07T11:39:10.872+0300","C":"/Users/artni/Documents/Dev/GophProfile/internal/worker/pool.go:128","M":"worker started","worker number":0}
{"L":"DEBUG","T":"2026-09-07T11:39:10.872+0300","C":"/Users/artni/Documents/Dev/GophProfile/internal/worker/pool.go:128","M":"worker started","worker number":1}
{"L":"DEBUG","T":"2026-09-07T11:44:08.484+0300","C":"/Users/artni/Documents/Dev/GophProfile/internal/worker/pool.go:162","M":"broker queue is closed","worker id":3}
{"L":"DEBUG","T":"2026-09-07T11:44:08.484+0300","C":"/Users/artni/Documents/Dev/GophProfile/internal/worker/pool.go:162","M":"broker queue is closed","worker id":7}
{"L":"DEBUG","T":"2026-09-07T11:44:08.484+0300","C":"/Users/artni/Documents/Dev/GophProfile/internal/worker/pool.go:162","M":"broker queue is closed","worker id":8}
{"L":"ERROR","T":"2026-09-07T11:44:08.487+0300","C":"/Users/artni/Documents/Dev/GophProfile/internal/worker/pool.go:44","M":"worker failed","error":"broker queue is closed","S":"github.com/artni96/GophProfile/internal/worker.(*Pool).Launch.func1\n\t/Users/artni/Documents/Dev/GophProfile/internal/worker/pool.go:44\nsync.(*WaitGroup).Go.func1\n\t/Users/artni/go/pkg/mod/golang.org/toolchain@v0.0.1-go1.27.0.darwin-arm64/src/sync/waitgroup.go:258"}
{"L":"DEBUG","T":"2026-09-07T11:44:08.484+0300","C":"/Users/artni/Documents/Dev/GophProfile/internal/worker/pool.go:162","M":"broker queue is closed","worker id":4}
{"L":"ERROR","T":"2026-09-07T11:44:08.487+0300","C":"/Users/artni/Documents/Dev/GophProfile/internal/worker/pool.go:44","M":"worker failed","error":"broker queue is closed","S":"github.com/artni96/GophProfile/internal/worker.(*Pool).Launch.func1\n\t/Users/artni/Documents/Dev/GophProfile/internal/worker/pool.go:44\nsync.(*WaitGroup).Go.func1\n\t/Users/artni/go/pkg/mod/golang.org/toolchain@v0.0.1-go1.27.0.darwin-arm64/src/sync/waitgroup.go:258"}
{"L":"DEBUG","T":"2026-09-07T11:44:08.484+0300","C":"/Users/artni/Documents/Dev/GophProfile/internal/worker/pool.go:162","M":"broker queue is closed","worker id":10}
{"L":"DEBUG","T":"2026-09-07T11:44:08.484+0300","C":"/Users/artni/Documents/Dev/GophProfile/internal/worker/pool.go:84","M":"images.dlq is closed"}
{"L":"DEBUG","T":"2026-09-07T11:44:08.484+0300","C":"/Users/artni/Documents/Dev/GophProfile/internal/worker/pool.go:162","M":"broker queue is closed","worker id":5}
{"L":"DEBUG","T":"2026-09-07T11:44:08.484+0300","C":"/Users/artni/Documents/Dev/GophProfile/internal/worker/pool.go:162","M":"broker queue is closed","worker id":6}
{"L":"DEBUG","T":"2026-09-07T11:44:08.484+0300","C":"/Users/artni/Documents/Dev/GophProfile/internal/worker/pool.go:162","M":"broker queue is closed","worker id":0}
{"L":"DEBUG","T":"2026-09-07T11:44:08.484+0300","C":"/Users/artni/Documents/Dev/GophProfile/internal/worker/pool.go:162","M":"broker queue is closed","worker id":9}
{"L":"ERROR","T":"2026-09-07T11:44:08.488+0300","C":"/Users/artni/Documents/Dev/GophProfile/internal/worker/pool.go:52","M":"dlq worker failed","error":"broker queue is closed","S":"github.com/artni96/GophProfile/internal/worker.(*Pool).Launch.func2\n\t/Users/artni/Documents/Dev/GophProfile/internal/worker/pool.go:52\nsync.(*WaitGroup).Go.func1\n\t/Users/artni/go/pkg/mod/golang.org/toolchain@v0.0.1-go1.27.0.darwin-arm64/src/sync/waitgroup.go:258"}
{"L":"ERROR","T":"2026-09-07T11:44:08.488+0300","C":"/Users/artni/Documents/Dev/GophProfile/internal/worker/pool.go:44","M":"worker failed","error":"broker queue is closed","S":"github.com/artni96/GophProfile/internal/worker.(*Pool).Launch.func1\n\t/Users/artni/Documents/Dev/GophProfile/internal/worker/pool.go:44\nsync.(*WaitGroup).Go.func1\n\t/Users/artni/go/pkg/mod/golang.org/toolchain@v0.0.1-go1.27.0.darwin-arm64/src/sync/waitgroup.go:258"}
{"L":"INFO","T":"2026-09-07T11:44:08.487+0300","C":"/Users/artni/Documents/Dev/GophProfile/cmd/server/app.go:43","M":"shutting the app down"}
{"L":"ERROR","T":"2026-09-07T11:44:08.488+0300","C":"/Users/artni/Documents/Dev/GophProfile/internal/worker/pool.go:44","M":"worker failed","error":"broker queue is closed","S":"github.com/artni96/GophProfile/internal/worker.(*Pool).Launch.func1\n\t/Users/artni/Documents/Dev/GophProfile/internal/worker/pool.go:44\nsync.(*WaitGroup).Go.func1\n\t/Users/artni/go/pkg/mod/golang.org/toolchain@v0.0.1-go1.27.0.darwin-arm64/src/sync/waitgroup.go:258"}
{"L":"ERROR","T":"2026-09-07T11:44:08.488+0300","C":"/Users/artni/Documents/Dev/GophProfile/internal/worker/pool.go:44","M":"worker failed","error":"broker queue is closed","S":"github.com/artni96/GophProfile/internal/worker.(*Pool).Launch.func1\n\t/Users/artni/Documents/Dev/GophProfile/internal/worker/pool.go:44\nsync.(*WaitGroup).Go.func1\n\t/Users/artni/go/pkg/mod/golang.org/toolchain@v0.0.1-go1.27.0.darwin-arm64/src/sync/waitgroup.go:258"}
{"L":"DEBUG","T":"2026-09-07T11:44:08.484+0300","C":"/Users/artni/Documents/Dev/GophProfile/internal/worker/pool.go:162","M":"broker queue is closed","worker id":1}
{"L":"ERROR","T":"2026-09-07T11:44:08.488+0300","C":"/Users/artni/Documents/Dev/GophProfile/internal/worker/pool.go:44","M":"worker failed","error":"broker queue is closed","S":"github.com/artni96/GophProfile/internal/worker.(*Pool).Launch.func1\n\t/Users/artni/Documents/Dev/GophProfile/internal/worker/pool.go:44\nsync.(*WaitGroup).Go.func1\n\t/Users/artni/go/pkg/mod/golang.org/toolchain@v0.0.1-go1.27.0.darwin-arm64/src/sync/waitgroup.go:258"}
{"L":"ERROR","T":"2026-09-07T11:44:08.487+0300","C":"/Users/artni/Documents/Dev/GophProfile/internal/worker/pool.go:44","M":"worker failed","error":"broker queue is closed","S":"github.com/artni96/GophProfile/internal/worker.(*Pool).Launch.func1\n\t/Users/artni/Documents/Dev/GophProfile/internal/worker/pool.go:44\nsync.(*WaitGroup).Go.func1\n\t/Users/artni/go/pkg/mod/golang.org/toolchain@v0.0.1-go1.27.0.darwin-arm64/src/sync/waitgroup.go:258"}
{"L":"ERROR","T":"2026-09-07T11:44:08.488+0300","C":"/Users/artni/Documents/Dev/GophProfile/internal/worker/pool.go:44","M":"worker failed","error":"broker queue is closed","S":"github.com/artni96/GophProfile/internal/worker.(*Pool).Launch.func1\n\t/Users/artni/Documents/Dev/GophProfile/internal/worker/pool.go:44\nsync.(*WaitGroup).Go.func1\n\t/Users/artni/go/pkg/mod/golang.org/toolchain@v0.0.1-go1.27.0.darwin-arm64/src/sync/waitgroup.go:258"}
{"L":"DEBUG","T":"2026-09-07T11:44:08.484+0300","C":"/Users/artni/Documents/Dev/GophProfile/internal/worker/pool.go:162","M":"broker queue is closed","worker id":2}
{"L":"ERROR","T":"2026-09-07T11:44:08.488+0300","C":"/Users/artni/Documents/Dev/GophProfile/internal/worker/pool.go:44","M":"worker failed","error":"broker queue is closed","S":"github.com/artni96/GophProfile/internal/worker.(*Pool).Launch.func1\n\t/Users/artni/Documents/Dev/GophProfile/internal/worker/pool.go:44\nsync.(*WaitGroup).Go.func1\n\t/Users/artni/go/pkg/mod/golang.org/toolchain@v0.0.1-go1.27.0.darwin-arm64/src/sync/waitgroup.go:258"}
{"L":"INFO","T":"2026-09-07T11:44:08.488+0300","C":"/Users/artni/Documents/Dev/GophProfile/cmd/server/app.go:51","M":"grace period has been expired - app closed forcefully"}
{"L":"ERROR","T":"2026-09-07T11:44:08.488+0300","C":"/Users/artni/Documents/Dev/GophProfile/internal/worker/pool.go:44","M":"worker failed","error":"broker queue is closed","S":"github.com/artni96/GophProfile/internal/worker.(*Pool).Launch.func1\n\t/Users/artni/Documents/Dev/GophProfile/internal/worker/pool.go:44\nsync.(*WaitGroup).Go.func1\n\t/Users/artni/go/pkg/mod/golang.org/toolchain@v0.0.1-go1.27.0.darwin-arm64/src/sync/waitgroup.go:258"}
{"L":"ERROR","T":"2026-09-07T11:44:08.488+0300","C":"/Users/artni/Documents/Dev/GophProfile/internal/worker/pool.go:44","M":"worker failed","error":"broker queue is closed","S":"github.com/artni96/GophProfile/internal/worker.(*Pool).Launch.func1\n\t/Users/artni/Documents/Dev/GophProfile/internal/worker/pool.go:44\nsync.(*WaitGroup).Go.func1\n\t/Users/artni/go/pkg/mod/golang.org/toolchain@v0.0.1-go1.27.0.darwin-arm64/src/sync/waitgroup.go:258"}
{"L":"ERROR","T":"2026-09-07T11:44:08.488+0300","C":"/Users/artni/Documents/Dev/GophProfile/internal/app/app.go:137","M":"failed to shutdown http server","error":"failed to shutdown HTTP server: context deadline exceeded","S":"github.com/artni96/GophProfile/internal/app.(*App).Shutdown.func1\n\t/Users/artni/Documents/Dev/GophProfile/internal/app/app.go:137\ngolang.org/x/sync/errgroup.(*Group).Go.func1\n\t/Users/artni/go/pkg/mod/golang.org/x/sync@v0.22.0/errgroup/errgroup.go:93"}
{"L":"INFO","T":"2026-09-07T11:44:51.410+0300","C":"/Users/artni/Documents/Dev/GophProfile/internal/app/app.go:67","M":"database connection initialized successfully"}
{"L":"DEBUG","T":"2026-09-07T11:44:51.427+0300","C":"/Users/artni/Documents/Dev/GophProfile/internal/worker/pool.go:128","M":"worker started","worker number":2}
{"L":"DEBUG","T":"2026-09-07T11:44:51.427+0300","C":"/Users/artni/Documents/Dev/GophProfile/internal/worker/pool.go:128","M":"worker started","worker number":7}
{"L":"DEBUG","T":"2026-09-07T11:44:51.427+0300","C":"/Users/artni/Documents/Dev/GophProfile/internal/worker/pool.go:128","M":"worker started","worker number":4}
{"L":"DEBUG","T":"2026-09-07T11:44:51.427+0300","C":"/Users/artni/Documents/Dev/GophProfile/internal/worker/pool.go:128","M":"worker started","worker number":0}
{"L":"DEBUG","T":"2026-09-07T11:44:51.427+0300","C":"/Users/artni/Documents/Dev/GophProfile/internal/worker/pool.go:60","M":"worker for dlq started"}
{"L":"DEBUG","T":"2026-09-07T11:44:51.427+0300","C":"/Users/artni/Documents/Dev/GophProfile/internal/worker/pool.go:128","M":"worker started","worker number":9}
{"L":"DEBUG","T":"2026-09-07T11:44:51.427+0300","C":"/Users/artni/Documents/Dev/GophProfile/internal/worker/pool.go:128","M":"worker started","worker number":8}
{"L":"DEBUG","T":"2026-09-07T11:44:51.427+0300","C":"/Users/artni/Documents/Dev/GophProfile/internal/worker/pool.go:128","M":"worker started","worker number":10}
{"L":"DEBUG","T":"2026-09-07T11:44:51.427+0300","C":"/Users/artni/Documents/Dev/GophProfile/internal/worker/pool.go:128","M":"worker started","worker number":3}
{"L":"DEBUG","T":"2026-09-07T11:44:51.427+0300","C":"/Users/artni/Documents/Dev/GophProfile/internal/worker/pool.go:128","M":"worker started","worker number":1}
{"L":"DEBUG","T":"2026-09-07T11:44:51.427+0300","C":"/Users/artni/Documents/Dev/GophProfile/internal/worker/pool.go:128","M":"worker started","worker number":6}
{"L":"DEBUG","T":"2026-09-07T11:44:51.427+0300","C":"/Users/artni/Documents/Dev/GophProfile/internal/worker/pool.go:128","M":"worker started","worker number":5}
{"L":"DEBUG","T":"2026-09-07T11:44:56.954+0300","C":"/Users/artni/Documents/Dev/GophProfile/internal/storage/s3.go:58","M":"Successfully uploaded to gophprofile/user1/originals/148a5efc-84d8-4a0b-ac8d-c4577340fd3e"}
{"L":"DEBUG","T":"2026-09-07T11:44:56.962+0300","C":"/Users/artni/Documents/Dev/GophProfile/internal/worker/rabbitmq.go:141","M":"message has been delivered to broker successfully"}
{"L":"DEBUG","T":"2026-09-07T11:44:56.969+0300","C":"/Users/artni/Documents/Dev/GophProfile/internal/storage/s3.go:58","M":"Successfully uploaded to gophprofile/user1/100x100/148a5efc-84d8-4a0b-ac8d-c4577340fd3e"}
{"L":"DEBUG","T":"2026-09-07T11:44:56.985+0300","C":"/Users/artni/Documents/Dev/GophProfile/internal/storage/s3.go:58","M":"Successfully uploaded to gophprofile/user1/300x300/148a5efc-84d8-4a0b-ac8d-c4577340fd3e"}
{"L":"DEBUG","T":"2026-09-07T11:44:56.986+0300","C":"/Users/artni/Documents/Dev/GophProfile/internal/worker/pool.go:208","M":"worker process ack done","worker id":4,"message id":"822f423c-fc7f-404b-b1bb-dc9c299a2ad5"}
{"L":"INFO","T":"2026-09-07T11:46:55.487+0300","C":"/Users/artni/Documents/Dev/GophProfile/cmd/server/app.go:43","M":"shutting the app down"}
{"L":"INFO","T":"2026-09-07T11:46:55.487+0300","C":"/Users/artni/Documents/Dev/GophProfile/cmd/server/app.go:51","M":"grace period has been expired - app closed forcefully"}
{"L":"INFO","T":"2026-09-07T11:46:57.877+0300","C":"/Users/artni/Documents/Dev/GophProfile/internal/app/app.go:67","M":"database connection initialized successfully"}
{"L":"DEBUG","T":"2026-09-07T11:46:57.895+0300","C":"/Users/artni/Documents/Dev/GophProfile/internal/worker/pool.go:128","M":"worker started","worker number":8}
{"L":"DEBUG","T":"2026-09-07T11:46:57.895+0300","C":"/Users/artni/Documents/Dev/GophProfile/internal/worker/pool.go:128","M":"worker started","worker number":6}
{"L":"DEBUG","T":"2026-09-07T11:46:57.895+0300","C":"/Users/artni/Documents/Dev/GophProfile/internal/worker/pool.go:128","M":"worker started","worker number":7}
{"L":"DEBUG","T":"2026-09-07T11:46:57.895+0300","C":"/Users/artni/Documents/Dev/GophProfile/internal/worker/pool.go:128","M":"worker started","worker number":1}
{"L":"DEBUG","T":"2026-09-07T11:46:57.895+0300","C":"/Users/artni/Documents/Dev/GophProfile/internal/worker/pool.go:60","M":"worker for dlq started"}
{"L":"DEBUG","T":"2026-09-07T11:46:57.895+0300","C":"/Users/artni/Documents/Dev/GophProfile/internal/worker/pool.go:128","M":"worker started","worker number":0}
{"L":"DEBUG","T":"2026-09-07T11:46:57.895+0300","C":"/Users/artni/Documents/Dev/GophProfile/internal/worker/pool.go:128","M":"worker started","worker number":10}
{"L":"DEBUG","T":"2026-09-07T11:46:57.895+0300","C":"/Users/artni/Documents/Dev/GophProfile/internal/worker/pool.go:128","M":"worker started","worker number":2}
{"L":"DEBUG","T":"2026-09-07T11:46:57.895+0300","C":"/Users/artni/Documents/Dev/GophProfile/internal/worker/pool.go:128","M":"worker started","worker number":3}
{"L":"DEBUG","T":"2026-09-07T11:46:57.895+0300","C":"/Users/artni/Documents/Dev/GophProfile/internal/worker/pool.go:128","M":"worker started","worker number":5}
{"L":"DEBUG","T":"2026-09-07T11:46:57.895+0300","C":"/Users/artni/Documents/Dev/GophProfile/internal/worker/pool.go:128","M":"worker started","worker number":9}
{"L":"DEBUG","T":"2026-09-07T11:46:57.895+0300","C":"/Users/artni/Documents/Dev/GophProfile/internal/worker/pool.go:128","M":"worker started","worker number":4}
{"L":"DEBUG","T":"2026-09-07T11:47:01.267+0300","C":"/Users/artni/Documents/Dev/GophProfile/internal/storage/s3.go:58","M":"Successfully uploaded to gophprofile/user1/originals/dd3475d6-766a-4700-9b4b-8d74a710b3dc"}
{"L":"DEBUG","T":"2026-09-07T11:47:01.280+0300","C":"/Users/artni/Documents/Dev/GophProfile/internal/worker/rabbitmq.go:141","M":"message has been delivered to broker successfully"}
{"L":"DEBUG","T":"2026-09-07T11:47:01.286+0300","C":"/Users/artni/Documents/Dev/GophProfile/internal/storage/s3.go:58","M":"Successfully uploaded to gophprofile/user1/100x100/dd3475d6-766a-4700-9b4b-8d74a710b3dc"}
{"L":"DEBUG","T":"2026-09-07T11:47:01.301+0300","C":"/Users/artni/Documents/Dev/GophProfile/internal/storage/s3.go:58","M":"Successfully uploaded to gophprofile/user1/300x300/dd3475d6-766a-4700-9b4b-8d74a710b3dc"}
{"L":"DEBUG","T":"2026-09-07T11:47:01.302+0300","C":"/Users/artni/Documents/Dev/GophProfile/internal/worker/pool.go:208","M":"worker process ack done","worker id":6,"message id":"af57a228-9436-4923-9b3f-7cd7afb39067"}
{"L":"INFO","T":"2026-09-07T11:47:18.210+0300","C":"/Users/artni/Documents/Dev/GophProfile/cmd/server/app.go:43","M":"shutting the app down"}
{"L":"INFO","T":"2026-09-07T11:47:18.211+0300","C":"/Users/artni/Documents/Dev/GophProfile/cmd/server/app.go:51","M":"grace period has been expired - app closed forcefully"}
{"L":"INFO","T":"2026-09-07T11:51:45.356+0300","C":"/Users/artni/Documents/Dev/GophProfile/internal/app/app.go:67","M":"database connection initialized successfully"}
{"L":"DEBUG","T":"2026-09-07T11:51:45.374+0300","C":"/Users/artni/Documents/Dev/GophProfile/internal/worker/pool.go:60","M":"worker for dlq started"}
{"L":"DEBUG","T":"2026-09-07T11:51:45.374+0300","C":"/Users/artni/Documents/Dev/GophProfile/internal/worker/pool.go:128","M":"worker started","worker number":1}
{"L":"DEBUG","T":"2026-09-07T11:51:45.374+0300","C":"/Users/artni/Documents/Dev/GophProfile/internal/worker/pool.go:128","M":"worker started","worker number":0}
{"L":"DEBUG","T":"2026-09-07T11:51:45.374+0300","C":"/Users/artni/Documents/Dev/GophProfile/internal/worker/pool.go:128","M":"worker started","worker number":4}
{"L":"DEBUG","T":"2026-09-07T11:51:45.374+0300","C":"/Users/artni/Documents/Dev/GophProfile/internal/worker/pool.go:128","M":"worker started","worker number":6}
{"L":"DEBUG","T":"2026-09-07T11:51:45.374+0300","C":"/Users/artni/Documents/Dev/GophProfile/internal/worker/pool.go:128","M":"worker started","worker number":2}
{"L":"DEBUG","T":"2026-09-07T11:51:45.374+0300","C":"/Users/artni/Documents/Dev/GophProfile/internal/worker/pool.go:128","M":"worker started","worker number":7}
{"L":"DEBUG","T":"2026-09-07T11:51:45.374+0300","C":"/Users/artni/Documents/Dev/GophProfile/internal/worker/pool.go:128","M":"worker started","worker number":3}
{"L":"DEBUG","T":"2026-09-07T11:51:45.374+0300","C":"/Users/artni/Documents/Dev/GophProfile/internal/worker/pool.go:128","M":"worker started","worker number":5}
{"L":"DEBUG","T":"2026-09-07T11:51:45.374+0300","C":"/Users/artni/Documents/Dev/GophProfile/internal/worker/pool.go:128","M":"worker started","worker number":9}
{"L":"DEBUG","T":"2026-09-07T11:51:45.374+0300","C":"/Users/artni/Documents/Dev/GophProfile/internal/worker/pool.go:128","M":"worker started","worker number":10}
{"L":"DEBUG","T":"2026-09-07T11:51:45.375+0300","C":"/Users/artni/Documents/Dev/GophProfile/internal/worker/pool.go:128","M":"worker started","worker number":8}
{"L":"INFO","T":"2026-09-07T11:53:21.242+0300","C":"/Users/artni/Documents/Dev/GophProfile/cmd/server/app.go:43","M":"shutting the app down"}
{"L":"INFO","T":"2026-09-07T11:53:21.243+0300","C":"/Users/artni/Documents/Dev/GophProfile/cmd/server/app.go:51","M":"grace period has been expired - app closed forcefully"}
{"L":"INFO","T":"2026-09-07T11:53:23.429+0300","C":"/Users/artni/Documents/Dev/GophProfile/internal/app/app.go:67","M":"database connection initialized successfully"}
{"L":"DEBUG","T":"2026-09-07T11:53:23.447+0300","C":"/Users/artni/Documents/Dev/GophProfile/internal/worker/pool.go:60","M":"worker for dlq started"}
{"L":"DEBUG","T":"2026-09-07T11:53:23.447+0300","C":"/Users/artni/Documents/Dev/GophProfile/internal/worker/pool.go:128","M":"worker started","worker number":3}
{"L":"DEBUG","T":"2026-09-07T11:53:23.447+0300","C":"/Users/artni/Documents/Dev/GophProfile/internal/worker/pool.go:128","M":"worker started","worker number":9}
{"L":"DEBUG","T":"2026-09-07T11:53:23.447+0300","C":"/Users/artni/Documents/Dev/GophProfile/internal/worker/pool.go:128","M":"worker started","worker number":1}
{"L":"DEBUG","T":"2026-09-07T11:53:23.447+0300","C":"/Users/artni/Documents/Dev/GophProfile/internal/worker/pool.go:128","M":"worker started","worker number":5}
{"L":"DEBUG","T":"2026-09-07T11:53:23.447+0300","C":"/Users/artni/Documents/Dev/GophProfile/internal/worker/pool.go:128","M":"worker started","worker number":6}
{"L":"DEBUG","T":"2026-09-07T11:53:23.447+0300","C":"/Users/artni/Documents/Dev/GophProfile/internal/worker/pool.go:128","M":"worker started","worker number":8}
{"L":"DEBUG","T":"2026-09-07T11:53:23.447+0300","C":"/Users/artni/Documents/Dev/GophProfile/internal/worker/pool.go:128","M":"worker started","worker number":7}
{"L":"DEBUG","T":"2026-09-07T11:53:23.447+0300","C":"/Users/artni/Documents/Dev/GophProfile/internal/worker/pool.go:128","M":"worker started","worker number":4}
{"L":"DEBUG","T":"2026-09-07T11:53:23.447+0300","C":"/Users/artni/Documents/Dev/GophProfile/internal/worker/pool.go:128","M":"worker started","worker number":10}
{"L":"DEBUG","T":"2026-09-07T11:53:23.447+0300","C":"/Users/artni/Documents/Dev/GophProfile/internal/worker/pool.go:128","M":"worker started","worker number":2}
{"L":"DEBUG","T":"2026-09-07T11:53:23.447+0300","C":"/Users/artni/Documents/Dev/GophProfile/internal/worker/pool.go:128","M":"worker started","worker number":0}
{"L":"INFO","T":"2026-09-07T11:54:45.298+0300","C":"/Users/artni/Documents/Dev/GophProfile/cmd/server/app.go:43","M":"shutting the app down"}
{"L":"INFO","T":"2026-09-07T11:54:45.299+0300","C":"/Users/artni/Documents/Dev/GophProfile/cmd/server/app.go:51","M":"grace period has been expired - app closed forcefully"}
{"L":"INFO","T":"2026-09-07T11:54:46.396+0300","C":"/Users/artni/Documents/Dev/GophProfile/internal/app/app.go:67","M":"database connection initialized successfully"}
{"L":"DEBUG","T":"2026-09-07T11:54:46.407+0300","C":"/Users/artni/Documents/Dev/GophProfile/internal/worker/pool.go:128","M":"worker started","worker number":5}
{"L":"DEBUG","T":"2026-09-07T11:54:46.407+0300","C":"/Users/artni/Documents/Dev/GophProfile/internal/worker/pool.go:128","M":"worker started","worker number":2}
{"L":"DEBUG","T":"2026-09-07T11:54:46.407+0300","C":"/Users/artni/Documents/Dev/GophProfile/internal/worker/pool.go:128","M":"worker started","worker number":0}
{"L":"DEBUG","T":"2026-09-07T11:54:46.407+0300","C":"/Users/artni/Documents/Dev/GophProfile/internal/worker/pool.go:128","M":"worker started","worker number":1}
{"L":"DEBUG","T":"2026-09-07T11:54:46.407+0300","C":"/Users/artni/Documents/Dev/GophProfile/internal/worker/pool.go:128","M":"worker started","worker number":3}
{"L":"DEBUG","T":"2026-09-07T11:54:46.407+0300","C":"/Users/artni/Documents/Dev/GophProfile/internal/worker/pool.go:128","M":"worker started","worker number":8}
{"L":"DEBUG","T":"2026-09-07T11:54:46.407+0300","C":"/Users/artni/Documents/Dev/GophProfile/internal/worker/pool.go:60","M":"worker for dlq started"}
{"L":"DEBUG","T":"2026-09-07T11:54:46.407+0300","C":"/Users/artni/Documents/Dev/GophProfile/internal/worker/pool.go:128","M":"worker started","worker number":6}
{"L":"DEBUG","T":"2026-09-07T11:54:46.407+0300","C":"/Users/artni/Documents/Dev/GophProfile/internal/worker/pool.go:128","M":"worker started","worker number":10}
{"L":"DEBUG","T":"2026-09-07T11:54:46.407+0300","C":"/Users/artni/Documents/Dev/GophProfile/internal/worker/pool.go:128","M":"worker started","worker number":9}
{"L":"DEBUG","T":"2026-09-07T11:54:46.407+0300","C":"/Users/artni/Documents/Dev/GophProfile/internal/worker/pool.go:128","M":"worker started","worker number":7}
{"L":"DEBUG","T":"2026-09-07T11:54:46.407+0300","C":"/Users/artni/Documents/Dev/GophProfile/internal/worker/pool.go:128","M":"worker started","worker number":4}
{"L":"INFO","T":"2026-09-07T11:54:54.674+0300","C":"/Users/artni/Documents/Dev/GophProfile/cmd/server/app.go:43","M":"shutting the app down"}
{"L":"INFO","T":"2026-09-07T11:54:54.676+0300","C":"/Users/artni/Documents/Dev/GophProfile/cmd/server/app.go:51","M":"grace period has been expired - app closed forcefully"}
{"L":"INFO","T":"2026-09-07T11:54:55.740+0300","C":"/Users/artni/Documents/Dev/GophProfile/internal/app/app.go:67","M":"database connection initialized successfully"}
{"L":"DEBUG","T":"2026-09-07T11:54:55.750+0300","C":"/Users/artni/Documents/Dev/GophProfile/internal/worker/pool.go:128","M":"worker started","worker number":3}
{"L":"DEBUG","T":"2026-09-07T11:54:55.750+0300","C":"/Users/artni/Documents/Dev/GophProfile/internal/worker/pool.go:128","M":"worker started","worker number":4}
{"L":"DEBUG","T":"2026-09-07T11:54:55.750+0300","C":"/Users/artni/Documents/Dev/GophProfile/internal/worker/pool.go:128","M":"worker started","worker number":6}
{"L":"DEBUG","T":"2026-09-07T11:54:55.750+0300","C":"/Users/artni/Documents/Dev/GophProfile/internal/worker/pool.go:128","M":"worker started","worker number":5}
{"L":"DEBUG","T":"2026-09-07T11:54:55.750+0300","C":"/Users/artni/Documents/Dev/GophProfile/internal/worker/pool.go:128","M":"worker started","worker number":1}
{"L":"DEBUG","T":"2026-09-07T11:54:55.750+0300","C":"/Users/artni/Documents/Dev/GophProfile/internal/worker/pool.go:128","M":"worker started","worker number":10}
{"L":"DEBUG","T":"2026-09-07T11:54:55.750+0300","C":"/Users/artni/Documents/Dev/GophProfile/internal/worker/pool.go:128","M":"worker started","worker number":0}
{"L":"DEBUG","T":"2026-09-07T11:54:55.750+0300","C":"/Users/artni/Documents/Dev/GophProfile/internal/worker/pool.go:128","M":"worker started","worker number":9}
{"L":"DEBUG","T":"2026-09-07T11:54:55.750+0300","C":"/Users/artni/Documents/Dev/GophProfile/internal/worker/pool.go:128","M":"worker started","worker number":2}
{"L":"DEBUG","T":"2026-09-07T11:54:55.750+0300","C":"/Users/artni/Documents/Dev/GophProfile/internal/worker/pool.go:128","M":"worker started","worker number":7}
{"L":"DEBUG","T":"2026-09-07T11:54:55.750+0300","C":"/Users/artni/Documents/Dev/GophProfile/internal/worker/pool.go:60","M":"worker for dlq started"}
{"L":"DEBUG","T":"2026-09-07T11:54:55.750+0300","C":"/Users/artni/Documents/Dev/GophProfile/internal/worker/pool.go:128","M":"worker started","worker number":8}
{"L":"INFO","T":"2026-09-07T11:55:17.818+0300","C":"/Users/artni/Documents/Dev/GophProfile/cmd/server/app.go:43","M":"shutting the app down"}
{"L":"INFO","T":"2026-09-07T11:55:17.820+0300","C":"/Users/artni/Documents/Dev/GophProfile/cmd/server/app.go:51","M":"grace period has been expired - app closed forcefully"}
{"L":"INFO","T":"2026-09-07T11:55:18.896+0300","C":"/Users/artni/Documents/Dev/GophProfile/internal/app/app.go:67","M":"database connection initialized successfully"}
{"L":"INFO","T":"2026-09-07T11:55:23.745+0300","C":"/Users/artni/Documents/Dev/GophProfile/internal/app/app.go:67","M":"database connection initialized successfully"}
{"L":"DEBUG","T":"2026-09-07T11:55:23.763+0300","C":"/Users/artni/Documents/Dev/GophProfile/internal/worker/pool.go:128","M":"worker started","worker number":0}
{"L":"DEBUG","T":"2026-09-07T11:55:23.763+0300","C":"/Users/artni/Documents/Dev/GophProfile/internal/worker/pool.go:128","M":"worker started","worker number":2}
{"L":"DEBUG","T":"2026-09-07T11:55:23.763+0300","C":"/Users/artni/Documents/Dev/GophProfile/internal/worker/pool.go:128","M":"worker started","worker number":1}
{"L":"DEBUG","T":"2026-09-07T11:55:23.763+0300","C":"/Users/artni/Documents/Dev/GophProfile/internal/worker/pool.go:128","M":"worker started","worker number":8}
{"L":"DEBUG","T":"2026-09-07T11:55:23.763+0300","C":"/Users/artni/Documents/Dev/GophProfile/internal/worker/pool.go:60","M":"worker for dlq started"}
{"L":"DEBUG","T":"2026-09-07T11:55:23.763+0300","C":"/Users/artni/Documents/Dev/GophProfile/internal/worker/pool.go:128","M":"worker started","worker number":9}
{"L":"DEBUG","T":"2026-09-07T11:55:23.763+0300","C":"/Users/artni/Documents/Dev/GophProfile/internal/worker/pool.go:128","M":"worker started","worker number":3}
{"L":"DEBUG","T":"2026-09-07T11:55:23.763+0300","C":"/Users/artni/Documents/Dev/GophProfile/internal/worker/pool.go:128","M":"worker started","worker number":10}
{"L":"DEBUG","T":"2026-09-07T11:55:23.763+0300","C":"/Users/artni/Documents/Dev/GophProfile/internal/worker/pool.go:128","M":"worker started","worker number":4}
{"L":"DEBUG","T":"2026-09-07T11:55:23.763+0300","C":"/Users/artni/Documents/Dev/GophProfile/internal/worker/pool.go:128","M":"worker started","worker number":7}
{"L":"DEBUG","T":"2026-09-07T11:55:23.763+0300","C":"/Users/artni/Documents/Dev/GophProfile/internal/worker/pool.go:128","M":"worker started","worker number":5}
{"L":"DEBUG","T":"2026-09-07T11:55:23.763+0300","C":"/Users/artni/Documents/Dev/GophProfile/internal/worker/pool.go:128","M":"worker started","worker number":6}
{"L":"INFO","T":"2026-09-07T11:55:38.672+0300","C":"/Users/artni/Documents/Dev/GophProfile/cmd/server/app.go:43","M":"shutting the app down"}
{"L":"INFO","T":"2026-09-07T11:55:38.674+0300","C":"/Users/artni/Documents/Dev/GophProfile/cmd/server/app.go:51","M":"grace period has been expired - app closed forcefully"}
{"L":"INFO","T":"2026-09-07T11:55:39.548+0300","C":"/Users/artni/Documents/Dev/GophProfile/internal/app/app.go:67","M":"database connection initialized successfully"}
{"L":"DEBUG","T":"2026-09-07T11:55:39.559+0300","C":"/Users/artni/Documents/Dev/GophProfile/internal/worker/pool.go:60","M":"worker for dlq started"}
{"L":"DEBUG","T":"2026-09-07T11:55:39.559+0300","C":"/Users/artni/Documents/Dev/GophProfile/internal/worker/pool.go:128","M":"worker started","worker number":5}
{"L":"DEBUG","T":"2026-09-07T11:55:39.559+0300","C":"/Users/artni/Documents/Dev/GophProfile/internal/worker/pool.go:128","M":"worker started","worker number":2}
{"L":"DEBUG","T":"2026-09-07T11:55:39.559+0300","C":"/Users/artni/Documents/Dev/GophProfile/internal/worker/pool.go:128","M":"worker started","worker number":3}
{"L":"DEBUG","T":"2026-09-07T11:55:39.559+0300","C":"/Users/artni/Documents/Dev/GophProfile/internal/worker/pool.go:128","M":"worker started","worker number":4}
{"L":"DEBUG","T":"2026-09-07T11:55:39.559+0300","C":"/Users/artni/Documents/Dev/GophProfile/internal/worker/pool.go:128","M":"worker started","worker number":8}
{"L":"DEBUG","T":"2026-09-07T11:55:39.559+0300","C":"/Users/artni/Documents/Dev/GophProfile/internal/worker/pool.go:128","M":"worker started","worker number":0}
{"L":"DEBUG","T":"2026-09-07T11:55:39.559+0300","C":"/Users/artni/Documents/Dev/GophProfile/internal/worker/pool.go:128","M":"worker started","worker number":7}
{"L":"DEBUG","T":"2026-09-07T11:55:39.559+0300","C":"/Users/artni/Documents/Dev/GophProfile/internal/worker/pool.go:128","M":"worker started","worker number":9}
{"L":"DEBUG","T":"2026-09-07T11:55:39.559+0300","C":"/Users/artni/Documents/Dev/GophProfile/internal/worker/pool.go:128","M":"worker started","worker number":10}
{"L":"DEBUG","T":"2026-09-07T11:55:39.559+0300","C":"/Users/artni/Documents/Dev/GophProfile/internal/worker/pool.go:128","M":"worker started","worker number":6}
{"L":"DEBUG","T":"2026-09-07T11:55:39.559+0300","C":"/Users/artni/Documents/Dev/GophProfile/internal/worker/pool.go:128","M":"worker started","worker number":1}
{"L":"INFO","T":"2026-09-07T11:57:50.681+0300","C":"/Users/artni/Documents/Dev/GophProfile/cmd/server/app.go:43","M":"shutting the app down"}
{"L":"INFO","T":"2026-09-07T11:57:50.683+0300","C":"/Users/artni/Documents/Dev/GophProfile/cmd/server/app.go:51","M":"grace period has been expired - app closed forcefully"}
{"L":"INFO","T":"2026-09-07T11:57:51.858+0300","C":"/Users/artni/Documents/Dev/GophProfile/internal/app/app.go:67","M":"database connection initialized successfully"}
{"L":"DEBUG","T":"2026-09-07T11:57:51.873+0300","C":"/Users/artni/Documents/Dev/GophProfile/internal/worker/pool.go:128","M":"worker started","worker number":5}
{"L":"DEBUG","T":"2026-09-07T11:57:51.873+0300","C":"/Users/artni/Documents/Dev/GophProfile/internal/worker/pool.go:128","M":"worker started","worker number":2}
{"L":"DEBUG","T":"2026-09-07T11:57:51.873+0300","C":"/Users/artni/Documents/Dev/GophProfile/internal/worker/pool.go:128","M":"worker started","worker number":8}
{"L":"DEBUG","T":"2026-09-07T11:57:51.873+0300","C":"/Users/artni/Documents/Dev/GophProfile/internal/worker/pool.go:128","M":"worker started","worker number":6}
{"L":"DEBUG","T":"2026-09-07T11:57:51.873+0300","C":"/Users/artni/Documents/Dev/GophProfile/internal/worker/pool.go:128","M":"worker started","worker number":1}
{"L":"DEBUG","T":"2026-09-07T11:57:51.873+0300","C":"/Users/artni/Documents/Dev/GophProfile/internal/worker/pool.go:128","M":"worker started","worker number":9}
{"L":"DEBUG","T":"2026-09-07T11:57:51.873+0300","C":"/Users/artni/Documents/Dev/GophProfile/internal/worker/pool.go:128","M":"worker started","worker number":3}
{"L":"DEBUG","T":"2026-09-07T11:57:51.873+0300","C":"/Users/artni/Documents/Dev/GophProfile/internal/worker/pool.go:128","M":"worker started","worker number":10}
{"L":"DEBUG","T":"2026-09-07T11:57:51.873+0300","C":"/Users/artni/Documents/Dev/GophProfile/internal/worker/pool.go:128","M":"worker started","worker number":7}
{"L":"DEBUG","T":"2026-09-07T11:57:51.873+0300","C":"/Users/artni/Documents/Dev/GophProfile/internal/worker/pool.go:128","M":"worker started","worker number":4}
{"L":"DEBUG","T":"2026-09-07T11:57:51.873+0300","C":"/Users/artni/Documents/Dev/GophProfile/internal/worker/pool.go:60","M":"worker for dlq started"}
{"L":"DEBUG","T":"2026-09-07T11:57:51.873+0300","C":"/Users/artni/Documents/Dev/GophProfile/internal/worker/pool.go:128","M":"worker started","worker number":0}
{"L":"INFO","T":"2026-09-07T11:58:18.571+0300","C":"/Users/artni/Documents/Dev/GophProfile/cmd/server/app.go:43","M":"shutting the app down"}
{"L":"INFO","T":"2026-09-07T11:58:18.574+0300","C":"/Users/artni/Documents/Dev/GophProfile/cmd/server/app.go:51","M":"grace period has been expired - app closed forcefully"}
{"L":"INFO","T":"2026-09-07T11:58:19.727+0300","C":"/Users/artni/Documents/Dev/GophProfile/internal/app/app.go:67","M":"database connection initialized successfully"}
{"L":"DEBUG","T":"2026-09-07T11:58:19.737+0300","C":"/Users/artni/Documents/Dev/GophProfile/internal/worker/pool.go:128","M":"worker started","worker number":2}
{"L":"DEBUG","T":"2026-09-07T11:58:19.737+0300","C":"/Users/artni/Documents/Dev/GophProfile/internal/worker/pool.go:128","M":"worker started","worker number":6}
{"L":"DEBUG","T":"2026-09-07T11:58:19.737+0300","C":"/Users/artni/Documents/Dev/GophProfile/internal/worker/pool.go:128","M":"worker started","worker number":10}
{"L":"DEBUG","T":"2026-09-07T11:58:19.737+0300","C":"/Users/artni/Documents/Dev/GophProfile/internal/worker/pool.go:128","M":"worker started","worker number":0}
{"L":"DEBUG","T":"2026-09-07T11:58:19.737+0300","C":"/Users/artni/Documents/Dev/GophProfile/internal/worker/pool.go:128","M":"worker started","worker number":1}
{"L":"DEBUG","T":"2026-09-07T11:58:19.737+0300","C":"/Users/artni/Documents/Dev/GophProfile/internal/worker/pool.go:128","M":"worker started","worker number":8}
{"L":"DEBUG","T":"2026-09-07T11:58:19.737+0300","C":"/Users/artni/Documents/Dev/GophProfile/internal/worker/pool.go:128","M":"worker started","worker number":4}
{"L":"DEBUG","T":"2026-09-07T11:58:19.737+0300","C":"/Users/artni/Documents/Dev/GophProfile/internal/worker/pool.go:128","M":"worker started","worker number":9}
{"L":"DEBUG","T":"2026-09-07T11:58:19.737+0300","C":"/Users/artni/Documents/Dev/GophProfile/internal/worker/pool.go:128","M":"worker started","worker number":3}
{"L":"DEBUG","T":"2026-09-07T11:58:19.737+0300","C":"/Users/artni/Documents/Dev/GophProfile/internal/worker/pool.go:128","M":"worker started","worker number":5}
{"L":"DEBUG","T":"2026-09-07T11:58:19.737+0300","C":"/Users/artni/Documents/Dev/GophProfile/internal/worker/pool.go:60","M":"worker for dlq started"}
{"L":"DEBUG","T":"2026-09-07T11:58:19.737+0300","C":"/Users/artni/Documents/Dev/GophProfile/internal/worker/pool.go:128","M":"worker started","worker number":7}
{"L":"INFO","T":"2026-09-07T11:59:07.945+0300","C":"/Users/artni/Documents/Dev/GophProfile/cmd/server/app.go:43","M":"shutting the app down"}
{"L":"INFO","T":"2026-09-07T11:59:07.946+0300","C":"/Users/artni/Documents/Dev/GophProfile/cmd/server/app.go:51","M":"grace period has been expired - app closed forcefully"}
{"L":"INFO","T":"2026-09-07T11:59:09.247+0300","C":"/Users/artni/Documents/Dev/GophProfile/internal/app/app.go:67","M":"database connection initialized successfully"}
{"L":"DEBUG","T":"2026-09-07T11:59:09.261+0300","C":"/Users/artni/Documents/Dev/GophProfile/internal/worker/pool.go:128","M":"worker started","worker number":5}
{"L":"DEBUG","T":"2026-09-07T11:59:09.261+0300","C":"/Users/artni/Documents/Dev/GophProfile/internal/worker/pool.go:60","M":"worker for dlq started"}
{"L":"DEBUG","T":"2026-09-07T11:59:09.261+0300","C":"/Users/artni/Documents/Dev/GophProfile/internal/worker/pool.go:128","M":"worker started","worker number":2}
{"L":"DEBUG","T":"2026-09-07T11:59:09.261+0300","C":"/Users/artni/Documents/Dev/GophProfile/internal/worker/pool.go:128","M":"worker started","worker number":0}
{"L":"DEBUG","T":"2026-09-07T11:59:09.261+0300","C":"/Users/artni/Documents/Dev/GophProfile/internal/worker/pool.go:128","M":"worker started","worker number":1}
{"L":"DEBUG","T":"2026-09-07T11:59:09.261+0300","C":"/Users/artni/Documents/Dev/GophProfile/internal/worker/pool.go:128","M":"worker started","worker number":9}
{"L":"DEBUG","T":"2026-09-07T11:59:09.261+0300","C":"/Users/artni/Documents/Dev/GophProfile/internal/worker/pool.go:128","M":"worker started","worker number":8}
{"L":"DEBUG","T":"2026-09-07T11:59:09.261+0300","C":"/Users/artni/Documents/Dev/GophProfile/internal/worker/pool.go:128","M":"worker started","worker number":7}
{"L":"DEBUG","T":"2026-09-07T11:59:09.261+0300","C":"/Users/artni/Documents/Dev/GophProfile/internal/worker/pool.go:128","M":"worker started","worker number":6}
{"L":"DEBUG","T":"2026-09-07T11:59:09.261+0300","C":"/Users/artni/Documents/Dev/GophProfile/internal/worker/pool.go:128","M":"worker started","worker number":3}
{"L":"DEBUG","T":"2026-09-07T11:59:09.261+0300","C":"/Users/artni/Documents/Dev/GophProfile/internal/worker/pool.go:128","M":"worker started","worker number":10}
{"L":"DEBUG","T":"2026-09-07T11:59:09.261+0300","C":"/Users/artni/Documents/Dev/GophProfile/internal/worker/pool.go:128","M":"worker started","worker number":4}
{"L":"INFO","T":"2026-09-07T12:02:14.047+0300","C":"/Users/artni/Documents/Dev/GophProfile/cmd/server/app.go:43","M":"shutting the app down"}
{"L":"INFO","T":"2026-09-07T12:02:14.049+0300","C":"/Users/artni/Documents/Dev/GophProfile/cmd/server/app.go:51","M":"grace period has been expired - app closed forcefully"}
{"L":"INFO","T":"2026-09-07T12:02:16.244+0300","C":"/Users/artni/Documents/Dev/GophProfile/internal/app/app.go:67","M":"database connection initialized successfully"}
{"L":"DEBUG","T":"2026-09-07T12:02:16.262+0300","C":"/Users/artni/Documents/Dev/GophProfile/internal/worker/pool.go:60","M":"worker for dlq started"}
{"L":"DEBUG","T":"2026-09-07T12:02:16.262+0300","C":"/Users/artni/Documents/Dev/GophProfile/internal/worker/pool.go:128","M":"worker started","worker number":0}
{"L":"DEBUG","T":"2026-09-07T12:02:16.262+0300","C":"/Users/artni/Documents/Dev/GophProfile/internal/worker/pool.go:128","M":"worker started","worker number":8}
{"L":"DEBUG","T":"2026-09-07T12:02:16.262+0300","C":"/Users/artni/Documents/Dev/GophProfile/internal/worker/pool.go:128","M":"worker started","worker number":9}
{"L":"DEBUG","T":"2026-09-07T12:02:16.262+0300","C":"/Users/artni/Documents/Dev/GophProfile/internal/worker/pool.go:128","M":"worker started","worker number":2}
{"L":"DEBUG","T":"2026-09-07T12:02:16.262+0300","C":"/Users/artni/Documents/Dev/GophProfile/internal/worker/pool.go:128","M":"worker started","worker number":5}
{"L":"DEBUG","T":"2026-09-07T12:02:16.262+0300","C":"/Users/artni/Documents/Dev/GophProfile/internal/worker/pool.go:128","M":"worker started","worker number":4}
{"L":"DEBUG","T":"2026-09-07T12:02:16.262+0300","C":"/Users/artni/Documents/Dev/GophProfile/internal/worker/pool.go:128","M":"worker started","worker number":10}
{"L":"DEBUG","T":"2026-09-07T12:02:16.262+0300","C":"/Users/artni/Documents/Dev/GophProfile/internal/worker/pool.go:128","M":"worker started","worker number":6}
{"L":"DEBUG","T":"2026-09-07T12:02:16.262+0300","C":"/Users/artni/Documents/Dev/GophProfile/internal/worker/pool.go:128","M":"worker started","worker number":7}
{"L":"DEBUG","T":"2026-09-07T12:02:16.262+0300","C":"/Users/artni/Documents/Dev/GophProfile/internal/worker/pool.go:128","M":"worker started","worker number":1}
{"L":"DEBUG","T":"2026-09-07T12:02:16.262+0300","C":"/Users/artni/Documents/Dev/GophProfile/internal/worker/pool.go:128","M":"worker started","worker number":3}
{"L":"INFO","T":"2026-09-07T12:03:42.724+0300","C":"/Users/artni/Documents/Dev/GophProfile/cmd/server/app.go:43","M":"shutting the app down"}
{"L":"INFO","T":"2026-09-07T12:03:42.726+0300","C":"/Users/artni/Documents/Dev/GophProfile/cmd/server/app.go:51","M":"grace period has been expired - app closed forcefully"}
{"L":"INFO","T":"2026-09-07T12:03:44.257+0300","C":"/Users/artni/Documents/Dev/GophProfile/internal/app/app.go:67","M":"database connection initialized successfully"}
{"L":"DEBUG","T":"2026-09-07T12:03:44.275+0300","C":"/Users/artni/Documents/Dev/GophProfile/internal/worker/pool.go:60","M":"worker for dlq started"}
{"L":"DEBUG","T":"2026-09-07T12:03:44.275+0300","C":"/Users/artni/Documents/Dev/GophProfile/internal/worker/pool.go:128","M":"worker started","worker number":7}
{"L":"DEBUG","T":"2026-09-07T12:03:44.275+0300","C":"/Users/artni/Documents/Dev/GophProfile/internal/worker/pool.go:128","M":"worker started","worker number":2}
{"L":"DEBUG","T":"2026-09-07T12:03:44.275+0300","C":"/Users/artni/Documents/Dev/GophProfile/internal/worker/pool.go:128","M":"worker started","worker number":9}
{"L":"DEBUG","T":"2026-09-07T12:03:44.275+0300","C":"/Users/artni/Documents/Dev/GophProfile/internal/worker/pool.go:128","M":"worker started","worker number":5}
{"L":"DEBUG","T":"2026-09-07T12:03:44.275+0300","C":"/Users/artni/Documents/Dev/GophProfile/internal/worker/pool.go:128","M":"worker started","worker number":10}
{"L":"DEBUG","T":"2026-09-07T12:03:44.275+0300","C":"/Users/artni/Documents/Dev/GophProfile/internal/worker/pool.go:128","M":"worker started","worker number":0}
{"L":"DEBUG","T":"2026-09-07T12:03:44.275+0300","C":"/Users/artni/Documents/Dev/GophProfile/internal/worker/pool.go:128","M":"worker started","worker number":3}
{"L":"DEBUG","T":"2026-09-07T12:03:44.275+0300","C":"/Users/artni/Documents/Dev/GophProfile/internal/worker/pool.go:128","M":"worker started","worker number":8}
{"L":"DEBUG","T":"2026-09-07T12:03:44.275+0300","C":"/Users/artni/Documents/Dev/GophProfile/internal/worker/pool.go:128","M":"worker started","worker number":1}
{"L":"DEBUG","T":"2026-09-07T12:03:44.275+0300","C":"/Users/artni/Documents/Dev/GophProfile/internal/worker/pool.go:128","M":"worker started","worker number":6}
{"L":"DEBUG","T":"2026-09-07T12:03:44.275+0300","C":"/Users/artni/Documents/Dev/GophProfile/internal/worker/pool.go:128","M":"worker started","worker number":4}
{"L":"INFO","T":"2026-09-07T12:04:08.825+0300","C":"/Users/artni/Documents/Dev/GophProfile/cmd/server/app.go:43","M":"shutting the app down"}
{"L":"INFO","T":"2026-09-07T12:04:08.827+0300","C":"/Users/artni/Documents/Dev/GophProfile/cmd/server/app.go:51","M":"grace period has been expired - app closed forcefully"}
{"L":"INFO","T":"2026-09-07T12:04:09.910+0300","C":"/Users/artni/Documents/Dev/GophProfile/internal/app/app.go:67","M":"database connection initialized successfully"}
{"L":"DEBUG","T":"2026-09-07T12:04:09.924+0300","C":"/Users/artni/Documents/Dev/GophProfile/internal/worker/pool.go:128","M":"worker started","worker number":1}
{"L":"DEBUG","T":"2026-09-07T12:04:09.924+0300","C":"/Users/artni/Documents/Dev/GophProfile/internal/worker/pool.go:128","M":"worker started","worker number":2}
{"L":"DEBUG","T":"2026-09-07T12:04:09.924+0300","C":"/Users/artni/Documents/Dev/GophProfile/internal/worker/pool.go:60","M":"worker for dlq started"}
{"L":"DEBUG","T":"2026-09-07T12:04:09.924+0300","C":"/Users/artni/Documents/Dev/GophProfile/internal/worker/pool.go:128","M":"worker started","worker number":0}
{"L":"DEBUG","T":"2026-09-07T12:04:09.924+0300","C":"/Users/artni/Documents/Dev/GophProfile/internal/worker/pool.go:128","M":"worker started","worker number":5}
{"L":"DEBUG","T":"2026-09-07T12:04:09.924+0300","C":"/Users/artni/Documents/Dev/GophProfile/internal/worker/pool.go:128","M":"worker started","worker number":3}
{"L":"DEBUG","T":"2026-09-07T12:04:09.924+0300","C":"/Users/artni/Documents/Dev/GophProfile/internal/worker/pool.go:128","M":"worker started","worker number":6}
{"L":"DEBUG","T":"2026-09-07T12:04:09.924+0300","C":"/Users/artni/Documents/Dev/GophProfile/internal/worker/pool.go:128","M":"worker started","worker number":8}
{"L":"DEBUG","T":"2026-09-07T12:04:09.924+0300","C":"/Users/artni/Documents/Dev/GophProfile/internal/worker/pool.go:128","M":"worker started","worker number":9}
{"L":"DEBUG","T":"2026-09-07T12:04:09.924+0300","C":"/Users/artni/Documents/Dev/GophProfile/internal/worker/pool.go:128","M":"worker started","worker number":7}
{"L":"DEBUG","T":"2026-09-07T12:04:09.924+0300","C":"/Users/artni/Documents/Dev/GophProfile/internal/worker/pool.go:128","M":"worker started","worker number":4}
{"L":"DEBUG","T":"2026-09-07T12:04:09.924+0300","C":"/Users/artni/Documents/Dev/GophProfile/internal/worker/pool.go:128","M":"worker started","worker number":10}
{"L":"DEBUG","T":"2026-09-07T12:04:34.838+0300","C":"/Users/artni/Documents/Dev/GophProfile/internal/storage/s3.go:58","M":"Successfully uploaded to gophprofile/user1/originals/e936deea-f242-4fcb-b612-fe36a1c5401e"}
{"L":"DEBUG","T":"2026-09-07T12:04:34.851+0300","C":"/Users/artni/Documents/Dev/GophProfile/internal/worker/rabbitmq.go:141","M":"message has been delivered to broker successfully"}
{"L":"DEBUG","T":"2026-09-07T12:04:34.857+0300","C":"/Users/artni/Documents/Dev/GophProfile/internal/storage/s3.go:58","M":"Successfully uploaded to gophprofile/user1/100x100/e936deea-f242-4fcb-b612-fe36a1c5401e"}
{"L":"DEBUG","T":"2026-09-07T12:04:34.870+0300","C":"/Users/artni/Documents/Dev/GophProfile/internal/storage/s3.go:58","M":"Successfully uploaded to gophprofile/user1/300x300/e936deea-f242-4fcb-b612-fe36a1c5401e"}
{"L":"DEBUG","T":"2026-09-07T12:04:34.871+0300","C":"/Users/artni/Documents/Dev/GophProfile/internal/worker/pool.go:208","M":"worker process ack done","worker id":6,"message id":"b9c1893a-9a87-4917-b0b7-20fad8370a6c"}
{"L":"DEBUG","T":"2026-09-07T12:04:40.468+0300","C":"/Users/artni/Documents/Dev/GophProfile/internal/storage/s3.go:58","M":"Successfully uploaded to gophprofile/user1/originals/ce2aca7d-f678-4bef-8343-103ce641fe8a"}
{"L":"DEBUG","T":"2026-09-07T12:04:40.472+0300","C":"/Users/artni/Documents/Dev/GophProfile/internal/worker/rabbitmq.go:141","M":"message has been delivered to broker successfully"}
{"L":"DEBUG","T":"2026-09-07T12:04:40.476+0300","C":"/Users/artni/Documents/Dev/GophProfile/internal/storage/s3.go:58","M":"Successfully uploaded to gophprofile/user1/100x100/ce2aca7d-f678-4bef-8343-103ce641fe8a"}
{"L":"DEBUG","T":"2026-09-07T12:04:40.486+0300","C":"/Users/artni/Documents/Dev/GophProfile/internal/storage/s3.go:58","M":"Successfully uploaded to gophprofile/user1/300x300/ce2aca7d-f678-4bef-8343-103ce641fe8a"}
{"L":"DEBUG","T":"2026-09-07T12:04:40.487+0300","C":"/Users/artni/Documents/Dev/GophProfile/internal/worker/pool.go:208","M":"worker process ack done","worker id":8,"message id":"fbd0aee6-e036-4c1f-a45a-b3f95a32a2da"}
{"L":"INFO","T":"2026-09-07T23:49:11.471+0300","C":"/Users/artni/Documents/Dev/GophProfile/cmd/server/app.go:43","M":"shutting the app down"}
{"L":"INFO","T":"2026-09-07T23:49:11.471+0300","C":"/Users/artni/Documents/Dev/GophProfile/cmd/server/app.go:51","M":"grace period has been expired - app closed forcefully"}
{"L":"INFO","T":"2026-09-07T23:49:14.393+0300","C":"/Users/artni/Documents/Dev/GophProfile/internal/app/app.go:67","M":"database connection initialized successfully"}
{"L":"DEBUG","T":"2026-09-07T23:49:14.418+0300","C":"/Users/artni/Documents/Dev/GophProfile/internal/worker/pool.go:128","M":"worker started","worker number":5}
{"L":"DEBUG","T":"2026-09-07T23:49:14.418+0300","C":"/Users/artni/Documents/Dev/GophProfile/internal/worker/pool.go:128","M":"worker started","worker number":8}
{"L":"DEBUG","T":"2026-09-07T23:49:14.418+0300","C":"/Users/artni/Documents/Dev/GophProfile/internal/worker/pool.go:128","M":"worker started","worker number":6}
{"L":"DEBUG","T":"2026-09-07T23:49:14.418+0300","C":"/Users/artni/Documents/Dev/GophProfile/internal/worker/pool.go:128","M":"worker started","worker number":7}
{"L":"DEBUG","T":"2026-09-07T23:49:14.418+0300","C":"/Users/artni/Documents/Dev/GophProfile/internal/worker/pool.go:128","M":"worker started","worker number":0}
{"L":"DEBUG","T":"2026-09-07T23:49:14.418+0300","C":"/Users/artni/Documents/Dev/GophProfile/internal/worker/pool.go:128","M":"worker started","worker number":1}
{"L":"DEBUG","T":"2026-09-07T23:49:14.418+0300","C":"/Users/artni/Documents/Dev/GophProfile/internal/worker/pool.go:128","M":"worker started","worker number":9}
{"L":"DEBUG","T":"2026-09-07T23:49:14.418+0300","C":"/Users/artni/Documents/Dev/GophProfile/internal/worker/pool.go:128","M":"worker started","worker number":10}
{"L":"DEBUG","T":"2026-09-07T23:49:14.418+0300","C":"/Users/artni/Documents/Dev/GophProfile/internal/worker/pool.go:128","M":"worker started","worker number":3}
{"L":"DEBUG","T":"2026-09-07T23:49:14.418+0300","C":"/Users/artni/Documents/Dev/GophProfile/internal/worker/pool.go:128","M":"worker started","worker number":4}
{"L":"DEBUG","T":"2026-09-07T23:49:14.418+0300","C":"/Users/artni/Documents/Dev/GophProfile/internal/worker/pool.go:60","M":"worker for dlq started"}
{"L":"DEBUG","T":"2026-09-07T23:49:14.418+0300","C":"/Users/artni/Documents/Dev/GophProfile/internal/worker/pool.go:128","M":"worker started","worker number":2}
{"L":"INFO","T":"2026-09-07T23:54:04.382+0300","C":"/Users/artni/Documents/Dev/GophProfile/cmd/server/app.go:43","M":"shutting the app down"}
{"L":"INFO","T":"2026-09-07T23:54:04.383+0300","C":"/Users/artni/Documents/Dev/GophProfile/cmd/server/app.go:51","M":"grace period has been expired - app closed forcefully"}
{"L":"INFO","T":"2026-09-08T00:04:05.839+0300","C":"/Users/artni/Documents/Dev/GophProfile/internal/app/app.go:67","M":"database connection initialized successfully"}
{"L":"DEBUG","T":"2026-09-08T00:04:05.867+0300","C":"/Users/artni/Documents/Dev/GophProfile/internal/worker/pool.go:128","M":"worker started","worker number":1}
{"L":"DEBUG","T":"2026-09-08T00:04:05.867+0300","C":"/Users/artni/Documents/Dev/GophProfile/internal/worker/pool.go:128","M":"worker started","worker number":4}
{"L":"DEBUG","T":"2026-09-08T00:04:05.867+0300","C":"/Users/artni/Documents/Dev/GophProfile/internal/worker/pool.go:128","M":"worker started","worker number":9}
{"L":"DEBUG","T":"2026-09-08T00:04:05.867+0300","C":"/Users/artni/Documents/Dev/GophProfile/internal/worker/pool.go:128","M":"worker started","worker number":8}
{"L":"DEBUG","T":"2026-09-08T00:04:05.867+0300","C":"/Users/artni/Documents/Dev/GophProfile/internal/worker/pool.go:128","M":"worker started","worker number":7}
{"L":"DEBUG","T":"2026-09-08T00:04:05.867+0300","C":"/Users/artni/Documents/Dev/GophProfile/internal/worker/pool.go:128","M":"worker started","worker number":6}
{"L":"DEBUG","T":"2026-09-08T00:04:05.867+0300","C":"/Users/artni/Documents/Dev/GophProfile/internal/worker/pool.go:128","M":"worker started","worker number":10}
{"L":"DEBUG","T":"2026-09-08T00:04:05.867+0300","C":"/Users/artni/Documents/Dev/GophProfile/internal/worker/pool.go:60","M":"worker for dlq started"}
{"L":"DEBUG","T":"2026-09-08T00:04:05.867+0300","C":"/Users/artni/Documents/Dev/GophProfile/internal/worker/pool.go:128","M":"worker started","worker number":5}
{"L":"DEBUG","T":"2026-09-08T00:04:05.867+0300","C":"/Users/artni/Documents/Dev/GophProfile/internal/worker/pool.go:128","M":"worker started","worker number":3}
{"L":"DEBUG","T":"2026-09-08T00:04:05.867+0300","C":"/Users/artni/Documents/Dev/GophProfile/internal/worker/pool.go:128","M":"worker started","worker number":2}
{"L":"DEBUG","T":"2026-09-08T00:04:05.867+0300","C":"/Users/artni/Documents/Dev/GophProfile/internal/worker/pool.go:128","M":"worker started","worker number":0}
{"L":"DEBUG","T":"2026-09-08T00:04:09.633+0300","C":"/Users/artni/Documents/Dev/GophProfile/internal/repository/avatars/avatars.go:85","M":"failed to get thumbnails","id":"9794d89f-e78b-435f-bb48-c303fad67ecf","error":"ERROR: relation \"thumbnails\" does not exist (SQLSTATE 42P01)"}
{"L":"INFO","T":"2026-09-08T00:04:36.454+0300","C":"/Users/artni/Documents/Dev/GophProfile/cmd/server/app.go:43","M":"shutting the app down"}
{"L":"INFO","T":"2026-09-08T00:04:36.454+0300","C":"/Users/artni/Documents/Dev/GophProfile/cmd/server/app.go:51","M":"grace period has been expired - app closed forcefully"}
{"L":"INFO","T":"2026-09-08T00:04:38.370+0300","C":"/Users/artni/Documents/Dev/GophProfile/internal/app/app.go:67","M":"database connection initialized successfully"}
{"L":"DEBUG","T":"2026-09-08T00:04:38.385+0300","C":"/Users/artni/Documents/Dev/GophProfile/internal/worker/pool.go:60","M":"worker for dlq started"}
{"L":"DEBUG","T":"2026-09-08T00:04:38.385+0300","C":"/Users/artni/Documents/Dev/GophProfile/internal/worker/pool.go:128","M":"worker started","worker number":8}
{"L":"DEBUG","T":"2026-09-08T00:04:38.385+0300","C":"/Users/artni/Documents/Dev/GophProfile/internal/worker/pool.go:128","M":"worker started","worker number":6}
{"L":"DEBUG","T":"2026-09-08T00:04:38.385+0300","C":"/Users/artni/Documents/Dev/GophProfile/internal/worker/pool.go:128","M":"worker started","worker number":1}
{"L":"DEBUG","T":"2026-09-08T00:04:38.385+0300","C":"/Users/artni/Documents/Dev/GophProfile/internal/worker/pool.go:128","M":"worker started","worker number":9}
{"L":"DEBUG","T":"2026-09-08T00:04:38.385+0300","C":"/Users/artni/Documents/Dev/GophProfile/internal/worker/pool.go:128","M":"worker started","worker number":10}
{"L":"DEBUG","T":"2026-09-08T00:04:38.385+0300","C":"/Users/artni/Documents/Dev/GophProfile/internal/worker/pool.go:128","M":"worker started","worker number":0}
{"L":"DEBUG","T":"2026-09-08T00:04:38.385+0300","C":"/Users/artni/Documents/Dev/GophProfile/internal/worker/pool.go:128","M":"worker started","worker number":2}
{"L":"DEBUG","T":"2026-09-08T00:04:38.385+0300","C":"/Users/artni/Documents/Dev/GophProfile/internal/worker/pool.go:128","M":"worker started","worker number":5}
{"L":"DEBUG","T":"2026-09-08T00:04:38.385+0300","C":"/Users/artni/Documents/Dev/GophProfile/internal/worker/pool.go:128","M":"worker started","worker number":3}
{"L":"DEBUG","T":"2026-09-08T00:04:38.385+0300","C":"/Users/artni/Documents/Dev/GophProfile/internal/worker/pool.go:128","M":"worker started","worker number":4}
{"L":"DEBUG","T":"2026-09-08T00:04:38.385+0300","C":"/Users/artni/Documents/Dev/GophProfile/internal/worker/pool.go:128","M":"worker started","worker number":7}
{"L":"DEBUG","T":"2026-09-08T00:04:47.636+0300","C":"/Users/artni/Documents/Dev/GophProfile/internal/repository/avatars/avatars.go:85","M":"failed to get thumbnails","id":"9794d89f-e78b-435f-bb48-c303fad67ecf","error":"ERROR: relation \"thumbnails\" does not exist (SQLSTATE 42P01)"}
{"L":"DEBUG","T":"2026-09-08T00:05:33.100+0300","C":"/Users/artni/Documents/Dev/GophProfile/internal/worker/pool.go:162","M":"broker queue is closed","worker id":7}
{"L":"DEBUG","T":"2026-09-08T00:05:33.100+0300","C":"/Users/artni/Documents/Dev/GophProfile/internal/worker/pool.go:162","M":"broker queue is closed","worker id":8}
{"L":"ERROR","T":"2026-09-08T00:05:33.100+0300","C":"/Users/artni/Documents/Dev/GophProfile/internal/worker/pool.go:44","M":"worker failed","error":"broker queue is closed","S":"github.com/artni96/GophProfile/internal/worker.(*Pool).Launch.func1\n\t/Users/artni/Documents/Dev/GophProfile/internal/worker/pool.go:44\nsync.(*WaitGroup).Go.func1\n\t/Users/artni/go/pkg/mod/golang.org/toolchain@v0.0.1-go1.27.0.darwin-arm64/src/sync/waitgroup.go:258"}
{"L":"ERROR","T":"2026-09-08T00:05:33.100+0300","C":"/Users/artni/Documents/Dev/GophProfile/internal/worker/pool.go:44","M":"worker failed","error":"broker queue is closed","S":"github.com/artni96/GophProfile/internal/worker.(*Pool).Launch.func1\n\t/Users/artni/Documents/Dev/GophProfile/internal/worker/pool.go:44\nsync.(*WaitGroup).Go.func1\n\t/Users/artni/go/pkg/mod/golang.org/toolchain@v0.0.1-go1.27.0.darwin-arm64/src/sync/waitgroup.go:258"}
{"L":"DEBUG","T":"2026-09-08T00:05:33.100+0300","C":"/Users/artni/Documents/Dev/GophProfile/internal/worker/pool.go:162","M":"broker queue is closed","worker id":4}
{"L":"ERROR","T":"2026-09-08T00:05:33.100+0300","C":"/Users/artni/Documents/Dev/GophProfile/internal/worker/pool.go:44","M":"worker failed","error":"broker queue is closed","S":"github.com/artni96/GophProfile/internal/worker.(*Pool).Launch.func1\n\t/Users/artni/Documents/Dev/GophProfile/internal/worker/pool.go:44\nsync.(*WaitGroup).Go.func1\n\t/Users/artni/go/pkg/mod/golang.org/toolchain@v0.0.1-go1.27.0.darwin-arm64/src/sync/waitgroup.go:258"}
{"L":"DEBUG","T":"2026-09-08T00:05:33.100+0300","C":"/Users/artni/Documents/Dev/GophProfile/internal/worker/pool.go:162","M":"broker queue is closed","worker id":5}
{"L":"DEBUG","T":"2026-09-08T00:05:33.100+0300","C":"/Users/artni/Documents/Dev/GophProfile/internal/worker/pool.go:162","M":"broker queue is closed","worker id":6}
{"L":"DEBUG","T":"2026-09-08T00:05:33.100+0300","C":"/Users/artni/Documents/Dev/GophProfile/internal/worker/pool.go:84","M":"images.dlq is closed"}
{"L":"DEBUG","T":"2026-09-08T00:05:33.101+0300","C":"/Users/artni/Documents/Dev/GophProfile/internal/worker/pool.go:162","M":"broker queue is closed","worker id":10}
{"L":"DEBUG","T":"2026-09-08T00:05:33.101+0300","C":"/Users/artni/Documents/Dev/GophProfile/internal/worker/pool.go:162","M":"broker queue is closed","worker id":1}
{"L":"DEBUG","T":"2026-09-08T00:05:33.101+0300","C":"/Users/artni/Documents/Dev/GophProfile/internal/worker/pool.go:162","M":"broker queue is closed","worker id":0}
{"L":"ERROR","T":"2026-09-08T00:05:33.101+0300","C":"/Users/artni/Documents/Dev/GophProfile/internal/worker/pool.go:44","M":"worker failed","error":"broker queue is closed","S":"github.com/artni96/GophProfile/internal/worker.(*Pool).Launch.func1\n\t/Users/artni/Documents/Dev/GophProfile/internal/worker/pool.go:44\nsync.(*WaitGroup).Go.func1\n\t/Users/artni/go/pkg/mod/golang.org/toolchain@v0.0.1-go1.27.0.darwin-arm64/src/sync/waitgroup.go:258"}
{"L":"ERROR","T":"2026-09-08T00:05:33.101+0300","C":"/Users/artni/Documents/Dev/GophProfile/internal/worker/pool.go:52","M":"dlq worker failed","error":"broker queue is closed","S":"github.com/artni96/GophProfile/internal/worker.(*Pool).Launch.func2\n\t/Users/artni/Documents/Dev/GophProfile/internal/worker/pool.go:52\nsync.(*WaitGroup).Go.func1\n\t/Users/artni/go/pkg/mod/golang.org/toolchain@v0.0.1-go1.27.0.darwin-arm64/src/sync/waitgroup.go:258"}
{"L":"DEBUG","T":"2026-09-08T00:05:33.100+0300","C":"/Users/artni/Documents/Dev/GophProfile/internal/worker/pool.go:162","M":"broker queue is closed","worker id":2}
{"L":"ERROR","T":"2026-09-08T00:05:33.101+0300","C":"/Users/artni/Documents/Dev/GophProfile/internal/worker/pool.go:44","M":"worker failed","error":"broker queue is closed","S":"github.com/artni96/GophProfile/internal/worker.(*Pool).Launch.func1\n\t/Users/artni/Documents/Dev/GophProfile/internal/worker/pool.go:44\nsync.(*WaitGroup).Go.func1\n\t/Users/artni/go/pkg/mod/golang.org/toolchain@v0.0.1-go1.27.0.darwin-arm64/src/sync/waitgroup.go:258"}
{"L":"ERROR","T":"2026-09-08T00:05:33.100+0300","C":"/Users/artni/Documents/Dev/GophProfile/internal/worker/pool.go:44","M":"worker failed","error":"broker queue is closed","S":"github.com/artni96/GophProfile/internal/worker.(*Pool).Launch.func1\n\t/Users/artni/Documents/Dev/GophProfile/internal/worker/pool.go:44\nsync.(*WaitGroup).Go.func1\n\t/Users/artni/go/pkg/mod/golang.org/toolchain@v0.0.1-go1.27.0.darwin-arm64/src/sync/waitgroup.go:258"}
{"L":"ERROR","T":"2026-09-08T00:05:33.101+0300","C":"/Users/artni/Documents/Dev/GophProfile/internal/worker/pool.go:44","M":"worker failed","error":"broker queue is closed","S":"github.com/artni96/GophProfile/internal/worker.(*Pool).Launch.func1\n\t/Users/artni/Documents/Dev/GophProfile/internal/worker/pool.go:44\nsync.(*WaitGroup).Go.func1\n\t/Users/artni/go/pkg/mod/golang.org/toolchain@v0.0.1-go1.27.0.darwin-arm64/src/sync/waitgroup.go:258"}
{"L":"DEBUG","T":"2026-09-08T00:05:33.100+0300","C":"/Users/artni/Documents/Dev/GophProfile/internal/worker/pool.go:162","M":"broker queue is closed","worker id":9}
{"L":"ERROR","T":"2026-09-08T00:05:33.101+0300","C":"/Users/artni/Documents/Dev/GophProfile/internal/worker/pool.go:44","M":"worker failed","error":"broker queue is closed","S":"github.com/artni96/GophProfile/internal/worker.(*Pool).Launch.func1\n\t/Users/artni/Documents/Dev/GophProfile/internal/worker/pool.go:44\nsync.(*WaitGroup).Go.func1\n\t/Users/artni/go/pkg/mod/golang.org/toolchain@v0.0.1-go1.27.0.darwin-arm64/src/sync/waitgroup.go:258"}
{"L":"DEBUG","T":"2026-09-08T00:05:33.101+0300","C":"/Users/artni/Documents/Dev/GophProfile/internal/worker/pool.go:162","M":"broker queue is closed","worker id":3}
{"L":"ERROR","T":"2026-09-08T00:05:33.101+0300","C":"/Users/artni/Documents/Dev/GophProfile/internal/worker/pool.go:44","M":"worker failed","error":"broker queue is closed","S":"github.com/artni96/GophProfile/internal/worker.(*Pool).Launch.func1\n\t/Users/artni/Documents/Dev/GophProfile/internal/worker/pool.go:44\nsync.(*WaitGroup).Go.func1\n\t/Users/artni/go/pkg/mod/golang.org/toolchain@v0.0.1-go1.27.0.darwin-arm64/src/sync/waitgroup.go:258"}
{"L":"ERROR","T":"2026-09-08T00:05:33.101+0300","C":"/Users/artni/Documents/Dev/GophProfile/internal/worker/pool.go:44","M":"worker failed","error":"broker queue is closed","S":"github.com/artni96/GophProfile/internal/worker.(*Pool).Launch.func1\n\t/Users/artni/Documents/Dev/GophProfile/internal/worker/pool.go:44\nsync.(*WaitGroup).Go.func1\n\t/Users/artni/go/pkg/mod/golang.org/toolchain@v0.0.1-go1.27.0.darwin-arm64/src/sync/waitgroup.go:258"}
{"L":"ERROR","T":"2026-09-08T00:05:33.101+0300","C":"/Users/artni/Documents/Dev/GophProfile/internal/worker/pool.go:44","M":"worker failed","error":"broker queue is closed","S":"github.com/artni96/GophProfile/internal/worker.(*Pool).Launch.func1\n\t/Users/artni/Documents/Dev/GophProfile/internal/worker/pool.go:44\nsync.(*WaitGroup).Go.func1\n\t/Users/artni/go/pkg/mod/golang.org/toolchain@v0.0.1-go1.27.0.darwin-arm64/src/sync/waitgroup.go:258"}
{"L":"INFO","T":"2026-09-08T00:05:33.103+0300","C":"/Users/artni/Documents/Dev/GophProfile/cmd/server/app.go:43","M":"shutting the app down"}
{"L":"INFO","T":"2026-09-08T00:05:33.103+0300","C":"/Users/artni/Documents/Dev/GophProfile/cmd/server/app.go:51","M":"grace period has been expired - app closed forcefully"}
{"L":"INFO","T":"2026-09-08T00:05:35.954+0300","C":"/Users/artni/Documents/Dev/GophProfile/internal/app/app.go:67","M":"database connection initialized successfully"}
{"L":"DEBUG","T":"2026-09-08T00:05:35.971+0300","C":"/Users/artni/Documents/Dev/GophProfile/internal/worker/pool.go:128","M":"worker started","worker number":8}
{"L":"DEBUG","T":"2026-09-08T00:05:35.971+0300","C":"/Users/artni/Documents/Dev/GophProfile/internal/worker/pool.go:128","M":"worker started","worker number":7}
{"L":"DEBUG","T":"2026-09-08T00:05:35.971+0300","C":"/Users/artni/Documents/Dev/GophProfile/internal/worker/pool.go:128","M":"worker started","worker number":9}
{"L":"DEBUG","T":"2026-09-08T00:05:35.971+0300","C":"/Users/artni/Documents/Dev/GophProfile/internal/worker/pool.go:128","M":"worker started","worker number":5}
{"L":"DEBUG","T":"2026-09-08T00:05:35.971+0300","C":"/Users/artni/Documents/Dev/GophProfile/internal/worker/pool.go:128","M":"worker started","worker number":6}
{"L":"DEBUG","T":"2026-09-08T00:05:35.971+0300","C":"/Users/artni/Documents/Dev/GophProfile/internal/worker/pool.go:128","M":"worker started","worker number":10}
{"L":"DEBUG","T":"2026-09-08T00:05:35.971+0300","C":"/Users/artni/Documents/Dev/GophProfile/internal/worker/pool.go:128","M":"worker started","worker number":3}
{"L":"DEBUG","T":"2026-09-08T00:05:35.971+0300","C":"/Users/artni/Documents/Dev/GophProfile/internal/worker/pool.go:128","M":"worker started","worker number":1}
{"L":"DEBUG","T":"2026-09-08T00:05:35.971+0300","C":"/Users/artni/Documents/Dev/GophProfile/internal/worker/pool.go:128","M":"worker started","worker number":0}
{"L":"DEBUG","T":"2026-09-08T00:05:35.971+0300","C":"/Users/artni/Documents/Dev/GophProfile/internal/worker/pool.go:128","M":"worker started","worker number":4}
{"L":"DEBUG","T":"2026-09-08T00:05:35.971+0300","C":"/Users/artni/Documents/Dev/GophProfile/internal/worker/pool.go:128","M":"worker started","worker number":2}
{"L":"DEBUG","T":"2026-09-08T00:05:35.971+0300","C":"/Users/artni/Documents/Dev/GophProfile/internal/worker/pool.go:60","M":"worker for dlq started"}
{"L":"DEBUG","T":"2026-09-08T00:05:36.420+0300","C":"/Users/artni/Documents/Dev/GophProfile/internal/repository/avatars/avatars.go:85","M":"failed to get thumbnails","id":"9794d89f-e78b-435f-bb48-c303fad67ecf","error":"ERROR: relation \"thumbnails\" does not exist (SQLSTATE 42P01)"}
{"L":"INFO","T":"2026-09-08T00:06:03.060+0300","C":"/Users/artni/Documents/Dev/GophProfile/cmd/server/app.go:43","M":"shutting the app down"}
{"L":"INFO","T":"2026-09-08T00:06:03.062+0300","C":"/Users/artni/Documents/Dev/GophProfile/cmd/server/app.go:51","M":"grace period has been expired - app closed forcefully"}
{"L":"INFO","T":"2026-09-08T00:06:04.869+0300","C":"/Users/artni/Documents/Dev/GophProfile/internal/app/app.go:67","M":"database connection initialized successfully"}
{"L":"DEBUG","T":"2026-09-08T00:06:04.878+0300","C":"/Users/artni/Documents/Dev/GophProfile/internal/worker/pool.go:128","M":"worker started","worker number":0}
{"L":"DEBUG","T":"2026-09-08T00:06:04.878+0300","C":"/Users/artni/Documents/Dev/GophProfile/internal/worker/pool.go:128","M":"worker started","worker number":7}
{"L":"DEBUG","T":"2026-09-08T00:06:04.878+0300","C":"/Users/artni/Documents/Dev/GophProfile/internal/worker/pool.go:128","M":"worker started","worker number":6}
{"L":"DEBUG","T":"2026-09-08T00:06:04.878+0300","C":"/Users/artni/Documents/Dev/GophProfile/internal/worker/pool.go:128","M":"worker started","worker number":4}
{"L":"DEBUG","T":"2026-09-08T00:06:04.878+0300","C":"/Users/artni/Documents/Dev/GophProfile/internal/worker/pool.go:128","M":"worker started","worker number":5}
{"L":"DEBUG","T":"2026-09-08T00:06:04.878+0300","C":"/Users/artni/Documents/Dev/GophProfile/internal/worker/pool.go:128","M":"worker started","worker number":9}
{"L":"DEBUG","T":"2026-09-08T00:06:04.878+0300","C":"/Users/artni/Documents/Dev/GophProfile/internal/worker/pool.go:128","M":"worker started","worker number":3}
{"L":"DEBUG","T":"2026-09-08T00:06:04.878+0300","C":"/Users/artni/Documents/Dev/GophProfile/internal/worker/pool.go:128","M":"worker started","worker number":8}
{"L":"DEBUG","T":"2026-09-08T00:06:04.878+0300","C":"/Users/artni/Documents/Dev/GophProfile/internal/worker/pool.go:128","M":"worker started","worker number":2}
{"L":"DEBUG","T":"2026-09-08T00:06:04.878+0300","C":"/Users/artni/Documents/Dev/GophProfile/internal/worker/pool.go:128","M":"worker started","worker number":10}
{"L":"DEBUG","T":"2026-09-08T00:06:04.878+0300","C":"/Users/artni/Documents/Dev/GophProfile/internal/worker/pool.go:60","M":"worker for dlq started"}
{"L":"DEBUG","T":"2026-09-08T00:06:04.878+0300","C":"/Users/artni/Documents/Dev/GophProfile/internal/worker/pool.go:128","M":"worker started","worker number":1}
{"L":"DEBUG","T":"2026-09-08T00:06:23.127+0300","C":"/Users/artni/Documents/Dev/GophProfile/internal/worker/pool.go:162","M":"broker queue is closed","worker id":6}
{"L":"DEBUG","T":"2026-09-08T00:06:23.127+0300","C":"/Users/artni/Documents/Dev/GophProfile/internal/worker/pool.go:162","M":"broker queue is closed","worker id":4}
{"L":"DEBUG","T":"2026-09-08T00:06:23.127+0300","C":"/Users/artni/Documents/Dev/GophProfile/internal/worker/pool.go:162","M":"broker queue is closed","worker id":2}
{"L":"DEBUG","T":"2026-09-08T00:06:23.127+0300","C":"/Users/artni/Documents/Dev/GophProfile/internal/worker/pool.go:162","M":"broker queue is closed","worker id":10}
{"L":"ERROR","T":"2026-09-08T00:06:48.178+0300","C":"/Users/artni/Documents/Dev/GophProfile/internal/worker/pool.go:44","M":"worker failed","error":"broker queue is closed","S":"github.com/artni96/GophProfile/internal/worker.(*Pool).Launch.func1\n\t/Users/artni/Documents/Dev/GophProfile/internal/worker/pool.go:44\nsync.(*WaitGroup).Go.func1\n\t/Users/artni/go/pkg/mod/golang.org/toolchain@v0.0.1-go1.27.0.darwin-arm64/src/sync/waitgroup.go:258"}
{"L":"DEBUG","T":"2026-09-08T00:06:48.178+0300","C":"/Users/artni/Documents/Dev/GophProfile/internal/repository/avatars/avatars.go:85","M":"failed to get thumbnails","id":"9794d89f-e78b-435f-bb48-c303fad67ecf","error":"ERROR: relation \"thumbnails\" does not exist (SQLSTATE 42P01)"}
{"L":"DEBUG","T":"2026-09-08T00:06:23.127+0300","C":"/Users/artni/Documents/Dev/GophProfile/internal/worker/pool.go:84","M":"images.dlq is closed"}
{"L":"ERROR","T":"2026-09-08T00:06:48.178+0300","C":"/Users/artni/Documents/Dev/GophProfile/internal/worker/pool.go:44","M":"worker failed","error":"broker queue is closed","S":"github.com/artni96/GophProfile/internal/worker.(*Pool).Launch.func1\n\t/Users/artni/Documents/Dev/GophProfile/internal/worker/pool.go:44\nsync.(*WaitGroup).Go.func1\n\t/Users/artni/go/pkg/mod/golang.org/toolchain@v0.0.1-go1.27.0.darwin-arm64/src/sync/waitgroup.go:258"}
{"L":"DEBUG","T":"2026-09-08T00:06:23.127+0300","C":"/Users/artni/Documents/Dev/GophProfile/internal/worker/pool.go:162","M":"broker queue is closed","worker id":3}
{"L":"ERROR","T":"2026-09-08T00:06:48.178+0300","C":"/Users/artni/Documents/Dev/GophProfile/internal/worker/pool.go:52","M":"dlq worker failed","error":"broker queue is closed","S":"github.com/artni96/GophProfile/internal/worker.(*Pool).Launch.func2\n\t/Users/artni/Documents/Dev/GophProfile/internal/worker/pool.go:52\nsync.(*WaitGroup).Go.func1\n\t/Users/artni/go/pkg/mod/golang.org/toolchain@v0.0.1-go1.27.0.darwin-arm64/src/sync/waitgroup.go:258"}
{"L":"ERROR","T":"2026-09-08T00:06:48.178+0300","C":"/Users/artni/Documents/Dev/GophProfile/internal/worker/pool.go:44","M":"worker failed","error":"broker queue is closed","S":"github.com/artni96/GophProfile/internal/worker.(*Pool).Launch.func1\n\t/Users/artni/Documents/Dev/GophProfile/internal/worker/pool.go:44\nsync.(*WaitGroup).Go.func1\n\t/Users/artni/go/pkg/mod/golang.org/toolchain@v0.0.1-go1.27.0.darwin-arm64/src/sync/waitgroup.go:258"}
{"L":"DEBUG","T":"2026-09-08T00:06:23.127+0300","C":"/Users/artni/Documents/Dev/GophProfile/internal/worker/pool.go:162","M":"broker queue is closed","worker id":1}
{"L":"ERROR","T":"2026-09-08T00:06:48.178+0300","C":"/Users/artni/Documents/Dev/GophProfile/internal/worker/pool.go:44","M":"worker failed","error":"broker queue is closed","S":"github.com/artni96/GophProfile/internal/worker.(*Pool).Launch.func1\n\t/Users/artni/Documents/Dev/GophProfile/internal/worker/pool.go:44\nsync.(*WaitGroup).Go.func1\n\t/Users/artni/go/pkg/mod/golang.org/toolchain@v0.0.1-go1.27.0.darwin-arm64/src/sync/waitgroup.go:258"}
{"L":"DEBUG","T":"2026-09-08T00:06:23.127+0300","C":"/Users/artni/Documents/Dev/GophProfile/internal/worker/pool.go:162","M":"broker queue is closed","worker id":0}
{"L":"ERROR","T":"2026-09-08T00:06:48.178+0300","C":"/Users/artni/Documents/Dev/GophProfile/internal/worker/pool.go:44","M":"worker failed","error":"broker queue is closed","S":"github.com/artni96/GophProfile/internal/worker.(*Pool).Launch.func1\n\t/Users/artni/Documents/Dev/GophProfile/internal/worker/pool.go:44\nsync.(*WaitGroup).Go.func1\n\t/Users/artni/go/pkg/mod/golang.org/toolchain@v0.0.1-go1.27.0.darwin-arm64/src/sync/waitgroup.go:258"}
{"L":"DEBUG","T":"2026-09-08T00:06:23.127+0300","C":"/Users/artni/Documents/Dev/GophProfile/internal/worker/pool.go:162","M":"broker queue is closed","worker id":9}
{"L":"ERROR","T":"2026-09-08T00:06:48.178+0300","C":"/Users/artni/Documents/Dev/GophProfile/internal/worker/pool.go:44","M":"worker failed","error":"broker queue is closed","S":"github.com/artni96/GophProfile/internal/worker.(*Pool).Launch.func1\n\t/Users/artni/Documents/Dev/GophProfile/internal/worker/pool.go:44\nsync.(*WaitGroup).Go.func1\n\t/Users/artni/go/pkg/mod/golang.org/toolchain@v0.0.1-go1.27.0.darwin-arm64/src/sync/waitgroup.go:258"}
{"L":"DEBUG","T":"2026-09-08T00:06:23.127+0300","C":"/Users/artni/Documents/Dev/GophProfile/internal/worker/pool.go:162","M":"broker queue is closed","worker id":8}
{"L":"ERROR","T":"2026-09-08T00:06:48.178+0300","C":"/Users/artni/Documents/Dev/GophProfile/internal/worker/pool.go:44","M":"worker failed","error":"broker queue is closed","S":"github.com/artni96/GophProfile/internal/worker.(*Pool).Launch.func1\n\t/Users/artni/Documents/Dev/GophProfile/internal/worker/pool.go:44\nsync.(*WaitGroup).Go.func1\n\t/Users/artni/go/pkg/mod/golang.org/toolchain@v0.0.1-go1.27.0.darwin-arm64/src/sync/waitgroup.go:258"}
{"L":"ERROR","T":"2026-09-08T00:06:48.178+0300","C":"/Users/artni/Documents/Dev/GophProfile/internal/worker/pool.go:44","M":"worker failed","error":"broker queue is closed","S":"github.com/artni96/GophProfile/internal/worker.(*Pool).Launch.func1\n\t/Users/artni/Documents/Dev/GophProfile/internal/worker/pool.go:44\nsync.(*WaitGroup).Go.func1\n\t/Users/artni/go/pkg/mod/golang.org/toolchain@v0.0.1-go1.27.0.darwin-arm64/src/sync/waitgroup.go:258"}
{"L":"DEBUG","T":"2026-09-08T00:06:23.127+0300","C":"/Users/artni/Documents/Dev/GophProfile/internal/worker/pool.go:162","M":"broker queue is closed","worker id":5}
{"L":"ERROR","T":"2026-09-08T00:06:48.178+0300","C":"/Users/artni/Documents/Dev/GophProfile/internal/worker/pool.go:44","M":"worker failed","error":"broker queue is closed","S":"github.com/artni96/GophProfile/internal/worker.(*Pool).Launch.func1\n\t/Users/artni/Documents/Dev/GophProfile/internal/worker/pool.go:44\nsync.(*WaitGroup).Go.func1\n\t/Users/artni/go/pkg/mod/golang.org/toolchain@v0.0.1-go1.27.0.darwin-arm64/src/sync/waitgroup.go:258"}
{"L":"DEBUG","T":"2026-09-08T00:06:23.127+0300","C":"/Users/artni/Documents/Dev/GophProfile/internal/worker/pool.go:162","M":"broker queue is closed","worker id":7}
{"L":"ERROR","T":"2026-09-08T00:06:48.178+0300","C":"/Users/artni/Documents/Dev/GophProfile/internal/worker/pool.go:44","M":"worker failed","error":"broker queue is closed","S":"github.com/artni96/GophProfile/internal/worker.(*Pool).Launch.func1\n\t/Users/artni/Documents/Dev/GophProfile/internal/worker/pool.go:44\nsync.(*WaitGroup).Go.func1\n\t/Users/artni/go/pkg/mod/golang.org/toolchain@v0.0.1-go1.27.0.darwin-arm64/src/sync/waitgroup.go:258"}
{"L":"ERROR","T":"2026-09-08T00:06:48.178+0300","C":"/Users/artni/Documents/Dev/GophProfile/internal/worker/pool.go:44","M":"worker failed","error":"broker queue is closed","S":"github.com/artni96/GophProfile/internal/worker.(*Pool).Launch.func1\n\t/Users/artni/Documents/Dev/GophProfile/internal/worker/pool.go:44\nsync.(*WaitGroup).Go.func1\n\t/Users/artni/go/pkg/mod/golang.org/toolchain@v0.0.1-go1.27.0.darwin-arm64/src/sync/waitgroup.go:258"}
{"L":"INFO","T":"2026-09-08T00:06:48.180+0300","C":"/Users/artni/Documents/Dev/GophProfile/cmd/server/app.go:43","M":"shutting the app down"}
{"L":"INFO","T":"2026-09-08T00:06:48.181+0300","C":"/Users/artni/Documents/Dev/GophProfile/cmd/server/app.go:51","M":"grace period has been expired - app closed forcefully"}
{"L":"INFO","T":"2026-09-08T00:06:51.104+0300","C":"/Users/artni/Documents/Dev/GophProfile/internal/app/app.go:67","M":"database connection initialized successfully"}
{"L":"DEBUG","T":"2026-09-08T00:06:51.123+0300","C":"/Users/artni/Documents/Dev/GophProfile/internal/worker/pool.go:60","M":"worker for dlq started"}
{"L":"DEBUG","T":"2026-09-08T00:06:51.123+0300","C":"/Users/artni/Documents/Dev/GophProfile/internal/worker/pool.go:128","M":"worker started","worker number":8}
{"L":"DEBUG","T":"2026-09-08T00:06:51.123+0300","C":"/Users/artni/Documents/Dev/GophProfile/internal/worker/pool.go:128","M":"worker started","worker number":1}
{"L":"DEBUG","T":"2026-09-08T00:06:51.123+0300","C":"/Users/artni/Documents/Dev/GophProfile/internal/worker/pool.go:128","M":"worker started","worker number":6}
{"L":"DEBUG","T":"2026-09-08T00:06:51.123+0300","C":"/Users/artni/Documents/Dev/GophProfile/internal/worker/pool.go:128","M":"worker started","worker number":5}
{"L":"DEBUG","T":"2026-09-08T00:06:51.123+0300","C":"/Users/artni/Documents/Dev/GophProfile/internal/worker/pool.go:128","M":"worker started","worker number":4}
{"L":"DEBUG","T":"2026-09-08T00:06:51.123+0300","C":"/Users/artni/Documents/Dev/GophProfile/internal/worker/pool.go:128","M":"worker started","worker number":10}
{"L":"DEBUG","T":"2026-09-08T00:06:51.123+0300","C":"/Users/artni/Documents/Dev/GophProfile/internal/worker/pool.go:128","M":"worker started","worker number":2}
{"L":"DEBUG","T":"2026-09-08T00:06:51.123+0300","C":"/Users/artni/Documents/Dev/GophProfile/internal/worker/pool.go:128","M":"worker started","worker number":3}
{"L":"DEBUG","T":"2026-09-08T00:06:51.123+0300","C":"/Users/artni/Documents/Dev/GophProfile/internal/worker/pool.go:128","M":"worker started","worker number":0}
{"L":"DEBUG","T":"2026-09-08T00:06:51.123+0300","C":"/Users/artni/Documents/Dev/GophProfile/internal/worker/pool.go:128","M":"worker started","worker number":7}
{"L":"DEBUG","T":"2026-09-08T00:06:51.123+0300","C":"/Users/artni/Documents/Dev/GophProfile/internal/worker/pool.go:128","M":"worker started","worker number":9}
{"L":"INFO","T":"2026-09-08T00:08:47.602+0300","C":"/Users/artni/Documents/Dev/GophProfile/cmd/server/app.go:43","M":"shutting the app down"}
{"L":"INFO","T":"2026-09-08T00:08:47.603+0300","C":"/Users/artni/Documents/Dev/GophProfile/cmd/server/app.go:51","M":"grace period has been expired - app closed forcefully"}
{"L":"INFO","T":"2026-09-08T00:08:48.871+0300","C":"/Users/artni/Documents/Dev/GophProfile/internal/app/app.go:67","M":"database connection initialized successfully"}
{"L":"DEBUG","T":"2026-09-08T00:08:48.886+0300","C":"/Users/artni/Documents/Dev/GophProfile/internal/worker/pool.go:60","M":"worker for dlq started"}
{"L":"DEBUG","T":"2026-09-08T00:08:48.886+0300","C":"/Users/artni/Documents/Dev/GophProfile/internal/worker/pool.go:128","M":"worker started","worker number":10}
{"L":"DEBUG","T":"2026-09-08T00:08:48.886+0300","C":"/Users/artni/Documents/Dev/GophProfile/internal/worker/pool.go:128","M":"worker started","worker number":3}
{"L":"DEBUG","T":"2026-09-08T00:08:48.886+0300","C":"/Users/artni/Documents/Dev/GophProfile/internal/worker/pool.go:128","M":"worker started","worker number":2}
{"L":"DEBUG","T":"2026-09-08T00:08:48.886+0300","C":"/Users/artni/Documents/Dev/GophProfile/internal/worker/pool.go:128","M":"worker started","worker number":7}
{"L":"DEBUG","T":"2026-09-08T00:08:48.886+0300","C":"/Users/artni/Documents/Dev/GophProfile/internal/worker/pool.go:128","M":"worker started","worker number":4}
{"L":"DEBUG","T":"2026-09-08T00:08:48.886+0300","C":"/Users/artni/Documents/Dev/GophProfile/internal/worker/pool.go:128","M":"worker started","worker number":0}
{"L":"DEBUG","T":"2026-09-08T00:08:48.886+0300","C":"/Users/artni/Documents/Dev/GophProfile/internal/worker/pool.go:128","M":"worker started","worker number":5}
{"L":"DEBUG","T":"2026-09-08T00:08:48.886+0300","C":"/Users/artni/Documents/Dev/GophProfile/internal/worker/pool.go:128","M":"worker started","worker number":6}
{"L":"DEBUG","T":"2026-09-08T00:08:48.886+0300","C":"/Users/artni/Documents/Dev/GophProfile/internal/worker/pool.go:128","M":"worker started","worker number":8}
{"L":"DEBUG","T":"2026-09-08T00:08:48.886+0300","C":"/Users/artni/Documents/Dev/GophProfile/internal/worker/pool.go:128","M":"worker started","worker number":1}
{"L":"DEBUG","T":"2026-09-08T00:08:48.886+0300","C":"/Users/artni/Documents/Dev/GophProfile/internal/worker/pool.go:128","M":"worker started","worker number":9}
{"L":"INFO","T":"2026-09-08T00:09:08.440+0300","C":"/Users/artni/Documents/Dev/GophProfile/cmd/server/app.go:43","M":"shutting the app down"}
{"L":"INFO","T":"2026-09-08T00:09:08.442+0300","C":"/Users/artni/Documents/Dev/GophProfile/cmd/server/app.go:51","M":"grace period has been expired - app closed forcefully"}
{"L":"INFO","T":"2026-09-08T00:09:22.495+0300","C":"/Users/artni/Documents/Dev/GophProfile/internal/app/app.go:67","M":"database connection initialized successfully"}
{"L":"DEBUG","T":"2026-09-08T00:09:22.512+0300","C":"/Users/artni/Documents/Dev/GophProfile/internal/worker/pool.go:128","M":"worker started","worker number":5}
{"L":"DEBUG","T":"2026-09-08T00:09:22.512+0300","C":"/Users/artni/Documents/Dev/GophProfile/internal/worker/pool.go:128","M":"worker started","worker number":0}
{"L":"DEBUG","T":"2026-09-08T00:09:22.512+0300","C":"/Users/artni/Documents/Dev/GophProfile/internal/worker/pool.go:60","M":"worker for dlq started"}
{"L":"DEBUG","T":"2026-09-08T00:09:22.512+0300","C":"/Users/artni/Documents/Dev/GophProfile/internal/worker/pool.go:128","M":"worker started","worker number":1}
{"L":"DEBUG","T":"2026-09-08T00:09:22.512+0300","C":"/Users/artni/Documents/Dev/GophProfile/internal/worker/pool.go:128","M":"worker started","worker number":8}
{"L":"DEBUG","T":"2026-09-08T00:09:22.512+0300","C":"/Users/artni/Documents/Dev/GophProfile/internal/worker/pool.go:128","M":"worker started","worker number":3}
{"L":"DEBUG","T":"2026-09-08T00:09:22.512+0300","C":"/Users/artni/Documents/Dev/GophProfile/internal/worker/pool.go:128","M":"worker started","worker number":6}
{"L":"DEBUG","T":"2026-09-08T00:09:22.512+0300","C":"/Users/artni/Documents/Dev/GophProfile/internal/worker/pool.go:128","M":"worker started","worker number":10}
{"L":"DEBUG","T":"2026-09-08T00:09:22.512+0300","C":"/Users/artni/Documents/Dev/GophProfile/internal/worker/pool.go:128","M":"worker started","worker number":7}
{"L":"DEBUG","T":"2026-09-08T00:09:22.512+0300","C":"/Users/artni/Documents/Dev/GophProfile/internal/worker/pool.go:128","M":"worker started","worker number":2}
{"L":"DEBUG","T":"2026-09-08T00:09:22.512+0300","C":"/Users/artni/Documents/Dev/GophProfile/internal/worker/pool.go:128","M":"worker started","worker number":9}
{"L":"DEBUG","T":"2026-09-08T00:09:22.512+0300","C":"/Users/artni/Documents/Dev/GophProfile/internal/worker/pool.go:128","M":"worker started","worker number":4}
{"L":"INFO","T":"2026-09-08T00:09:47.206+0300","C":"/Users/artni/Documents/Dev/GophProfile/cmd/server/app.go:43","M":"shutting the app down"}
{"L":"INFO","T":"2026-09-08T00:09:47.206+0300","C":"/Users/artni/Documents/Dev/GophProfile/cmd/server/app.go:51","M":"grace period has been expired - app closed forcefully"}
{"L":"INFO","T":"2026-09-08T00:09:48.357+0300","C":"/Users/artni/Documents/Dev/GophProfile/internal/app/app.go:67","M":"database connection initialized successfully"}
{"L":"DEBUG","T":"2026-09-08T00:09:48.370+0300","C":"/Users/artni/Documents/Dev/GophProfile/internal/worker/pool.go:128","M":"worker started","worker number":5}
{"L":"DEBUG","T":"2026-09-08T00:09:48.370+0300","C":"/Users/artni/Documents/Dev/GophProfile/internal/worker/pool.go:128","M":"worker started","worker number":6}
{"L":"DEBUG","T":"2026-09-08T00:09:48.370+0300","C":"/Users/artni/Documents/Dev/GophProfile/internal/worker/pool.go:60","M":"worker for dlq started"}
{"L":"DEBUG","T":"2026-09-08T00:09:48.370+0300","C":"/Users/artni/Documents/Dev/GophProfile/internal/worker/pool.go:128","M":"worker started","worker number":0}
{"L":"DEBUG","T":"2026-09-08T00:09:48.370+0300","C":"/Users/artni/Documents/Dev/GophProfile/internal/worker/pool.go:128","M":"worker started","worker number":10}
{"L":"DEBUG","T":"2026-09-08T00:09:48.370+0300","C":"/Users/artni/Documents/Dev/GophProfile/internal/worker/pool.go:128","M":"worker started","worker number":9}
{"L":"DEBUG","T":"2026-09-08T00:09:48.370+0300","C":"/Users/artni/Documents/Dev/GophProfile/internal/worker/pool.go:128","M":"worker started","worker number":8}
{"L":"DEBUG","T":"2026-09-08T00:09:48.370+0300","C":"/Users/artni/Documents/Dev/GophProfile/internal/worker/pool.go:128","M":"worker started","worker number":2}
{"L":"DEBUG","T":"2026-09-08T00:09:48.370+0300","C":"/Users/artni/Documents/Dev/GophProfile/internal/worker/pool.go:128","M":"worker started","worker number":7}
{"L":"DEBUG","T":"2026-09-08T00:09:48.370+0300","C":"/Users/artni/Documents/Dev/GophProfile/internal/worker/pool.go:128","M":"worker started","worker number":1}
{"L":"DEBUG","T":"2026-09-08T00:09:48.371+0300","C":"/Users/artni/Documents/Dev/GophProfile/internal/worker/pool.go:128","M":"worker started","worker number":3}
{"L":"DEBUG","T":"2026-09-08T00:09:48.371+0300","C":"/Users/artni/Documents/Dev/GophProfile/internal/worker/pool.go:128","M":"worker started","worker number":4}
{"L":"INFO","T":"2026-09-08T00:14:44.900+0300","C":"/Users/artni/Documents/Dev/GophProfile/cmd/server/app.go:43","M":"shutting the app down"}
{"L":"INFO","T":"2026-09-08T00:14:44.902+0300","C":"/Users/artni/Documents/Dev/GophProfile/cmd/server/app.go:51","M":"grace period has been expired - app closed forcefully"}
{"L":"INFO","T":"2026-09-08T00:23:01.401+0300","C":"/Users/artni/Documents/Dev/GophProfile/internal/app/app.go:67","M":"database connection initialized successfully"}
{"L":"DEBUG","T":"2026-09-08T00:23:01.421+0300","C":"/Users/artni/Documents/Dev/GophProfile/internal/worker/pool.go:60","M":"worker for dlq started"}
{"L":"DEBUG","T":"2026-09-08T00:23:01.421+0300","C":"/Users/artni/Documents/Dev/GophProfile/internal/worker/pool.go:128","M":"worker started","worker number":7}
{"L":"DEBUG","T":"2026-09-08T00:23:01.421+0300","C":"/Users/artni/Documents/Dev/GophProfile/internal/worker/pool.go:128","M":"worker started","worker number":5}
{"L":"DEBUG","T":"2026-09-08T00:23:01.421+0300","C":"/Users/artni/Documents/Dev/GophProfile/internal/worker/pool.go:128","M":"worker started","worker number":2}
{"L":"DEBUG","T":"2026-09-08T00:23:01.421+0300","C":"/Users/artni/Documents/Dev/GophProfile/internal/worker/pool.go:128","M":"worker started","worker number":6}
{"L":"DEBUG","T":"2026-09-08T00:23:01.421+0300","C":"/Users/artni/Documents/Dev/GophProfile/internal/worker/pool.go:128","M":"worker started","worker number":4}
{"L":"DEBUG","T":"2026-09-08T00:23:01.421+0300","C":"/Users/artni/Documents/Dev/GophProfile/internal/worker/pool.go:128","M":"worker started","worker number":10}
{"L":"DEBUG","T":"2026-09-08T00:23:01.421+0300","C":"/Users/artni/Documents/Dev/GophProfile/internal/worker/pool.go:128","M":"worker started","worker number":9}
{"L":"DEBUG","T":"2026-09-08T00:23:01.421+0300","C":"/Users/artni/Documents/Dev/GophProfile/internal/worker/pool.go:128","M":"worker started","worker number":1}
{"L":"DEBUG","T":"2026-09-08T00:23:01.421+0300","C":"/Users/artni/Documents/Dev/GophProfile/internal/worker/pool.go:128","M":"worker started","worker number":0}
{"L":"DEBUG","T":"2026-09-08T00:23:01.421+0300","C":"/Users/artni/Documents/Dev/GophProfile/internal/worker/pool.go:128","M":"worker started","worker number":8}
{"L":"DEBUG","T":"2026-09-08T00:23:01.421+0300","C":"/Users/artni/Documents/Dev/GophProfile/internal/worker/pool.go:128","M":"worker started","worker number":3}
{"L":"DEBUG","T":"2026-09-08T00:23:07.015+0300","C":"/Users/artni/Documents/Dev/GophProfile/internal/storage/s3.go:80","M":"Successfully downloaded gophprofile/user1/300x300/9794d89f-e78b-435f-bb48-c303fad67ecf (13641 bytes)\n"}
{"L":"DEBUG","T":"2026-09-08T00:23:16.785+0300","C":"/Users/artni/Documents/Dev/GophProfile/internal/storage/s3.go:80","M":"Successfully downloaded gophprofile/user1/100x100/9794d89f-e78b-435f-bb48-c303fad67ecf (2487 bytes)\n"}
{"L":"DEBUG","T":"2026-09-08T00:23:20.292+0300","C":"/Users/artni/Documents/Dev/GophProfile/internal/services/avatars/avatars.go:169","M":"failed to get metadata","avatar_id":"9794d89f-e78b-435f-bb48-c303fad67ecf","dimensions":"100x1000"}
{"L":"DEBUG","T":"2026-09-08T00:23:28.852+0300","C":"/Users/artni/Documents/Dev/GophProfile/internal/storage/s3.go:80","M":"Successfully downloaded gophprofile/user1/originals/9794d89f-e78b-435f-bb48-c303fad67ecf (27472 bytes)\n"}
{"L":"INFO","T":"2026-09-08T00:24:56.009+0300","C":"/Users/artni/Documents/Dev/GophProfile/cmd/server/app.go:43","M":"shutting the app down"}
{"L":"INFO","T":"2026-09-08T00:24:56.010+0300","C":"/Users/artni/Documents/Dev/GophProfile/cmd/server/app.go:51","M":"grace period has been expired - app closed forcefully"}
{"L":"INFO","T":"2026-09-08T00:25:16.486+0300","C":"/Users/artni/Documents/Dev/GophProfile/internal/app/app.go:67","M":"database connection initialized successfully"}
{"L":"DEBUG","T":"2026-09-08T00:25:16.497+0300","C":"/Users/artni/Documents/Dev/GophProfile/internal/worker/pool.go:128","M":"worker started","worker number":5}
{"L":"DEBUG","T":"2026-09-08T00:25:16.497+0300","C":"/Users/artni/Documents/Dev/GophProfile/internal/worker/pool.go:128","M":"worker started","worker number":4}
{"L":"DEBUG","T":"2026-09-08T00:25:16.497+0300","C":"/Users/artni/Documents/Dev/GophProfile/internal/worker/pool.go:60","M":"worker for dlq started"}
{"L":"DEBUG","T":"2026-09-08T00:25:16.497+0300","C":"/Users/artni/Documents/Dev/GophProfile/internal/worker/pool.go:128","M":"worker started","worker number":10}
{"L":"DEBUG","T":"2026-09-08T00:25:16.497+0300","C":"/Users/artni/Documents/Dev/GophProfile/internal/worker/pool.go:128","M":"worker started","worker number":8}
{"L":"DEBUG","T":"2026-09-08T00:25:16.497+0300","C":"/Users/artni/Documents/Dev/GophProfile/internal/worker/pool.go:128","M":"worker started","worker number":2}
{"L":"DEBUG","T":"2026-09-08T00:25:16.497+0300","C":"/Users/artni/Documents/Dev/GophProfile/internal/worker/pool.go:128","M":"worker started","worker number":6}
{"L":"DEBUG","T":"2026-09-08T00:25:16.497+0300","C":"/Users/artni/Documents/Dev/GophProfile/internal/worker/pool.go:128","M":"worker started","worker number":0}
{"L":"DEBUG","T":"2026-09-08T00:25:16.497+0300","C":"/Users/artni/Documents/Dev/GophProfile/internal/worker/pool.go:128","M":"worker started","worker number":1}
{"L":"DEBUG","T":"2026-09-08T00:25:16.497+0300","C":"/Users/artni/Documents/Dev/GophProfile/internal/worker/pool.go:128","M":"worker started","worker number":3}
{"L":"DEBUG","T":"2026-09-08T00:25:16.497+0300","C":"/Users/artni/Documents/Dev/GophProfile/internal/worker/pool.go:128","M":"worker started","worker number":7}
{"L":"DEBUG","T":"2026-09-08T00:25:16.497+0300","C":"/Users/artni/Documents/Dev/GophProfile/internal/worker/pool.go:128","M":"worker started","worker number":9}
{"L":"INFO","T":"2026-09-08T00:25:17.518+0300","C":"/Users/artni/Documents/Dev/GophProfile/cmd/server/app.go:43","M":"shutting the app down"}
{"L":"INFO","T":"2026-09-08T00:25:17.519+0300","C":"/Users/artni/Documents/Dev/GophProfile/cmd/server/app.go:54","M":"app closed gracefully"}
{"L":"INFO","T":"2026-09-08T07:55:45.517+0300","C":"/Users/artni/Documents/Dev/GophProfile/internal/app/app.go:67","M":"database connection initialized successfully"}
{"L":"DEBUG","T":"2026-09-08T07:55:45.542+0300","C":"/Users/artni/Documents/Dev/GophProfile/internal/worker/pool.go:128","M":"worker started","worker number":3}
{"L":"DEBUG","T":"2026-09-08T07:55:45.542+0300","C":"/Users/artni/Documents/Dev/GophProfile/internal/worker/pool.go:128","M":"worker started","worker number":0}
{"L":"DEBUG","T":"2026-09-08T07:55:45.542+0300","C":"/Users/artni/Documents/Dev/GophProfile/internal/worker/pool.go:128","M":"worker started","worker number":2}
{"L":"DEBUG","T":"2026-09-08T07:55:45.542+0300","C":"/Users/artni/Documents/Dev/GophProfile/internal/worker/pool.go:128","M":"worker started","worker number":8}
{"L":"DEBUG","T":"2026-09-08T07:55:45.542+0300","C":"/Users/artni/Documents/Dev/GophProfile/internal/worker/pool.go:128","M":"worker started","worker number":6}
{"L":"DEBUG","T":"2026-09-08T07:55:45.542+0300","C":"/Users/artni/Documents/Dev/GophProfile/internal/worker/pool.go:128","M":"worker started","worker number":1}
{"L":"DEBUG","T":"2026-09-08T07:55:45.542+0300","C":"/Users/artni/Documents/Dev/GophProfile/internal/worker/pool.go:128","M":"worker started","worker number":7}
{"L":"DEBUG","T":"2026-09-08T07:55:45.542+0300","C":"/Users/artni/Documents/Dev/GophProfile/internal/worker/pool.go:60","M":"worker for dlq started"}
{"L":"DEBUG","T":"2026-09-08T07:55:45.542+0300","C":"/Users/artni/Documents/Dev/GophProfile/internal/worker/pool.go:128","M":"worker started","worker number":4}
{"L":"DEBUG","T":"2026-09-08T07:55:45.542+0300","C":"/Users/artni/Documents/Dev/GophProfile/internal/worker/pool.go:128","M":"worker started","worker number":10}
{"L":"DEBUG","T":"2026-09-08T07:55:45.542+0300","C":"/Users/artni/Documents/Dev/GophProfile/internal/worker/pool.go:128","M":"worker started","worker number":5}
{"L":"DEBUG","T":"2026-09-08T07:55:45.542+0300","C":"/Users/artni/Documents/Dev/GophProfile/internal/worker/pool.go:128","M":"worker started","worker number":9}
{"L":"DEBUG","T":"2026-09-08T07:56:01.430+0300","C":"/Users/artni/Documents/Dev/GophProfile/internal/storage/s3.go:80","M":"Successfully downloaded gophprofile/user1/originals/9794d89f-e78b-435f-bb48-c303fad67ecf (27472 bytes)\n"}
{"L":"INFO","T":"2026-09-08T08:00:25.104+0300","C":"/Users/artni/Documents/Dev/GophProfile/cmd/server/app.go:43","M":"shutting the app down"}
{"L":"INFO","T":"2026-09-08T08:00:25.104+0300","C":"/Users/artni/Documents/Dev/GophProfile/cmd/server/app.go:51","M":"grace period has been expired - app closed forcefully"}
{"L":"INFO","T":"2026-09-08T08:00:27.321+0300","C":"/Users/artni/Documents/Dev/GophProfile/internal/app/app.go:67","M":"database connection initialized successfully"}
{"L":"DEBUG","T":"2026-09-08T08:00:27.335+0300","C":"/Users/artni/Documents/Dev/GophProfile/internal/worker/pool.go:128","M":"worker started","worker number":1}
{"L":"DEBUG","T":"2026-09-08T08:00:27.335+0300","C":"/Users/artni/Documents/Dev/GophProfile/internal/worker/pool.go:60","M":"worker for dlq started"}
{"L":"DEBUG","T":"2026-09-08T08:00:27.335+0300","C":"/Users/artni/Documents/Dev/GophProfile/internal/worker/pool.go:128","M":"worker started","worker number":10}
{"L":"DEBUG","T":"2026-09-08T08:00:27.335+0300","C":"/Users/artni/Documents/Dev/GophProfile/internal/worker/pool.go:128","M":"worker started","worker number":5}
{"L":"DEBUG","T":"2026-09-08T08:00:27.335+0300","C":"/Users/artni/Documents/Dev/GophProfile/internal/worker/pool.go:128","M":"worker started","worker number":7}
{"L":"DEBUG","T":"2026-09-08T08:00:27.335+0300","C":"/Users/artni/Documents/Dev/GophProfile/internal/worker/pool.go:128","M":"worker started","worker number":8}
{"L":"DEBUG","T":"2026-09-08T08:00:27.335+0300","C":"/Users/artni/Documents/Dev/GophProfile/internal/worker/pool.go:128","M":"worker started","worker number":4}
{"L":"DEBUG","T":"2026-09-08T08:00:27.335+0300","C":"/Users/artni/Documents/Dev/GophProfile/internal/worker/pool.go:128","M":"worker started","worker number":6}
{"L":"DEBUG","T":"2026-09-08T08:00:27.335+0300","C":"/Users/artni/Documents/Dev/GophProfile/internal/worker/pool.go:128","M":"worker started","worker number":0}
{"L":"DEBUG","T":"2026-09-08T08:00:27.335+0300","C":"/Users/artni/Documents/Dev/GophProfile/internal/worker/pool.go:128","M":"worker started","worker number":2}
{"L":"DEBUG","T":"2026-09-08T08:00:27.335+0300","C":"/Users/artni/Documents/Dev/GophProfile/internal/worker/pool.go:128","M":"worker started","worker number":3}
{"L":"DEBUG","T":"2026-09-08T08:00:27.335+0300","C":"/Users/artni/Documents/Dev/GophProfile/internal/worker/pool.go:128","M":"worker started","worker number":9}
{"L":"DEBUG","T":"2026-09-08T08:00:47.516+0300","C":"/Users/artni/Documents/Dev/GophProfile/internal/storage/s3.go:80","M":"Successfully downloaded gophprofile/user1/originals/9794d89f-e78b-435f-bb48-c303fad67ecf (27472 bytes)\n"}
{"L":"DEBUG","T":"2026-09-08T08:01:59.810+0300","C":"/Users/artni/Documents/Dev/GophProfile/internal/worker/pool.go:162","M":"broker queue is closed","worker id":1}
{"L":"DEBUG","T":"2026-09-08T08:01:59.810+0300","C":"/Users/artni/Documents/Dev/GophProfile/internal/worker/pool.go:162","M":"broker queue is closed","worker id":9}
{"L":"DEBUG","T":"2026-09-08T08:01:59.810+0300","C":"/Users/artni/Documents/Dev/GophProfile/internal/worker/pool.go:84","M":"images.dlq is closed"}
{"L":"DEBUG","T":"2026-09-08T08:01:59.810+0300","C":"/Users/artni/Documents/Dev/GophProfile/internal/worker/pool.go:162","M":"broker queue is closed","worker id":10}
{"L":"ERROR","T":"2026-09-08T08:01:59.810+0300","C":"/Users/artni/Documents/Dev/GophProfile/internal/worker/pool.go:52","M":"dlq worker failed","error":"broker queue is closed","S":"github.com/artni96/GophProfile/internal/worker.(*Pool).Launch.func2\n\t/Users/artni/Documents/Dev/GophProfile/internal/worker/pool.go:52\nsync.(*WaitGroup).Go.func1\n\t/Users/artni/go/pkg/mod/golang.org/toolchain@v0.0.1-go1.27.0.darwin-arm64/src/sync/waitgroup.go:258"}
{"L":"ERROR","T":"2026-09-08T08:01:59.810+0300","C":"/Users/artni/Documents/Dev/GophProfile/internal/worker/pool.go:44","M":"worker failed","error":"broker queue is closed","S":"github.com/artni96/GophProfile/internal/worker.(*Pool).Launch.func1\n\t/Users/artni/Documents/Dev/GophProfile/internal/worker/pool.go:44\nsync.(*WaitGroup).Go.func1\n\t/Users/artni/go/pkg/mod/golang.org/toolchain@v0.0.1-go1.27.0.darwin-arm64/src/sync/waitgroup.go:258"}
{"L":"ERROR","T":"2026-09-08T08:01:59.810+0300","C":"/Users/artni/Documents/Dev/GophProfile/internal/worker/pool.go:44","M":"worker failed","error":"broker queue is closed","S":"github.com/artni96/GophProfile/internal/worker.(*Pool).Launch.func1\n\t/Users/artni/Documents/Dev/GophProfile/internal/worker/pool.go:44\nsync.(*WaitGroup).Go.func1\n\t/Users/artni/go/pkg/mod/golang.org/toolchain@v0.0.1-go1.27.0.darwin-arm64/src/sync/waitgroup.go:258"}
{"L":"DEBUG","T":"2026-09-08T08:01:59.810+0300","C":"/Users/artni/Documents/Dev/GophProfile/internal/worker/pool.go:162","M":"broker queue is closed","worker id":8}
{"L":"DEBUG","T":"2026-09-08T08:01:59.810+0300","C":"/Users/artni/Documents/Dev/GophProfile/internal/worker/pool.go:162","M":"broker queue is closed","worker id":6}
{"L":"DEBUG","T":"2026-09-08T08:01:59.810+0300","C":"/Users/artni/Documents/Dev/GophProfile/internal/worker/pool.go:162","M":"broker queue is closed","worker id":5}
{"L":"DEBUG","T":"2026-09-08T08:01:59.810+0300","C":"/Users/artni/Documents/Dev/GophProfile/internal/worker/pool.go:162","M":"broker queue is closed","worker id":2}
{"L":"DEBUG","T":"2026-09-08T08:01:59.810+0300","C":"/Users/artni/Documents/Dev/GophProfile/internal/worker/pool.go:162","M":"broker queue is closed","worker id":4}
{"L":"ERROR","T":"2026-09-08T08:01:59.810+0300","C":"/Users/artni/Documents/Dev/GophProfile/internal/worker/pool.go:44","M":"worker failed","error":"broker queue is closed","S":"github.com/artni96/GophProfile/internal/worker.(*Pool).Launch.func1\n\t/Users/artni/Documents/Dev/GophProfile/internal/worker/pool.go:44\nsync.(*WaitGroup).Go.func1\n\t/Users/artni/go/pkg/mod/golang.org/toolchain@v0.0.1-go1.27.0.darwin-arm64/src/sync/waitgroup.go:258"}
{"L":"DEBUG","T":"2026-09-08T08:01:59.810+0300","C":"/Users/artni/Documents/Dev/GophProfile/internal/worker/pool.go:162","M":"broker queue is closed","worker id":0}
{"L":"ERROR","T":"2026-09-08T08:01:59.810+0300","C":"/Users/artni/Documents/Dev/GophProfile/internal/worker/pool.go:44","M":"worker failed","error":"broker queue is closed","S":"github.com/artni96/GophProfile/internal/worker.(*Pool).Launch.func1\n\t/Users/artni/Documents/Dev/GophProfile/internal/worker/pool.go:44\nsync.(*WaitGroup).Go.func1\n\t/Users/artni/go/pkg/mod/golang.org/toolchain@v0.0.1-go1.27.0.darwin-arm64/src/sync/waitgroup.go:258"}
{"L":"ERROR","T":"2026-09-08T08:01:59.810+0300","C":"/Users/artni/Documents/Dev/GophProfile/internal/worker/pool.go:44","M":"worker failed","error":"broker queue is closed","S":"github.com/artni96/GophProfile/internal/worker.(*Pool).Launch.func1\n\t/Users/artni/Documents/Dev/GophProfile/internal/worker/pool.go:44\nsync.(*WaitGroup).Go.func1\n\t/Users/artni/go/pkg/mod/golang.org/toolchain@v0.0.1-go1.27.0.darwin-arm64/src/sync/waitgroup.go:258"}
{"L":"DEBUG","T":"2026-09-08T08:01:59.810+0300","C":"/Users/artni/Documents/Dev/GophProfile/internal/worker/pool.go:162","M":"broker queue is closed","worker id":3}
{"L":"ERROR","T":"2026-09-08T08:01:59.810+0300","C":"/Users/artni/Documents/Dev/GophProfile/internal/worker/pool.go:44","M":"worker failed","error":"broker queue is closed","S":"github.com/artni96/GophProfile/internal/worker.(*Pool).Launch.func1\n\t/Users/artni/Documents/Dev/GophProfile/internal/worker/pool.go:44\nsync.(*WaitGroup).Go.func1\n\t/Users/artni/go/pkg/mod/golang.org/toolchain@v0.0.1-go1.27.0.darwin-arm64/src/sync/waitgroup.go:258"}
{"L":"ERROR","T":"2026-09-08T08:01:59.810+0300","C":"/Users/artni/Documents/Dev/GophProfile/internal/worker/pool.go:44","M":"worker failed","error":"broker queue is closed","S":"github.com/artni96/GophProfile/internal/worker.(*Pool).Launch.func1\n\t/Users/artni/Documents/Dev/GophProfile/internal/worker/pool.go:44\nsync.(*WaitGroup).Go.func1\n\t/Users/artni/go/pkg/mod/golang.org/toolchain@v0.0.1-go1.27.0.darwin-arm64/src/sync/waitgroup.go:258"}
{"L":"ERROR","T":"2026-09-08T08:01:59.810+0300","C":"/Users/artni/Documents/Dev/GophProfile/internal/worker/pool.go:44","M":"worker failed","error":"broker queue is closed","S":"github.com/artni96/GophProfile/internal/worker.(*Pool).Launch.func1\n\t/Users/artni/Documents/Dev/GophProfile/internal/worker/pool.go:44\nsync.(*WaitGroup).Go.func1\n\t/Users/artni/go/pkg/mod/golang.org/toolchain@v0.0.1-go1.27.0.darwin-arm64/src/sync/waitgroup.go:258"}
{"L":"ERROR","T":"2026-09-08T08:01:59.810+0300","C":"/Users/artni/Documents/Dev/GophProfile/internal/worker/pool.go:44","M":"worker failed","error":"broker queue is closed","S":"github.com/artni96/GophProfile/internal/worker.(*Pool).Launch.func1\n\t/Users/artni/Documents/Dev/GophProfile/internal/worker/pool.go:44\nsync.(*WaitGroup).Go.func1\n\t/Users/artni/go/pkg/mod/golang.org/toolchain@v0.0.1-go1.27.0.darwin-arm64/src/sync/waitgroup.go:258"}
{"L":"ERROR","T":"2026-09-08T08:01:59.810+0300","C":"/Users/artni/Documents/Dev/GophProfile/internal/worker/pool.go:44","M":"worker failed","error":"broker queue is closed","S":"github.com/artni96/GophProfile/internal/worker.(*Pool).Launch.func1\n\t/Users/artni/Documents/Dev/GophProfile/internal/worker/pool.go:44\nsync.(*WaitGroup).Go.func1\n\t/Users/artni/go/pkg/mod/golang.org/toolchain@v0.0.1-go1.27.0.darwin-arm64/src/sync/waitgroup.go:258"}
{"L":"DEBUG","T":"2026-09-08T08:01:59.810+0300","C":"/Users/artni/Documents/Dev/GophProfile/internal/worker/pool.go:162","M":"broker queue is closed","worker id":7}
{"L":"ERROR","T":"2026-09-08T08:01:59.810+0300","C":"/Users/artni/Documents/Dev/GophProfile/internal/worker/pool.go:44","M":"worker failed","error":"broker queue is closed","S":"github.com/artni96/GophProfile/internal/worker.(*Pool).Launch.func1\n\t/Users/artni/Documents/Dev/GophProfile/internal/worker/pool.go:44\nsync.(*WaitGroup).Go.func1\n\t/Users/artni/go/pkg/mod/golang.org/toolchain@v0.0.1-go1.27.0.darwin-arm64/src/sync/waitgroup.go:258"}
{"L":"INFO","T":"2026-09-08T08:01:59.813+0300","C":"/Users/artni/Documents/Dev/GophProfile/cmd/server/app.go:43","M":"shutting the app down"}
{"L":"INFO","T":"2026-09-08T08:01:59.813+0300","C":"/Users/artni/Documents/Dev/GophProfile/cmd/server/app.go:51","M":"grace period has been expired - app closed forcefully"}
{"L":"INFO","T":"2026-09-08T08:02:27.504+0300","C":"/Users/artni/Documents/Dev/GophProfile/internal/app/app.go:67","M":"database connection initialized successfully"}
{"L":"DEBUG","T":"2026-09-08T08:02:27.518+0300","C":"/Users/artni/Documents/Dev/GophProfile/internal/worker/pool.go:60","M":"worker for dlq started"}
{"L":"DEBUG","T":"2026-09-08T08:02:27.518+0300","C":"/Users/artni/Documents/Dev/GophProfile/internal/worker/pool.go:128","M":"worker started","worker number":5}
{"L":"DEBUG","T":"2026-09-08T08:02:27.518+0300","C":"/Users/artni/Documents/Dev/GophProfile/internal/worker/pool.go:128","M":"worker started","worker number":6}
{"L":"DEBUG","T":"2026-09-08T08:02:27.518+0300","C":"/Users/artni/Documents/Dev/GophProfile/internal/worker/pool.go:128","M":"worker started","worker number":7}
{"L":"DEBUG","T":"2026-09-08T08:02:27.518+0300","C":"/Users/artni/Documents/Dev/GophProfile/internal/worker/pool.go:128","M":"worker started","worker number":10}
{"L":"DEBUG","T":"2026-09-08T08:02:27.518+0300","C":"/Users/artni/Documents/Dev/GophProfile/internal/worker/pool.go:128","M":"worker started","worker number":8}
{"L":"DEBUG","T":"2026-09-08T08:02:27.518+0300","C":"/Users/artni/Documents/Dev/GophProfile/internal/worker/pool.go:128","M":"worker started","worker number":2}
{"L":"DEBUG","T":"2026-09-08T08:02:27.518+0300","C":"/Users/artni/Documents/Dev/GophProfile/internal/worker/pool.go:128","M":"worker started","worker number":0}
{"L":"DEBUG","T":"2026-09-08T08:02:27.518+0300","C":"/Users/artni/Documents/Dev/GophProfile/internal/worker/pool.go:128","M":"worker started","worker number":1}
{"L":"DEBUG","T":"2026-09-08T08:02:27.518+0300","C":"/Users/artni/Documents/Dev/GophProfile/internal/worker/pool.go:128","M":"worker started","worker number":3}
{"L":"DEBUG","T":"2026-09-08T08:02:27.518+0300","C":"/Users/artni/Documents/Dev/GophProfile/internal/worker/pool.go:128","M":"worker started","worker number":4}
{"L":"DEBUG","T":"2026-09-08T08:02:27.518+0300","C":"/Users/artni/Documents/Dev/GophProfile/internal/worker/pool.go:128","M":"worker started","worker number":9}
{"L":"DEBUG","T":"2026-09-08T08:02:28.486+0300","C":"/Users/artni/Documents/Dev/GophProfile/internal/storage/s3.go:80","M":"Successfully downloaded gophprofile/user1/originals/9794d89f-e78b-435f-bb48-c303fad67ecf (27472 bytes)\n"}
{"L":"INFO","T":"2026-09-08T08:10:28.307+0300","C":"/Users/artni/Documents/Dev/GophProfile/cmd/server/app.go:43","M":"shutting the app down"}
{"L":"INFO","T":"2026-09-08T08:10:28.308+0300","C":"/Users/artni/Documents/Dev/GophProfile/cmd/server/app.go:51","M":"grace period has been expired - app closed forcefully"}
{"L":"INFO","T":"2026-09-08T08:10:31.769+0300","C":"/Users/artni/Documents/Dev/GophProfile/internal/app/app.go:67","M":"database connection initialized successfully"}
{"L":"DEBUG","T":"2026-09-08T08:10:31.790+0300","C":"/Users/artni/Documents/Dev/GophProfile/internal/worker/pool.go:60","M":"worker for dlq started"}
{"L":"DEBUG","T":"2026-09-08T08:10:31.790+0300","C":"/Users/artni/Documents/Dev/GophProfile/internal/worker/pool.go:128","M":"worker started","worker number":9}
{"L":"DEBUG","T":"2026-09-08T08:10:31.790+0300","C":"/Users/artni/Documents/Dev/GophProfile/internal/worker/pool.go:128","M":"worker started","worker number":10}
{"L":"DEBUG","T":"2026-09-08T08:10:31.790+0300","C":"/Users/artni/Documents/Dev/GophProfile/internal/worker/pool.go:128","M":"worker started","worker number":3}
{"L":"DEBUG","T":"2026-09-08T08:10:31.790+0300","C":"/Users/artni/Documents/Dev/GophProfile/internal/worker/pool.go:128","M":"worker started","worker number":0}
{"L":"DEBUG","T":"2026-09-08T08:10:31.790+0300","C":"/Users/artni/Documents/Dev/GophProfile/internal/worker/pool.go:128","M":"worker started","worker number":1}
{"L":"DEBUG","T":"2026-09-08T08:10:31.790+0300","C":"/Users/artni/Documents/Dev/GophProfile/internal/worker/pool.go:128","M":"worker started","worker number":6}
{"L":"DEBUG","T":"2026-09-08T08:10:31.790+0300","C":"/Users/artni/Documents/Dev/GophProfile/internal/worker/pool.go:128","M":"worker started","worker number":5}
{"L":"DEBUG","T":"2026-09-08T08:10:31.790+0300","C":"/Users/artni/Documents/Dev/GophProfile/internal/worker/pool.go:128","M":"worker started","worker number":8}
{"L":"DEBUG","T":"2026-09-08T08:10:31.790+0300","C":"/Users/artni/Documents/Dev/GophProfile/internal/worker/pool.go:128","M":"worker started","worker number":7}
{"L":"DEBUG","T":"2026-09-08T08:10:31.790+0300","C":"/Users/artni/Documents/Dev/GophProfile/internal/worker/pool.go:128","M":"worker started","worker number":4}
{"L":"DEBUG","T":"2026-09-08T08:10:31.790+0300","C":"/Users/artni/Documents/Dev/GophProfile/internal/worker/pool.go:128","M":"worker started","worker number":2}
{"L":"DEBUG","T":"2026-09-08T08:10:44.300+0300","C":"/Users/artni/Documents/Dev/GophProfile/internal/storage/s3.go:80","M":"Successfully downloaded gophprofile/user1/originals/9794d89f-e78b-435f-bb48-c303fad67ecf (27472 bytes)\n"}
{"L":"DEBUG","T":"2026-09-08T08:14:21.358+0300","C":"/Users/artni/Documents/Dev/GophProfile/internal/storage/s3.go:80","M":"Successfully downloaded gophprofile/user1/100x100/9794d89f-e78b-435f-bb48-c303fad67ecf (2487 bytes)\n"}
{"L":"INFO","T":"2026-09-08T08:17:45.396+0300","C":"/Users/artni/Documents/Dev/GophProfile/cmd/server/app.go:43","M":"shutting the app down"}
{"L":"INFO","T":"2026-09-08T08:17:45.396+0300","C":"/Users/artni/Documents/Dev/GophProfile/cmd/server/app.go:51","M":"grace period has been expired - app closed forcefully"}
{"L":"INFO","T":"2026-09-08T08:17:48.577+0300","C":"/Users/artni/Documents/Dev/GophProfile/internal/app/app.go:67","M":"database connection initialized successfully"}
{"L":"DEBUG","T":"2026-09-08T08:17:48.599+0300","C":"/Users/artni/Documents/Dev/GophProfile/internal/worker/pool.go:128","M":"worker started","worker number":9}
{"L":"DEBUG","T":"2026-09-08T08:17:48.599+0300","C":"/Users/artni/Documents/Dev/GophProfile/internal/worker/pool.go:128","M":"worker started","worker number":10}
{"L":"DEBUG","T":"2026-09-08T08:17:48.599+0300","C":"/Users/artni/Documents/Dev/GophProfile/internal/worker/pool.go:128","M":"worker started","worker number":1}
{"L":"DEBUG","T":"2026-09-08T08:17:48.599+0300","C":"/Users/artni/Documents/Dev/GophProfile/internal/worker/pool.go:128","M":"worker started","worker number":5}
{"L":"DEBUG","T":"2026-09-08T08:17:48.599+0300","C":"/Users/artni/Documents/Dev/GophProfile/internal/worker/pool.go:128","M":"worker started","worker number":3}
{"L":"DEBUG","T":"2026-09-08T08:17:48.599+0300","C":"/Users/artni/Documents/Dev/GophProfile/internal/worker/pool.go:128","M":"worker started","worker number":2}
{"L":"DEBUG","T":"2026-09-08T08:17:48.599+0300","C":"/Users/artni/Documents/Dev/GophProfile/internal/worker/pool.go:60","M":"worker for dlq started"}
{"L":"DEBUG","T":"2026-09-08T08:17:48.599+0300","C":"/Users/artni/Documents/Dev/GophProfile/internal/worker/pool.go:128","M":"worker started","worker number":4}
{"L":"DEBUG","T":"2026-09-08T08:17:48.599+0300","C":"/Users/artni/Documents/Dev/GophProfile/internal/worker/pool.go:128","M":"worker started","worker number":7}
{"L":"DEBUG","T":"2026-09-08T08:17:48.599+0300","C":"/Users/artni/Documents/Dev/GophProfile/internal/worker/pool.go:128","M":"worker started","worker number":8}
{"L":"DEBUG","T":"2026-09-08T08:17:48.599+0300","C":"/Users/artni/Documents/Dev/GophProfile/internal/worker/pool.go:128","M":"worker started","worker number":0}
{"L":"DEBUG","T":"2026-09-08T08:17:48.599+0300","C":"/Users/artni/Documents/Dev/GophProfile/internal/worker/pool.go:128","M":"worker started","worker number":6}
{"L":"DEBUG","T":"2026-09-08T08:17:49.121+0300","C":"/Users/artni/Documents/Dev/GophProfile/internal/storage/s3.go:80","M":"Successfully downloaded gophprofile/user1/100x100/9794d89f-e78b-435f-bb48-c303fad67ecf (2487 bytes)\n"}
{"L":"DEBUG","T":"2026-09-08T08:18:00.350+0300","C":"/Users/artni/Documents/Dev/GophProfile/internal/storage/s3.go:80","M":"Successfully downloaded gophprofile/user1/300x300/9794d89f-e78b-435f-bb48-c303fad67ecf (13641 bytes)\n"}
{"L":"DEBUG","T":"2026-09-08T08:18:08.013+0300","C":"/Users/artni/Documents/Dev/GophProfile/internal/storage/s3.go:80","M":"Successfully downloaded gophprofile/user1/originals/9794d89f-e78b-435f-bb48-c303fad67ecf (27472 bytes)\n"}
{"L":"DEBUG","T":"2026-09-08T08:18:11.787+0300","C":"/Users/artni/Documents/Dev/GophProfile/internal/storage/s3.go:80","M":"Successfully downloaded gophprofile/user1/originals/9794d89f-e78b-435f-bb48-c303fad67ecf (27472 bytes)\n"}
{"L":"INFO","T":"2026-09-08T08:19:33.444+0300","C":"/Users/artni/Documents/Dev/GophProfile/cmd/server/app.go:43","M":"shutting the app down"}
{"L":"INFO","T":"2026-09-08T08:19:33.444+0300","C":"/Users/artni/Documents/Dev/GophProfile/cmd/server/app.go:51","M":"grace period has been expired - app closed forcefully"}
{"L":"INFO","T":"2026-09-08T08:19:35.707+0300","C":"/Users/artni/Documents/Dev/GophProfile/internal/app/app.go:67","M":"database connection initialized successfully"}
{"L":"DEBUG","T":"2026-09-08T08:19:35.725+0300","C":"/Users/artni/Documents/Dev/GophProfile/internal/worker/pool.go:128","M":"worker started","worker number":1}
{"L":"DEBUG","T":"2026-09-08T08:19:35.725+0300","C":"/Users/artni/Documents/Dev/GophProfile/internal/worker/pool.go:128","M":"worker started","worker number":4}
{"L":"DEBUG","T":"2026-09-08T08:19:35.725+0300","C":"/Users/artni/Documents/Dev/GophProfile/internal/worker/pool.go:128","M":"worker started","worker number":0}
{"L":"DEBUG","T":"2026-09-08T08:19:35.725+0300","C":"/Users/artni/Documents/Dev/GophProfile/internal/worker/pool.go:128","M":"worker started","worker number":7}
{"L":"DEBUG","T":"2026-09-08T08:19:35.725+0300","C":"/Users/artni/Documents/Dev/GophProfile/internal/worker/pool.go:60","M":"worker for dlq started"}
{"L":"DEBUG","T":"2026-09-08T08:19:35.725+0300","C":"/Users/artni/Documents/Dev/GophProfile/internal/worker/pool.go:128","M":"worker started","worker number":3}
{"L":"DEBUG","T":"2026-09-08T08:19:35.725+0300","C":"/Users/artni/Documents/Dev/GophProfile/internal/worker/pool.go:128","M":"worker started","worker number":10}
{"L":"DEBUG","T":"2026-09-08T08:19:35.725+0300","C":"/Users/artni/Documents/Dev/GophProfile/internal/worker/pool.go:128","M":"worker started","worker number":9}
{"L":"DEBUG","T":"2026-09-08T08:19:35.725+0300","C":"/Users/artni/Documents/Dev/GophProfile/internal/worker/pool.go:128","M":"worker started","worker number":8}
{"L":"DEBUG","T":"2026-09-08T08:19:35.725+0300","C":"/Users/artni/Documents/Dev/GophProfile/internal/worker/pool.go:128","M":"worker started","worker number":6}
{"L":"DEBUG","T":"2026-09-08T08:19:35.725+0300","C":"/Users/artni/Documents/Dev/GophProfile/internal/worker/pool.go:128","M":"worker started","worker number":2}
{"L":"DEBUG","T":"2026-09-08T08:19:35.725+0300","C":"/Users/artni/Documents/Dev/GophProfile/internal/worker/pool.go:128","M":"worker started","worker number":5}
{"L":"DEBUG","T":"2026-09-08T08:19:38.872+0300","C":"/Users/artni/Documents/Dev/GophProfile/internal/storage/s3.go:80","M":"Successfully downloaded gophprofile/user1/originals/9794d89f-e78b-435f-bb48-c303fad67ecf (27472 bytes)\n"}
{"L":"DEBUG","T":"2026-09-08T08:19:39.815+0300","C":"/Users/artni/Documents/Dev/GophProfile/internal/storage/s3.go:80","M":"Successfully downloaded gophprofile/user1/originals/9794d89f-e78b-435f-bb48-c303fad67ecf (27472 bytes)\n"}
{"L":"INFO","T":"2026-09-08T08:20:51.418+0300","C":"/Users/artni/Documents/Dev/GophProfile/cmd/server/app.go:43","M":"shutting the app down"}
{"L":"INFO","T":"2026-09-08T08:20:51.419+0300","C":"/Users/artni/Documents/Dev/GophProfile/cmd/server/app.go:51","M":"grace period has been expired - app closed forcefully"}
{"L":"INFO","T":"2026-09-08T08:20:52.896+0300","C":"/Users/artni/Documents/Dev/GophProfile/internal/app/app.go:67","M":"database connection initialized successfully"}
{"L":"DEBUG","T":"2026-09-08T08:20:52.912+0300","C":"/Users/artni/Documents/Dev/GophProfile/internal/worker/pool.go:60","M":"worker for dlq started"}
{"L":"DEBUG","T":"2026-09-08T08:20:52.912+0300","C":"/Users/artni/Documents/Dev/GophProfile/internal/worker/pool.go:128","M":"worker started","worker number":4}
{"L":"DEBUG","T":"2026-09-08T08:20:52.912+0300","C":"/Users/artni/Documents/Dev/GophProfile/internal/worker/pool.go:128","M":"worker started","worker number":7}
{"L":"DEBUG","T":"2026-09-08T08:20:52.912+0300","C":"/Users/artni/Documents/Dev/GophProfile/internal/worker/pool.go:128","M":"worker started","worker number":5}
{"L":"DEBUG","T":"2026-09-08T08:20:52.912+0300","C":"/Users/artni/Documents/Dev/GophProfile/internal/worker/pool.go:128","M":"worker started","worker number":2}
{"L":"DEBUG","T":"2026-09-08T08:20:52.912+0300","C":"/Users/artni/Documents/Dev/GophProfile/internal/worker/pool.go:128","M":"worker started","worker number":3}
{"L":"DEBUG","T":"2026-09-08T08:20:52.912+0300","C":"/Users/artni/Documents/Dev/GophProfile/internal/worker/pool.go:128","M":"worker started","worker number":0}
{"L":"DEBUG","T":"2026-09-08T08:20:52.912+0300","C":"/Users/artni/Documents/Dev/GophProfile/internal/worker/pool.go:128","M":"worker started","worker number":6}
{"L":"DEBUG","T":"2026-09-08T08:20:52.912+0300","C":"/Users/artni/Documents/Dev/GophProfile/internal/worker/pool.go:128","M":"worker started","worker number":1}
{"L":"DEBUG","T":"2026-09-08T08:20:52.912+0300","C":"/Users/artni/Documents/Dev/GophProfile/internal/worker/pool.go:128","M":"worker started","worker number":8}
{"L":"DEBUG","T":"2026-09-08T08:20:52.912+0300","C":"/Users/artni/Documents/Dev/GophProfile/internal/worker/pool.go:128","M":"worker started","worker number":10}
{"L":"DEBUG","T":"2026-09-08T08:20:52.912+0300","C":"/Users/artni/Documents/Dev/GophProfile/internal/worker/pool.go:128","M":"worker started","worker number":9}
{"L":"DEBUG","T":"2026-09-08T08:20:54.311+0300","C":"/Users/artni/Documents/Dev/GophProfile/internal/storage/s3.go:80","M":"Successfully downloaded gophprofile/user1/originals/9794d89f-e78b-435f-bb48-c303fad67ecf (27472 bytes)\n"}
{"L":"INFO","T":"2026-09-08T08:29:54.408+0300","C":"/Users/artni/Documents/Dev/GophProfile/cmd/server/app.go:43","M":"shutting the app down"}
{"L":"INFO","T":"2026-09-08T08:29:54.409+0300","C":"/Users/artni/Documents/Dev/GophProfile/cmd/server/app.go:51","M":"grace period has been expired - app closed forcefully"}
{"L":"INFO","T":"2026-09-08T08:36:38.290+0300","C":"/Users/artni/Documents/Dev/GophProfile/internal/app/app.go:67","M":"database connection initialized successfully"}
{"L":"DEBUG","T":"2026-09-08T08:36:38.308+0300","C":"/Users/artni/Documents/Dev/GophProfile/internal/worker/pool.go:60","M":"worker for dlq started"}
{"L":"DEBUG","T":"2026-09-08T08:36:38.308+0300","C":"/Users/artni/Documents/Dev/GophProfile/internal/worker/pool.go:128","M":"worker started","worker number":10}
{"L":"DEBUG","T":"2026-09-08T08:36:38.308+0300","C":"/Users/artni/Documents/Dev/GophProfile/internal/worker/pool.go:128","M":"worker started","worker number":3}
{"L":"DEBUG","T":"2026-09-08T08:36:38.308+0300","C":"/Users/artni/Documents/Dev/GophProfile/internal/worker/pool.go:128","M":"worker started","worker number":0}
{"L":"DEBUG","T":"2026-09-08T08:36:38.308+0300","C":"/Users/artni/Documents/Dev/GophProfile/internal/worker/pool.go:128","M":"worker started","worker number":8}
{"L":"DEBUG","T":"2026-09-08T08:36:38.308+0300","C":"/Users/artni/Documents/Dev/GophProfile/internal/worker/pool.go:128","M":"worker started","worker number":1}
{"L":"DEBUG","T":"2026-09-08T08:36:38.308+0300","C":"/Users/artni/Documents/Dev/GophProfile/internal/worker/pool.go:128","M":"worker started","worker number":6}
{"L":"DEBUG","T":"2026-09-08T08:36:38.308+0300","C":"/Users/artni/Documents/Dev/GophProfile/internal/worker/pool.go:128","M":"worker started","worker number":9}
{"L":"DEBUG","T":"2026-09-08T08:36:38.308+0300","C":"/Users/artni/Documents/Dev/GophProfile/internal/worker/pool.go:128","M":"worker started","worker number":7}
{"L":"DEBUG","T":"2026-09-08T08:36:38.308+0300","C":"/Users/artni/Documents/Dev/GophProfile/internal/worker/pool.go:128","M":"worker started","worker number":4}
{"L":"DEBUG","T":"2026-09-08T08:36:38.308+0300","C":"/Users/artni/Documents/Dev/GophProfile/internal/worker/pool.go:128","M":"worker started","worker number":5}
{"L":"DEBUG","T":"2026-09-08T08:36:38.308+0300","C":"/Users/artni/Documents/Dev/GophProfile/internal/worker/pool.go:128","M":"worker started","worker number":2}
{"L":"DEBUG","T":"2026-09-08T08:36:41.515+0300","C":"/Users/artni/Documents/Dev/GophProfile/internal/storage/s3.go:80","M":"Successfully downloaded gophprofile/user1/originals/9794d89f-e78b-435f-bb48-c303fad67ecf (27472 bytes)\n"}
{"L":"DEBUG","T":"2026-09-08T08:37:06.671+0300","C":"/Users/artni/Documents/Dev/GophProfile/internal/storage/s3.go:80","M":"Successfully downloaded gophprofile/user1/100x100/9794d89f-e78b-435f-bb48-c303fad67ecf (2487 bytes)\n"}
{"L":"INFO","T":"2026-09-08T08:37:10.931+0300","C":"/Users/artni/Documents/Dev/GophProfile/cmd/server/app.go:43","M":"shutting the app down"}
{"L":"INFO","T":"2026-09-08T08:37:10.931+0300","C":"/Users/artni/Documents/Dev/GophProfile/cmd/server/app.go:51","M":"grace period has been expired - app closed forcefully"}
{"L":"INFO","T":"2026-09-08T08:37:13.301+0300","C":"/Users/artni/Documents/Dev/GophProfile/internal/app/app.go:67","M":"database connection initialized successfully"}
{"L":"DEBUG","T":"2026-09-08T08:37:13.316+0300","C":"/Users/artni/Documents/Dev/GophProfile/internal/worker/pool.go:128","M":"worker started","worker number":10}
{"L":"DEBUG","T":"2026-09-08T08:37:13.316+0300","C":"/Users/artni/Documents/Dev/GophProfile/internal/worker/pool.go:128","M":"worker started","worker number":6}
{"L":"DEBUG","T":"2026-09-08T08:37:13.316+0300","C":"/Users/artni/Documents/Dev/GophProfile/internal/worker/pool.go:60","M":"worker for dlq started"}
{"L":"DEBUG","T":"2026-09-08T08:37:13.316+0300","C":"/Users/artni/Documents/Dev/GophProfile/internal/worker/pool.go:128","M":"worker started","worker number":9}
{"L":"DEBUG","T":"2026-09-08T08:37:13.316+0300","C":"/Users/artni/Documents/Dev/GophProfile/internal/worker/pool.go:128","M":"worker started","worker number":4}
{"L":"DEBUG","T":"2026-09-08T08:37:13.316+0300","C":"/Users/artni/Documents/Dev/GophProfile/internal/worker/pool.go:128","M":"worker started","worker number":3}
{"L":"DEBUG","T":"2026-09-08T08:37:13.316+0300","C":"/Users/artni/Documents/Dev/GophProfile/internal/worker/pool.go:128","M":"worker started","worker number":2}
{"L":"DEBUG","T":"2026-09-08T08:37:13.316+0300","C":"/Users/artni/Documents/Dev/GophProfile/internal/worker/pool.go:128","M":"worker started","worker number":0}
{"L":"DEBUG","T":"2026-09-08T08:37:13.316+0300","C":"/Users/artni/Documents/Dev/GophProfile/internal/worker/pool.go:128","M":"worker started","worker number":7}
{"L":"DEBUG","T":"2026-09-08T08:37:13.316+0300","C":"/Users/artni/Documents/Dev/GophProfile/internal/worker/pool.go:128","M":"worker started","worker number":8}
{"L":"DEBUG","T":"2026-09-08T08:37:13.316+0300","C":"/Users/artni/Documents/Dev/GophProfile/internal/worker/pool.go:128","M":"worker started","worker number":1}
{"L":"DEBUG","T":"2026-09-08T08:37:13.316+0300","C":"/Users/artni/Documents/Dev/GophProfile/internal/worker/pool.go:128","M":"worker started","worker number":5}
{"L":"DEBUG","T":"2026-09-08T08:37:27.858+0300","C":"/Users/artni/Documents/Dev/GophProfile/internal/storage/s3.go:80","M":"Successfully downloaded gophprofile/user1/100x100/9794d89f-e78b-435f-bb48-c303fad67ecf (2487 bytes)\n"}
{"L":"INFO","T":"2026-09-08T08:37:43.040+0300","C":"/Users/artni/Documents/Dev/GophProfile/cmd/server/app.go:43","M":"shutting the app down"}
{"L":"INFO","T":"2026-09-08T08:37:43.040+0300","C":"/Users/artni/Documents/Dev/GophProfile/cmd/server/app.go:51","M":"grace period has been expired - app closed forcefully"}
{"L":"INFO","T":"2026-09-08T08:37:44.412+0300","C":"/Users/artni/Documents/Dev/GophProfile/internal/app/app.go:67","M":"database connection initialized successfully"}
{"L":"DEBUG","T":"2026-09-08T08:37:44.428+0300","C":"/Users/artni/Documents/Dev/GophProfile/internal/worker/pool.go:60","M":"worker for dlq started"}
{"L":"DEBUG","T":"2026-09-08T08:37:44.428+0300","C":"/Users/artni/Documents/Dev/GophProfile/internal/worker/pool.go:128","M":"worker started","worker number":2}
{"L":"DEBUG","T":"2026-09-08T08:37:44.428+0300","C":"/Users/artni/Documents/Dev/GophProfile/internal/worker/pool.go:128","M":"worker started","worker number":1}
{"L":"DEBUG","T":"2026-09-08T08:37:44.428+0300","C":"/Users/artni/Documents/Dev/GophProfile/internal/worker/pool.go:128","M":"worker started","worker number":3}
{"L":"DEBUG","T":"2026-09-08T08:37:44.428+0300","C":"/Users/artni/Documents/Dev/GophProfile/internal/worker/pool.go:128","M":"worker started","worker number":4}
{"L":"DEBUG","T":"2026-09-08T08:37:44.428+0300","C":"/Users/artni/Documents/Dev/GophProfile/internal/worker/pool.go:128","M":"worker started","worker number":7}
{"L":"DEBUG","T":"2026-09-08T08:37:44.428+0300","C":"/Users/artni/Documents/Dev/GophProfile/internal/worker/pool.go:128","M":"worker started","worker number":10}
{"L":"DEBUG","T":"2026-09-08T08:37:44.428+0300","C":"/Users/artni/Documents/Dev/GophProfile/internal/worker/pool.go:128","M":"worker started","worker number":9}
{"L":"DEBUG","T":"2026-09-08T08:37:44.428+0300","C":"/Users/artni/Documents/Dev/GophProfile/internal/worker/pool.go:128","M":"worker started","worker number":5}
{"L":"DEBUG","T":"2026-09-08T08:37:44.428+0300","C":"/Users/artni/Documents/Dev/GophProfile/internal/worker/pool.go:128","M":"worker started","worker number":8}
{"L":"DEBUG","T":"2026-09-08T08:37:44.428+0300","C":"/Users/artni/Documents/Dev/GophProfile/internal/worker/pool.go:128","M":"worker started","worker number":0}
{"L":"DEBUG","T":"2026-09-08T08:37:44.428+0300","C":"/Users/artni/Documents/Dev/GophProfile/internal/worker/pool.go:128","M":"worker started","worker number":6}
{"L":"DEBUG","T":"2026-09-08T08:37:45.887+0300","C":"/Users/artni/Documents/Dev/GophProfile/internal/storage/s3.go:80","M":"Successfully downloaded gophprofile/user1/100x100/9794d89f-e78b-435f-bb48-c303fad67ecf (2487 bytes)\n"}
{"L":"DEBUG","T":"2026-09-08T08:38:08.715+0300","C":"/Users/artni/Documents/Dev/GophProfile/internal/storage/s3.go:80","M":"Successfully downloaded gophprofile/user1/100x100/9794d89f-e78b-435f-bb48-c303fad67ecf (2487 bytes)\n"}
{"L":"DEBUG","T":"2026-09-08T08:38:15.951+0300","C":"/Users/artni/Documents/Dev/GophProfile/internal/storage/s3.go:80","M":"Successfully downloaded gophprofile/user1/300x300/9794d89f-e78b-435f-bb48-c303fad67ecf (13641 bytes)\n"}
{"L":"INFO","T":"2026-09-08T08:42:28.965+0300","C":"/Users/artni/Documents/Dev/GophProfile/cmd/server/app.go:43","M":"shutting the app down"}
{"L":"INFO","T":"2026-09-08T08:42:28.966+0300","C":"/Users/artni/Documents/Dev/GophProfile/cmd/server/app.go:51","M":"grace period has been expired - app closed forcefully"}
{"L":"INFO","T":"2026-09-08T08:42:31.178+0300","C":"/Users/artni/Documents/Dev/GophProfile/internal/app/app.go:67","M":"database connection initialized successfully"}
{"L":"DEBUG","T":"2026-09-08T08:42:31.192+0300","C":"/Users/artni/Documents/Dev/GophProfile/internal/worker/pool.go:128","M":"worker started","worker number":5}
{"L":"DEBUG","T":"2026-09-08T08:42:31.192+0300","C":"/Users/artni/Documents/Dev/GophProfile/internal/worker/pool.go:128","M":"worker started","worker number":2}
{"L":"DEBUG","T":"2026-09-08T08:42:31.192+0300","C":"/Users/artni/Documents/Dev/GophProfile/internal/worker/pool.go:128","M":"worker started","worker number":0}
{"L":"DEBUG","T":"2026-09-08T08:42:31.192+0300","C":"/Users/artni/Documents/Dev/GophProfile/internal/worker/pool.go:128","M":"worker started","worker number":6}
{"L":"DEBUG","T":"2026-09-08T08:42:31.192+0300","C":"/Users/artni/Documents/Dev/GophProfile/internal/worker/pool.go:60","M":"worker for dlq started"}
{"L":"DEBUG","T":"2026-09-08T08:42:31.192+0300","C":"/Users/artni/Documents/Dev/GophProfile/internal/worker/pool.go:128","M":"worker started","worker number":9}
{"L":"DEBUG","T":"2026-09-08T08:42:31.192+0300","C":"/Users/artni/Documents/Dev/GophProfile/internal/worker/pool.go:128","M":"worker started","worker number":10}
{"L":"DEBUG","T":"2026-09-08T08:42:31.192+0300","C":"/Users/artni/Documents/Dev/GophProfile/internal/worker/pool.go:128","M":"worker started","worker number":4}
{"L":"DEBUG","T":"2026-09-08T08:42:31.192+0300","C":"/Users/artni/Documents/Dev/GophProfile/internal/worker/pool.go:128","M":"worker started","worker number":3}
{"L":"DEBUG","T":"2026-09-08T08:42:31.192+0300","C":"/Users/artni/Documents/Dev/GophProfile/internal/worker/pool.go:128","M":"worker started","worker number":1}
{"L":"DEBUG","T":"2026-09-08T08:42:31.192+0300","C":"/Users/artni/Documents/Dev/GophProfile/internal/worker/pool.go:128","M":"worker started","worker number":8}
{"L":"DEBUG","T":"2026-09-08T08:42:31.192+0300","C":"/Users/artni/Documents/Dev/GophProfile/internal/worker/pool.go:128","M":"worker started","worker number":7}
{"L":"INFO","T":"2026-09-08T08:43:35.933+0300","C":"/Users/artni/Documents/Dev/GophProfile/cmd/server/app.go:43","M":"shutting the app down"}
{"L":"INFO","T":"2026-09-08T08:43:35.935+0300","C":"/Users/artni/Documents/Dev/GophProfile/cmd/server/app.go:51","M":"grace period has been expired - app closed forcefully"}
{"L":"INFO","T":"2026-09-08T08:43:37.538+0300","C":"/Users/artni/Documents/Dev/GophProfile/internal/app/app.go:67","M":"database connection initialized successfully"}
{"L":"DEBUG","T":"2026-09-08T08:43:37.556+0300","C":"/Users/artni/Documents/Dev/GophProfile/internal/worker/pool.go:60","M":"worker for dlq started"}
{"L":"DEBUG","T":"2026-09-08T08:43:37.556+0300","C":"/Users/artni/Documents/Dev/GophProfile/internal/worker/pool.go:128","M":"worker started","worker number":3}
{"L":"DEBUG","T":"2026-09-08T08:43:37.556+0300","C":"/Users/artni/Documents/Dev/GophProfile/internal/worker/pool.go:128","M":"worker started","worker number":0}
{"L":"DEBUG","T":"2026-09-08T08:43:37.556+0300","C":"/Users/artni/Documents/Dev/GophProfile/internal/worker/pool.go:128","M":"worker started","worker number":7}
{"L":"DEBUG","T":"2026-09-08T08:43:37.556+0300","C":"/Users/artni/Documents/Dev/GophProfile/internal/worker/pool.go:128","M":"worker started","worker number":4}
{"L":"DEBUG","T":"2026-09-08T08:43:37.556+0300","C":"/Users/artni/Documents/Dev/GophProfile/internal/worker/pool.go:128","M":"worker started","worker number":1}
{"L":"DEBUG","T":"2026-09-08T08:43:37.556+0300","C":"/Users/artni/Documents/Dev/GophProfile/internal/worker/pool.go:128","M":"worker started","worker number":8}
{"L":"DEBUG","T":"2026-09-08T08:43:37.556+0300","C":"/Users/artni/Documents/Dev/GophProfile/internal/worker/pool.go:128","M":"worker started","worker number":10}
{"L":"DEBUG","T":"2026-09-08T08:43:37.556+0300","C":"/Users/artni/Documents/Dev/GophProfile/internal/worker/pool.go:128","M":"worker started","worker number":5}
{"L":"DEBUG","T":"2026-09-08T08:43:37.556+0300","C":"/Users/artni/Documents/Dev/GophProfile/internal/worker/pool.go:128","M":"worker started","worker number":9}
{"L":"DEBUG","T":"2026-09-08T08:43:37.556+0300","C":"/Users/artni/Documents/Dev/GophProfile/internal/worker/pool.go:128","M":"worker started","worker number":2}
{"L":"DEBUG","T":"2026-09-08T08:43:37.556+0300","C":"/Users/artni/Documents/Dev/GophProfile/internal/worker/pool.go:128","M":"worker started","worker number":6}
{"L":"INFO","T":"2026-09-08T08:49:44.672+0300","C":"/Users/artni/Documents/Dev/GophProfile/cmd/server/app.go:43","M":"shutting the app down"}
{"L":"INFO","T":"2026-09-08T08:49:44.674+0300","C":"/Users/artni/Documents/Dev/GophProfile/cmd/server/app.go:51","M":"grace period has been expired - app closed forcefully"}
{"L":"INFO","T":"2026-09-08T08:50:43.106+0300","C":"/Users/artni/Documents/Dev/GophProfile/internal/app/app.go:67","M":"database connection initialized successfully"}
{"L":"DEBUG","T":"2026-09-08T08:50:43.123+0300","C":"/Users/artni/Documents/Dev/GophProfile/internal/worker/pool.go:60","M":"worker for dlq started"}
{"L":"DEBUG","T":"2026-09-08T08:50:43.123+0300","C":"/Users/artni/Documents/Dev/GophProfile/internal/worker/pool.go:128","M":"worker started","worker number":9}
{"L":"DEBUG","T":"2026-09-08T08:50:43.123+0300","C":"/Users/artni/Documents/Dev/GophProfile/internal/worker/pool.go:128","M":"worker started","worker number":2}
{"L":"DEBUG","T":"2026-09-08T08:50:43.123+0300","C":"/Users/artni/Documents/Dev/GophProfile/internal/worker/pool.go:128","M":"worker started","worker number":8}
{"L":"DEBUG","T":"2026-09-08T08:50:43.123+0300","C":"/Users/artni/Documents/Dev/GophProfile/internal/worker/pool.go:128","M":"worker started","worker number":1}
{"L":"DEBUG","T":"2026-09-08T08:50:43.123+0300","C":"/Users/artni/Documents/Dev/GophProfile/internal/worker/pool.go:128","M":"worker started","worker number":6}
{"L":"DEBUG","T":"2026-09-08T08:50:43.123+0300","C":"/Users/artni/Documents/Dev/GophProfile/internal/worker/pool.go:128","M":"worker started","worker number":5}
{"L":"DEBUG","T":"2026-09-08T08:50:43.123+0300","C":"/Users/artni/Documents/Dev/GophProfile/internal/worker/pool.go:128","M":"worker started","worker number":10}
{"L":"DEBUG","T":"2026-09-08T08:50:43.123+0300","C":"/Users/artni/Documents/Dev/GophProfile/internal/worker/pool.go:128","M":"worker started","worker number":3}
{"L":"DEBUG","T":"2026-09-08T08:50:43.123+0300","C":"/Users/artni/Documents/Dev/GophProfile/internal/worker/pool.go:128","M":"worker started","worker number":4}
{"L":"DEBUG","T":"2026-09-08T08:50:43.123+0300","C":"/Users/artni/Documents/Dev/GophProfile/internal/worker/pool.go:128","M":"worker started","worker number":0}
{"L":"DEBUG","T":"2026-09-08T08:50:43.123+0300","C":"/Users/artni/Documents/Dev/GophProfile/internal/worker/pool.go:128","M":"worker started","worker number":7}
{"L":"INFO","T":"2026-09-08T09:35:38.559+0300","C":"/Users/artni/Documents/Dev/GophProfile/cmd/server/app.go:43","M":"shutting the app down"}
{"L":"INFO","T":"2026-09-08T09:35:38.573+0300","C":"/Users/artni/Documents/Dev/GophProfile/cmd/server/app.go:51","M":"grace period has been expired - app closed forcefully"}
{"L":"INFO","T":"2026-09-08T09:35:41.617+0300","C":"/Users/artni/Documents/Dev/GophProfile/internal/app/app.go:67","M":"database connection initialized successfully"}
{"L":"DEBUG","T":"2026-09-08T09:35:41.634+0300","C":"/Users/artni/Documents/Dev/GophProfile/internal/worker/pool.go:128","M":"worker started","worker number":0}
{"L":"DEBUG","T":"2026-09-08T09:35:41.634+0300","C":"/Users/artni/Documents/Dev/GophProfile/internal/worker/pool.go:128","M":"worker started","worker number":4}
{"L":"DEBUG","T":"2026-09-08T09:35:41.634+0300","C":"/Users/artni/Documents/Dev/GophProfile/internal/worker/pool.go:60","M":"worker for dlq started"}
{"L":"DEBUG","T":"2026-09-08T09:35:41.634+0300","C":"/Users/artni/Documents/Dev/GophProfile/internal/worker/pool.go:128","M":"worker started","worker number":5}
{"L":"DEBUG","T":"2026-09-08T09:35:41.634+0300","C":"/Users/artni/Documents/Dev/GophProfile/internal/worker/pool.go:128","M":"worker started","worker number":7}
{"L":"DEBUG","T":"2026-09-08T09:35:41.634+0300","C":"/Users/artni/Documents/Dev/GophProfile/internal/worker/pool.go:128","M":"worker started","worker number":10}
{"L":"DEBUG","T":"2026-09-08T09:35:41.634+0300","C":"/Users/artni/Documents/Dev/GophProfile/internal/worker/pool.go:128","M":"worker started","worker number":2}
{"L":"DEBUG","T":"2026-09-08T09:35:41.634+0300","C":"/Users/artni/Documents/Dev/GophProfile/internal/worker/pool.go:128","M":"worker started","worker number":1}
{"L":"DEBUG","T":"2026-09-08T09:35:41.634+0300","C":"/Users/artni/Documents/Dev/GophProfile/internal/worker/pool.go:128","M":"worker started","worker number":3}
{"L":"DEBUG","T":"2026-09-08T09:35:41.634+0300","C":"/Users/artni/Documents/Dev/GophProfile/internal/worker/pool.go:128","M":"worker started","worker number":9}
{"L":"DEBUG","T":"2026-09-08T09:35:41.634+0300","C":"/Users/artni/Documents/Dev/GophProfile/internal/worker/pool.go:128","M":"worker started","worker number":6}
{"L":"DEBUG","T":"2026-09-08T09:35:41.634+0300","C":"/Users/artni/Documents/Dev/GophProfile/internal/worker/pool.go:128","M":"worker started","worker number":8}
{"L":"INFO","T":"2026-09-08T09:35:43.227+0300","C":"/Users/artni/Documents/Dev/GophProfile/cmd/server/app.go:43","M":"shutting the app down"}
{"L":"INFO","T":"2026-09-08T09:35:43.227+0300","C":"/Users/artni/Documents/Dev/GophProfile/cmd/server/app.go:54","M":"app closed gracefully"}
{"L":"INFO","T":"2026-09-08T09:39:50.397+0300","C":"/Users/artni/Documents/Dev/GophProfile/internal/app/app.go:67","M":"database connection initialized successfully"}
{"L":"DEBUG","T":"2026-09-08T09:39:50.415+0300","C":"/Users/artni/Documents/Dev/GophProfile/internal/worker/pool.go:128","M":"worker started","worker number":2}
{"L":"DEBUG","T":"2026-09-08T09:39:50.415+0300","C":"/Users/artni/Documents/Dev/GophProfile/internal/worker/pool.go:128","M":"worker started","worker number":7}
{"L":"DEBUG","T":"2026-09-08T09:39:50.415+0300","C":"/Users/artni/Documents/Dev/GophProfile/internal/worker/pool.go:128","M":"worker started","worker number":1}
{"L":"DEBUG","T":"2026-09-08T09:39:50.415+0300","C":"/Users/artni/Documents/Dev/GophProfile/internal/worker/pool.go:128","M":"worker started","worker number":9}
{"L":"DEBUG","T":"2026-09-08T09:39:50.415+0300","C":"/Users/artni/Documents/Dev/GophProfile/internal/worker/pool.go:128","M":"worker started","worker number":8}
{"L":"DEBUG","T":"2026-09-08T09:39:50.415+0300","C":"/Users/artni/Documents/Dev/GophProfile/internal/worker/pool.go:128","M":"worker started","worker number":0}
{"L":"DEBUG","T":"2026-09-08T09:39:50.415+0300","C":"/Users/artni/Documents/Dev/GophProfile/internal/worker/pool.go:128","M":"worker started","worker number":6}
{"L":"DEBUG","T":"2026-09-08T09:39:50.415+0300","C":"/Users/artni/Documents/Dev/GophProfile/internal/worker/pool.go:128","M":"worker started","worker number":10}
{"L":"DEBUG","T":"2026-09-08T09:39:50.415+0300","C":"/Users/artni/Documents/Dev/GophProfile/internal/worker/pool.go:128","M":"worker started","worker number":5}
{"L":"DEBUG","T":"2026-09-08T09:39:50.415+0300","C":"/Users/artni/Documents/Dev/GophProfile/internal/worker/pool.go:128","M":"worker started","worker number":3}
{"L":"DEBUG","T":"2026-09-08T09:39:50.415+0300","C":"/Users/artni/Documents/Dev/GophProfile/internal/worker/pool.go:128","M":"worker started","worker number":4}
{"L":"DEBUG","T":"2026-09-08T09:39:50.415+0300","C":"/Users/artni/Documents/Dev/GophProfile/internal/worker/pool.go:60","M":"worker for dlq started"}
{"L":"DEBUG","T":"2026-09-08T09:40:06.435+0300","C":"/Users/artni/Documents/Dev/GophProfile/internal/storage/s3.go:58","M":"Successfully uploaded to gophprofile/user1/originals/d882d148-d005-41c3-82f6-17baea6f892d"}
{"L":"DEBUG","T":"2026-09-08T09:40:06.444+0300","C":"/Users/artni/Documents/Dev/GophProfile/internal/worker/rabbitmq.go:141","M":"message has been delivered to broker successfully"}
{"L":"DEBUG","T":"2026-09-08T09:40:06.452+0300","C":"/Users/artni/Documents/Dev/GophProfile/internal/storage/s3.go:58","M":"Successfully uploaded to gophprofile/user1/100x100/d882d148-d005-41c3-82f6-17baea6f892d"}
{"L":"DEBUG","T":"2026-09-08T09:40:06.465+0300","C":"/Users/artni/Documents/Dev/GophProfile/internal/storage/s3.go:58","M":"Successfully uploaded to gophprofile/user1/300x300/d882d148-d005-41c3-82f6-17baea6f892d"}
{"L":"DEBUG","T":"2026-09-08T09:40:06.467+0300","C":"/Users/artni/Documents/Dev/GophProfile/internal/worker/pool.go:208","M":"worker process ack done","worker id":9,"message id":"6fad3b67-ed93-4215-8572-3ad77ca9be76"}
{"L":"INFO","T":"2026-09-08T09:41:59.402+0300","C":"/Users/artni/Documents/Dev/GophProfile/cmd/server/app.go:43","M":"shutting the app down"}
{"L":"INFO","T":"2026-09-08T09:41:59.402+0300","C":"/Users/artni/Documents/Dev/GophProfile/cmd/server/app.go:51","M":"grace period has been expired - app closed forcefully"}
{"L":"INFO","T":"2026-09-08T09:42:03.765+0300","C":"/Users/artni/Documents/Dev/GophProfile/internal/app/app.go:67","M":"database connection initialized successfully"}
{"L":"DEBUG","T":"2026-09-08T09:42:03.781+0300","C":"/Users/artni/Documents/Dev/GophProfile/internal/worker/pool.go:60","M":"worker for dlq started"}
{"L":"DEBUG","T":"2026-09-08T09:42:03.781+0300","C":"/Users/artni/Documents/Dev/GophProfile/internal/worker/pool.go:128","M":"worker started","worker number":1}
{"L":"DEBUG","T":"2026-09-08T09:42:03.781+0300","C":"/Users/artni/Documents/Dev/GophProfile/internal/worker/pool.go:128","M":"worker started","worker number":2}
{"L":"DEBUG","T":"2026-09-08T09:42:03.781+0300","C":"/Users/artni/Documents/Dev/GophProfile/internal/worker/pool.go:128","M":"worker started","worker number":5}
{"L":"DEBUG","T":"2026-09-08T09:42:03.781+0300","C":"/Users/artni/Documents/Dev/GophProfile/internal/worker/pool.go:128","M":"worker started","worker number":3}
{"L":"DEBUG","T":"2026-09-08T09:42:03.781+0300","C":"/Users/artni/Documents/Dev/GophProfile/internal/worker/pool.go:128","M":"worker started","worker number":7}
{"L":"DEBUG","T":"2026-09-08T09:42:03.781+0300","C":"/Users/artni/Documents/Dev/GophProfile/internal/worker/pool.go:128","M":"worker started","worker number":8}
{"L":"DEBUG","T":"2026-09-08T09:42:03.781+0300","C":"/Users/artni/Documents/Dev/GophProfile/internal/worker/pool.go:128","M":"worker started","worker number":10}
{"L":"DEBUG","T":"2026-09-08T09:42:03.781+0300","C":"/Users/artni/Documents/Dev/GophProfile/internal/worker/pool.go:128","M":"worker started","worker number":4}
{"L":"DEBUG","T":"2026-09-08T09:42:03.781+0300","C":"/Users/artni/Documents/Dev/GophProfile/internal/worker/pool.go:128","M":"worker started","worker number":0}
{"L":"DEBUG","T":"2026-09-08T09:42:03.781+0300","C":"/Users/artni/Documents/Dev/GophProfile/internal/worker/pool.go:128","M":"worker started","worker number":6}
{"L":"DEBUG","T":"2026-09-08T09:42:03.781+0300","C":"/Users/artni/Documents/Dev/GophProfile/internal/worker/pool.go:128","M":"worker started","worker number":9}
{"L":"INFO","T":"2026-09-08T09:52:54.516+0300","C":"/Users/artni/Documents/Dev/GophProfile/cmd/server/app.go:43","M":"shutting the app down"}
{"L":"INFO","T":"2026-09-08T09:52:54.517+0300","C":"/Users/artni/Documents/Dev/GophProfile/cmd/server/app.go:51","M":"grace period has been expired - app closed forcefully"}
{"L":"INFO","T":"2026-09-08T09:52:57.018+0300","C":"/Users/artni/Documents/Dev/GophProfile/internal/app/app.go:67","M":"database connection initialized successfully"}
{"L":"INFO","T":"2026-09-08T09:53:41.036+0300","C":"/Users/artni/Documents/Dev/GophProfile/internal/app/app.go:67","M":"database connection initialized successfully"}
{"L":"DEBUG","T":"2026-09-08T09:53:41.054+0300","C":"/Users/artni/Documents/Dev/GophProfile/internal/worker/pool.go:63","M":"worker for dlq started"}
{"L":"DEBUG","T":"2026-09-08T09:53:41.054+0300","C":"/Users/artni/Documents/Dev/GophProfile/internal/worker/pool.go:131","M":"worker started","worker number":2}
{"L":"DEBUG","T":"2026-09-08T09:53:41.054+0300","C":"/Users/artni/Documents/Dev/GophProfile/internal/worker/pool.go:131","M":"worker started","worker number":5}
{"L":"DEBUG","T":"2026-09-08T09:53:41.054+0300","C":"/Users/artni/Documents/Dev/GophProfile/internal/worker/pool.go:131","M":"worker started","worker number":10}
{"L":"DEBUG","T":"2026-09-08T09:53:41.054+0300","C":"/Users/artni/Documents/Dev/GophProfile/internal/worker/pool.go:131","M":"worker started","worker number":3}
{"L":"DEBUG","T":"2026-09-08T09:53:41.054+0300","C":"/Users/artni/Documents/Dev/GophProfile/internal/worker/pool.go:131","M":"worker started","worker number":0}
{"L":"DEBUG","T":"2026-09-08T09:53:41.054+0300","C":"/Users/artni/Documents/Dev/GophProfile/internal/worker/pool.go:131","M":"worker started","worker number":6}
{"L":"DEBUG","T":"2026-09-08T09:53:41.054+0300","C":"/Users/artni/Documents/Dev/GophProfile/internal/worker/pool.go:131","M":"worker started","worker number":7}
{"L":"DEBUG","T":"2026-09-08T09:53:41.054+0300","C":"/Users/artni/Documents/Dev/GophProfile/internal/worker/pool.go:131","M":"worker started","worker number":1}
{"L":"DEBUG","T":"2026-09-08T09:53:41.054+0300","C":"/Users/artni/Documents/Dev/GophProfile/internal/worker/pool.go:131","M":"worker started","worker number":9}
{"L":"DEBUG","T":"2026-09-08T09:53:41.054+0300","C":"/Users/artni/Documents/Dev/GophProfile/internal/worker/pool.go:131","M":"worker started","worker number":4}
{"L":"DEBUG","T":"2026-09-08T09:53:41.054+0300","C":"/Users/artni/Documents/Dev/GophProfile/internal/worker/pool.go:131","M":"worker started","worker number":8}
{"L":"DEBUG","T":"2026-09-08T09:53:52.455+0300","C":"/Users/artni/Documents/Dev/GophProfile/internal/storage/s3.go:58","M":"Successfully uploaded to gophprofile/user1/originals/8461f4aa-dab5-43ae-ade9-784bdb530de6"}
{"L":"DEBUG","T":"2026-09-08T09:53:52.463+0300","C":"/Users/artni/Documents/Dev/GophProfile/internal/broker/rabbitmq.go:141","M":"message has been delivered to broker successfully"}
{"L":"DEBUG","T":"2026-09-08T09:53:52.470+0300","C":"/Users/artni/Documents/Dev/GophProfile/internal/storage/s3.go:58","M":"Successfully uploaded to gophprofile/user1/100x100/8461f4aa-dab5-43ae-ade9-784bdb530de6"}
{"L":"DEBUG","T":"2026-09-08T09:53:52.482+0300","C":"/Users/artni/Documents/Dev/GophProfile/internal/storage/s3.go:58","M":"Successfully uploaded to gophprofile/user1/300x300/8461f4aa-dab5-43ae-ade9-784bdb530de6"}
{"L":"DEBUG","T":"2026-09-08T09:53:52.484+0300","C":"/Users/artni/Documents/Dev/GophProfile/internal/worker/pool.go:211","M":"worker process ack done","worker id":5,"message id":"f29bc139-59d3-4bf9-9575-8f62dad9d6c0"}
{"L":"INFO","T":"2026-09-08T09:54:14.100+0300","C":"/Users/artni/Documents/Dev/GophProfile/cmd/server/app.go:43","M":"shutting the app down"}
{"L":"INFO","T":"2026-09-08T09:54:14.100+0300","C":"/Users/artni/Documents/Dev/GophProfile/cmd/server/app.go:51","M":"grace period has been expired - app closed forcefully"}
